symbol,date,kind,node_low,node_high,poc,atr,level_of,ruled_by,side,context_px,entry,stop
AAPL,1998-04-01,S1_contraction,0.8249910756892869,0.8523410568107133,0.8386660662500001,0.039071401602037696,range_poc,spec,long,0.8635999999999999,0.8249910756892869,0.8181535804089303
AAPL,1998-04-02,S1_contraction,0.8251310711861946,0.8522010613138056,0.8386660662500001,0.03867141446801583,range_poc,spec,long,0.8577,0.8251310711861946,0.8183635736542918
AAPL,1998-04-13,S1_contraction,0.834748739990909,0.8605885480713746,0.8476686440311418,0.0369140115435223,range_poc,spec,long,0.8304000000000001,0.834748739990909,0.8282887879707926
AAPL,1998-04-27,S1_contraction,0.8332777577913604,0.8570349245900155,0.8451563411906879,0.033938809712364404,range_poc,spec,long,0.8715,0.8332777577913604,0.8273384660916966
AAPL,1998-04-28,S1_contraction,0.8330249104338515,0.8572877719475244,0.8451563411906879,0.034661230733818445,range_poc,spec,long,0.8461000000000001,0.8330249104338515,0.8269591950554334
AAPL,1998-05-13,S1_contraction,0.913940759943181,0.9379283695293466,0.9259345647362638,0.03426801369452223,range_poc,spec,long,0.956,0.913940759943181,0.9079438575466396
AAPL,1998-05-14,S1_contraction,0.9139619644714981,0.9379071650010294,0.9259345647362638,0.03420742932790193,range_poc,spec,long,0.9439999999999998,0.9139619644714981,0.9079756643391153
AAPL,1998-05-15,S1_contraction,0.9137560227665839,0.9381131067059437,0.9259345647362638,0.034795834199085586,range_poc,spec,long,0.9283,0.9137560227665839,0.9076667517817438
AAPL,1998-06-26,S1_contraction,0.8487952644933532,0.8722721989107165,0.8605337317020348,0.033538477739090376,range_poc,spec,long,0.8853,0.8487952644933532,0.8429260308890123
AAPL,1998-07-30,S1_contraction,1.1377377846332295,1.167877763142085,1.1528077738876572,0.043057112155508004,range_poc,spec,long,1.1463,1.1377377846332295,1.1302027900060156
AAPL,1998-08-05,S1_contraction,1.1038480455407522,1.1382098164415488,1.1210289309911505,0.04908824414399514,range_poc,spec,long,1.1306,1.1038480455407522,1.0952576028155532
AAPL,1998-09-18,S1_contraction,1.1441173834042442,1.198381275561118,1.1712493294826811,0.07751984593839131,range_poc,spec,long,1.1540999999999997,1.1441173834042442,1.1305514103650256
AAPL,1998-09-24,S1_contraction,1.13806658014796,1.190688751010523,1.1643776655792415,0.07517452980366178,range_poc,spec,long,1.2091,1.13806658014796,1.124911037432319
AAPL,1998-09-25,S1_contraction,1.1379969339625469,1.1907583971959361,1.1643776655792415,0.07537351890484173,range_poc,spec,long,1.217,1.1379969339625469,1.1248065681541997
AAPL,1998-09-30,S1_contraction,1.172399935979796,1.2250720342130819,1.198735985096439,0.07524585461897956,range_poc,spec,long,1.1975,1.172399935979796,1.1592319114214746
AAPL,1998-10-26,S1_contraction,1.129040169985388,1.177308444492984,1.153174307239186,0.06895467786799427,range_poc,spec,long,1.1758,1.129040169985388,1.116973101358489
AAPL,1998-10-28,S1_contraction,1.1283294304056737,1.1780191840726983,1.153174307239186,0.07098536238146361,range_poc,spec,long,1.156,1.1283294304056737,1.1159069919889175
AAPL,1998-11-19,S1_contraction,1.1452290959355784,1.189673469471561,1.1674512827035697,0.06349196219426098,range_poc,spec,long,1.1227,1.1452290959355784,1.134118002551583
AAPL,1998-11-20,S1_contraction,1.1483530593530094,1.1909653340326423,1.1696591966928258,0.06087467811376151,range_poc,spec,long,1.1088999999999998,1.1483530593530094,1.1376999906831011
AAPL,1998-11-23,S1_contraction,1.1489717451489618,1.1903466482366898,1.1696591966928258,0.05910700441104023,range_poc,spec,long,1.1384,1.1489717451489618,1.13862801937703
AAPL,1999-01-26,S1_contraction,1.2494713439490757,1.297301142669801,1.2733862433094383,0.06832828388675048,range_poc,spec,long,1.2719,1.2494713439490757,1.2375138942688944
AAPL,1999-02-03,S1_contraction,1.2464661027221708,1.2944285671377924,1.2704473349299816,0.06851780630803095,range_poc,spec,long,1.2622,1.2464661027221708,1.2344754866182654
AAPL,1999-02-11,S1_contraction,1.247746937335413,1.297221565376005,1.272484251355709,0.07067804005798858,range_poc,spec,long,1.2446,1.247746937335413,1.235378280325265
AAPL,1999-03-11,S1_contraction,1.0450210012833607,1.084511076228091,1.0647660387557258,0.05641439277818617,range_poc,spec,long,1.0109,1.0450210012833607,1.0351484825471782
AAPL,1999-03-12,S1_contraction,1.0449519949806598,1.0845800825307919,1.0647660387557258,0.05661155364304598,range_poc,spec,long,1.0423,1.0449519949806598,1.0350449730931268
AAPL,1999-03-17,S1_contraction,1.045507446385441,1.08535809709508,1.0654327717402605,0.05692950101376977,range_poc,spec,long,1.0697,1.045507446385441,1.0355447837080312
AAPL,1999-03-19,S1_contraction,1.0436991241627285,1.0838277619797243,1.0637634430712264,0.057326625452851214,range_poc,spec,long,1.0521,1.0436991241627285,1.0336669647084795
AAPL,1999-03-23,S1_contraction,1.0437027056143935,1.0838241805280593,1.0637634430712264,0.057316392733808244,range_poc,spec,long,1.0364,1.0437027056143935,1.033672336885977
AAPL,1999-04-22,S1_contraction,1.1133568981740372,1.1508692955199293,1.1321130968469832,0.05358913906556006,range_poc,spec,long,1.1425,1.1133568981740372,1.1039787988375642
AAPL,1999-05-18,S1_contraction,1.4109152602905293,1.4618075625046933,1.4363614113976113,0.07270328887737697,range_poc,spec,long,1.4211,1.4109152602905293,1.3981921847369883
AAPL,1999-06-23,S1_contraction,1.3732762325722052,1.4133457597675663,1.3933109961698857,0.05724218170765891,range_poc,spec,long,1.3721,1.3732762325722052,1.363258850773365
AAPL,1999-07-15,S3_rejection,1.5712955790844048,1.614233901170979,1.5927647401276919,0.0613404601236777,rejection_origin,spec,long,1.6723,1.5712955790844048,1.560560998562761
AAPL,1999-07-23,S1_contraction,1.6666805751532114,1.714863411700614,1.6907719934269128,0.06883262363914647,range_poc,spec,long,1.6741999999999997,1.6666805751532114,1.6546348660163608
AAPL,1999-07-27,S1_contraction,1.6431873984745329,1.6926013659730017,1.6678943822237673,0.07059138214066989,range_poc,spec,long,1.6862,1.6431873984745329,1.6308339065999156
AAPL,1999-07-29,S1_contraction,1.642865655534472,1.6929231089130625,1.6678943822237673,0.07151064768370095,range_poc,spec,long,1.6921,1.642865655534472,1.6303512921898244
AAPL,1999-08-04,S1_contraction,1.6656326422308496,1.718673751607828,1.6921531969193389,0.07577301339568329,range_poc,spec,long,1.6899000000000002,1.6656326422308496,1.652372364886605
AAPL,1999-10-12,S1_contraction,2.122956118677705,2.209026900780328,2.1659915097290163,0.12295826014660387,range_poc,spec,long,2.1258,2.122956118677705,2.1014384231520493
AAPL,1999-10-14,S1_contraction,2.1320200924379744,2.22370516890528,2.177862630671627,0.13097868066757923,range_poc,spec,long,2.2986,2.1320200924379744,2.109098823321148
AAPL,1999-10-15,S1_contraction,2.131635390953995,2.224089870389259,2.177862630671627,0.1320778277646632,range_poc,spec,long,2.3416,2.131635390953995,2.1085217710951794
AAPL,1999-12-29,S1_contraction,3.136537967444976,3.2565140064752716,3.1965259869601237,0.17139434147185062,range_poc,spec,long,3.1621999999999995,3.136537967444976,3.1065439576874017
AAPL,2000-01-31,S1_contraction,3.05295129075805,3.213592466116526,3.133271878437288,0.2294873933692524,range_poc,spec,long,3.3214000000000006,3.05295129075805,3.0127909969184308
AAPL,2000-02-16,S1_contraction,3.556967954914643,3.7180209332065446,3.637494444060594,0.23007568327414463,range_poc,spec,long,3.6533,3.556967954914643,3.516704710341668
AAPL,2000-02-28,S1_contraction,3.577732184210005,3.7260974691523434,3.6519148266811743,0.21195040706048346,range_poc,spec,long,3.6255,3.577732184210005,3.5406408629744206
AAPL,2000-03-14,S1_contraction,3.5631261808001504,3.7136346333340597,3.638380407067105,0.21501207504844214,range_poc,spec,long,3.6575000000000006,3.5631261808001504,3.525499067666673
AAPL,2000-04-04,S1_contraction,3.811493373004649,4.001232802939836,3.9063630879722426,0.2710563284788392,range_poc,spec,long,4.0756,3.811493373004649,3.764058515520852
AAPL,2000-04-26,S1_contraction,3.726838149685361,3.934564511539558,3.8307013306124595,0.2967519455059969,range_poc,spec,long,3.8835,3.726838149685361,3.6749065592218115
AAPL,2000-05-03,S1_contraction,3.872453569917071,4.080344450544102,3.9763990102305864,0.29698697232432913,range_poc,spec,long,3.6834,3.872453569917071,3.8204808497603135
AAPL,2000-06-01,S1_contraction,2.7484038891822697,2.903018964606269,2.8257114268942694,0.2208786791771413,range_poc,spec,long,2.853,2.7484038891822697,2.70975012032627
AAPL,2000-06-01,S4_failed_break,2.733866150325771,2.88848122574977,2.8111736880377705,0.2208786791771413,range_poc,spec,long,2.853,2.733866150325771,2.695212381469771
AAPL,2000-07-07,S1_contraction,3.3806877282863934,3.5335648293740394,3.4571262788302164,0.21839585869663689,range_poc,spec,long,3.4856000000000003,3.3806877282863934,3.342468453014482
AAPL,2000-07-19,S1_contraction,3.3732393889702,3.5259905884470406,3.4496149887086203,0.21821599925262897,range_poc,spec,long,3.3735,3.3732393889702,3.3350515891009898
AAPL,2000-09-15,S1_contraction,3.7208670428434325,3.836274478745455,3.7785707607944437,0.16486776557431768,range_poc,spec,long,3.5361999999999996,3.7208670428434325,3.6920151838679267
AAPL,2000-09-19,S1_contraction,3.7201350766449237,3.8370064449439636,3.7785707607944437,0.16695909757005717,range_poc,spec,long,3.8377,3.7201350766449237,3.690917234570164
AAPL,2000-10-13,S1_contraction,1.3975082438024167,1.579081105142941,1.4882946744726788,0.2593898019150348,range_poc,spec,long,1.4124,1.3975082438024167,1.3521150284672856
AAPL,2000-11-08,S1_contraction,1.194326281902785,1.3178434302804263,1.2560848560916056,0.17645306911091652,range_poc,spec,long,1.2844,1.194326281902785,1.1634469948083745
AAPL,2000-11-20,S1_contraction,1.237616892694506,1.3040060090444427,1.2708114508694743,0.09484159478562425,range_poc,spec,long,1.2126999999999997,1.237616892694506,1.2210196136070217
AAPL,2000-11-21,S1_contraction,1.2385057759813882,1.3031171257575604,1.2708114508694743,0.09230192825167458,range_poc,spec,long,1.2042999999999997,1.2385057759813882,1.222352938537345
AAPL,2000-12-19,S1_contraction,0.9307725798923862,0.9802954768802353,0.9555340283863107,0.07074699569692745,range_poc,spec,long,0.8963999999999999,0.9307725798923862,0.9183918556454238
AAPL,2000-12-20,S1_contraction,0.9104285235520216,0.959951423966341,0.9351899737591813,0.07074700059188493,range_poc,spec,long,0.9206999999999999,0.9104285235520216,0.8980477984484418
AAPL,2000-12-20,S4_failed_break,0.9139771834749653,0.9635000838892847,0.938738633682125,0.07074700059188493,range_poc,spec,long,0.9206999999999999,0.9139771834749653,0.9015964583713854
AAPL,2000-12-22,S1_contraction,0.9109817251100853,0.9589960009125682,0.9349888630113268,0.06859182257497559,range_poc,spec,long,0.9603999999999999,0.9109817251100853,0.8989781561594646
AAPL,2001-02-13,S1_contraction,1.2859964962939174,1.345680671432218,1.3158385838630677,0.08526310734042922,range_poc,spec,long,1.2242,1.2859964962939174,1.2710754525093422
AAPL,2001-02-15,S1_contraction,1.2817852229554736,1.340335102403419,1.3110601626794463,0.08364268492563595,range_poc,spec,long,1.2844,1.2817852229554736,1.2671477530934872
AAPL,2001-03-16,S1_contraction,1.1771558135777334,1.2371697588253674,1.2071627862015504,0.08573420749662025,range_poc,spec,long,1.2562,1.1771558135777334,1.162152327265825
AAPL,2001-04-03,S1_contraction,1.2675943489842587,1.332655808940443,1.3001250789623509,0.09294494279454882,range_poc,spec,long,1.2959,1.2675943489842587,1.2513289839952126
AAPL,2001-05-07,S1_contraction,1.5509782431914498,1.627009522372723,1.5889938827820864,0.10861611311610433,range_poc,spec,long,1.5981,1.5509782431914498,1.5319704233961315
AAPL,2001-05-10,S1_contraction,1.5519564652320892,1.6260313003320837,1.5889938827820864,0.10582119299999222,range_poc,spec,long,1.4726,1.5519564652320892,1.5334377564570905
AAPL,2001-05-15,S1_contraction,1.5523075642822066,1.6256802012819662,1.5889938827820864,0.10481805285679968,range_poc,spec,long,1.4841,1.5523075642822066,1.5339644050322667
AAPL,2001-05-16,S1_contraction,1.5521652526015584,1.6258225129626145,1.5889938827820864,0.10522465765865184,range_poc,spec,long,1.543,1.5521652526015584,1.5337509375112943
AAPL,2001-06-08,S1_contraction,1.3045558230065386,1.3587130340946487,1.3316344285505937,0.07736744441158572,range_poc,spec,long,1.365,1.3045558230065386,1.291016520234511
AAPL,2001-06-12,S1_contraction,1.3005743586464398,1.3524143170431344,1.326494337844787,0.0740570834238496,range_poc,spec,long,1.3004,1.3005743586464398,1.2876143690472661
AAPL,2001-08-24,S1_contraction,1.1803757077613748,1.225688685520076,1.2030321966407254,0.06473282536957287,range_poc,spec,long,1.189,1.1803757077613748,1.1690474633216996
AAPL,2001-08-31,S1_contraction,1.1824046416330496,1.219365303997171,1.2008849728151103,0.05280094623445906,range_poc,spec,long,1.1877,1.1824046416330496,1.1731644760420192
AAPL,2001-09-05,S1_contraction,1.1818875190061455,1.2181758549051052,1.2000316869556253,0.051840479855656325,range_poc,spec,long,1.1877,1.1818875190061455,1.1728154350314055
AAPL,2001-10-04,S1_contraction,0.9850139403874723,1.027870442808613,1.0064421915980426,0.06122357488734391,range_poc,spec,long,1.0167,0.9850139403874723,0.9742998147821871
AAPL,2001-11-06,S1_contraction,1.1459505019114133,1.1875408272616013,1.1667456645865073,0.059414750500268156,range_poc,spec,long,1.2530000000000001,1.1459505019114133,1.1355529205738664
AAPL,2001-11-16,S1_contraction,1.141748867627274,1.1839825589320057,1.1628657132796398,0.06033384472104495,range_poc,spec,long,1.2146,1.141748867627274,1.1311904448010912
AAPL,2001-12-20,S1_contraction,1.3057690435676754,1.3503483425434357,1.3280586930555556,0.06368471282251467,range_poc,spec,long,1.3234,1.3057690435676754,1.2946242188237354
AAPL,2002-03-12,S1_contraction,1.5306830513870877,1.5864047212733308,1.5585438863302092,0.07960238555177572,range_poc,spec,long,1.5827000000000002,1.5306830513870877,1.516752633915527
AAPL,2002-04-01,S1_contraction,1.5308886751032733,1.5831304610249717,1.5570095680641225,0.0746311227452832,range_poc,spec,long,1.5661,1.5308886751032733,1.5178282286228488
AAPL,2002-04-05,S1_contraction,1.531731719088899,1.582287417039346,1.5570095680641225,0.07222242564349542,range_poc,spec,long,1.5840000000000003,1.531731719088899,1.5190927946012873
AAPL,2002-04-12,S1_contraction,1.5336291602651355,1.5760419037307802,1.5548355319979579,0.06058963352234957,range_poc,spec,long,1.6045000000000003,1.5336291602651355,1.5230259743987244
AAPL,2002-04-19,S1_contraction,1.577147014774048,1.6150020265743945,1.5960745206742213,0.054078588286208915,range_poc,spec,long,1.5993999999999997,1.577147014774048,1.5676832618239613
AAPL,2002-06-24,S4_failed_break,1.0948841716730817,1.1433020176791702,1.119093094676126,0.06916835143726895,range_poc,spec,long,1.1057,1.0948841716730817,1.0827797101715597
AAPL,2002-06-27,S1_contraction,1.0781181510470452,1.1249678201596385,1.1015429856033419,0.06692809873227606,range_poc,spec,long,1.0923,1.0781181510470452,1.0664057337688968
AAPL,2002-07-09,S1_contraction,1.077455018869312,1.1222234839330403,1.099839251401176,0.06395495009104064,range_poc,spec,long,1.1224,1.077455018869312,1.0662629026033799
AAPL,2002-07-12,S1_contraction,1.0748406131477564,1.1214020019692217,1.098121307558489,0.06651626974495052,range_poc,spec,long,1.1205,1.0748406131477564,1.06320026594239
AAPL,2002-08-06,S1_contraction,0.9493296495736121,0.9934880570014033,0.9714088532875077,0.06308343918255876,range_poc,spec,long,0.9437,0.9493296495736121,0.9382900477166642
AAPL,2002-08-21,S1_contraction,0.9511881527097457,0.9916295538652697,0.9714088532875077,0.05777343022217738,range_poc,spec,long,1.0321,0.9511881527097457,0.9410778024208646
AAPL,2002-08-26,S1_contraction,0.939210223787925,0.9754691963611972,0.9573397100745611,0.05179853224753171,range_poc,spec,long,0.9943,0.939210223787925,0.9301454806446069
AAPL,2002-08-27,S1_contraction,0.9398729878823544,0.976236564219783,0.9580547760510687,0.05194796619632661,range_poc,spec,long,0.9508,0.9398729878823544,0.9307820937979973
AAPL,2002-09-26,S1_contraction,0.9162711937675676,0.9414759170636238,0.9288735554155957,0.03600674756579444,range_poc,spec,long,0.9412,0.9162711937675676,0.9099700129435535
AAPL,2002-10-03,S1_contraction,0.9167753471592794,0.9407553538730231,0.9287653505161513,0.03425715244820541,range_poc,spec,long,0.9155999999999999,0.9167753471592794,0.9107803454808435
AAPL,2002-10-04,S1_contraction,0.9209117859142883,0.9446079500324849,0.9327598679733866,0.033851663025994926,range_poc,spec,long,0.8983000000000001,0.9209117859142883,0.9149877448847392
AAPL,2002-10-11,S1_contraction,0.9211076075614286,0.9439513475558508,0.9325294775586397,0.03263391427774578,range_poc,spec,long,0.9289999999999999,0.9211076075614286,0.9153966725628231
AAPL,2002-10-24,S1_contraction,0.9211227180081857,0.9448918177721569,0.9330072678901713,0.03395585680567324,range_poc,spec,long,0.9405,0.9211227180081857,0.9151804430671928
AAPL,2002-11-20,S1_contraction,1.0017784538622847,1.0331468237575525,1.0174626388099186,0.044811956993239706,range_poc,spec,long,0.9943,1.0017784538622847,0.9939363613884677
AAPL,2002-11-21,S1_contraction,1.0029948336427756,1.0347665831483732,1.0188807083955744,0.045388213579425386,range_poc,spec,long,1.0468,1.0029948336427756,0.9950518962663762
AAPL,2002-11-22,S1_contraction,1.0031674269330937,1.0345939898580552,1.0188807083955744,0.04489508989280235,range_poc,spec,long,1.0251,1.0031674269330937,0.9953107862018533
AAPL,2002-11-27,S1_contraction,1.0032698794629415,1.0344915373282073,1.0188807083955744,0.04460236837895114,range_poc,spec,long,1.0065,1.0032698794629415,0.9954644649966251
AAPL,2002-12-02,S1_contraction,1.001162547490649,1.03320614260059,1.0171843450456195,0.045776564442772845,range_poc,spec,long,0.9719,1.001162547490649,0.9931516487131636
AAPL,2002-12-19,S1_contraction,0.9507823756375346,0.979631696545564,0.9652070360915493,0.04121331558289927,range_poc,spec,long,0.9092,0.9507823756375346,0.9435700454105274
AAPL,2003-01-02,S1_contraction,0.9537586711676692,0.978216360070841,0.9659875156192551,0.034939555575959604,range_poc,spec,long,0.9475999999999999,0.9537586711676692,0.9476442489418763
AAPL,2003-01-16,S1_contraction,0.9307002376960105,0.9528714881332543,0.9417858629146324,0.031673214910348205,range_poc,spec,long,0.9361,0.9307002376960105,0.9251574250866996
AAPL,2003-01-27,S1_contraction,0.9176788699311194,0.9398337322385004,0.9287563010848099,0.031649803296258563,range_poc,spec,long,0.9047000000000001,0.9176788699311194,0.9121401543542741
AAPL,2003-01-28,S1_contraction,0.9163615812661924,0.9385460121585719,0.9274537967123822,0.03169204413197069,range_poc,spec,long,0.9335,0.9163615812661924,0.9108154735430976
AAPL,2003-02-10,S1_contraction,0.9165713107036503,0.938336282721114,0.9274537967123822,0.031092817167805473,range_poc,spec,long,0.9187999999999998,0.9165713107036503,0.9111300676992844
AAPL,2003-02-21,S1_contraction,0.9177383289450083,0.9393978548196911,0.9285680918823497,0.03094217982097536,range_poc,spec,long,0.9603999999999999,0.9177383289450083,0.9123234474763375
AAPL,2003-02-24,S1_contraction,0.9171333247801748,0.9400028589845245,0.9285680918823497,0.032670763149071066,range_poc,spec,long,0.9437,0.9171333247801748,0.9114159412290874
AAPL,2003-03-12,S1_contraction,0.9202740986292389,0.9412633355607684,0.9307687170950036,0.02998462418789923,range_poc,spec,long,0.9104999999999999,0.9202740986292389,0.9150267893963566
AAPL,2003-03-13,S1_contraction,0.9201993834047342,0.9413380507852731,0.9307687170950036,0.03019809625791275,range_poc,spec,long,0.9425,0.9201993834047342,0.9149147165595994
AAPL,2003-03-25,S1_contraction,0.9384829771089125,0.9582920432172122,0.9483875101630623,0.02829866586899954,range_poc,spec,long,0.9315999999999999,0.9384829771089125,0.9335307105818376
AAPL,2003-03-27,S1_contraction,0.9385726281057867,0.958202392220338,0.9483875101630623,0.028042520163644644,range_poc,spec,long,0.9277,0.9385726281057867,0.9336651870771489
AAPL,2003-04-02,S1_contraction,0.94010872140941,0.9590835848378213,0.9495961531236157,0.027106947754873347,range_poc,spec,long,0.9348,0.94010872140941,0.9353650055523073
AAPL,2003-04-03,S1_contraction,0.9400340360213809,0.9591582702258504,0.9495961531236157,0.027320334577813573,range_poc,spec,long,0.9257999999999998,0.9400340360213809,0.9352529774702636
AAPL,2003-04-10,S1_contraction,0.912492917633714,0.9295520098024717,0.9210224637180928,0.02437013166965384,range_poc,spec,long,0.9201,0.912492917633714,0.9082281445915246
AAPL,2003-04-28,S1_contraction,0.8601731043333335,0.880131543680371,0.8701523240068523,0.02851205621005379,range_poc,spec,long,0.8874,0.8601731043333335,0.8551834944965742
AAPL,2003-04-29,S1_contraction,0.8600087651420436,0.8802958828716609,0.8701523240068523,0.028981596756596336,range_poc,spec,long,0.9002,0.8600087651420436,0.8549369857096393
AAPL,2003-05-28,S1_contraction,1.1443967055240607,1.1746813281206372,1.159539016822349,0.04326374656653765,range_poc,spec,long,1.1704,1.1443967055240607,1.1368255498749167
AAPL,2003-06-06,S1_contraction,1.1415983027314935,1.1744077972366311,1.1580030499840623,0.046870706435910625,range_poc,spec,long,1.098,1.1415983027314935,1.1333959291052091
AAPL,2003-06-12,S1_contraction,1.1439656064327797,1.1769910113885915,1.1604783089106856,0.047179149936874006,range_poc,spec,long,1.1377,1.1439656064327797,1.1357092551938268
AAPL,2003-06-16,S1_contraction,1.128929340372967,1.163495283694226,1.1462123120335965,0.049379919030369854,range_poc,spec,long,1.1698,1.128929340372967,1.1202878545426522
AAPL,2003-07-16,S1_contraction,1.212130742447014,1.243580619479631,1.2278556809633225,0.04492839576088152,range_poc,spec,long,1.2722,1.212130742447014,1.2042682731888599
AAPL,2003-08-05,S1_contraction,1.3161568898955662,1.3502681541365453,1.3332125220160558,0.04873037748711296,range_poc,spec,long,1.3049,1.3161568898955662,1.3076290738353213
AAPL,2003-08-19,S1_contraction,1.2608637476673468,1.292226671215071,1.2765452094412089,0.04480417649674868,range_poc,spec,long,1.301,1.2608637476673468,1.2530230167804157
AAPL,2003-08-20,S1_contraction,1.3167880686515097,1.3489950703904707,1.3328915695209902,0.04601000248423005,range_poc,spec,long,1.3452,1.3167880686515097,1.3087363182167695
AAPL,2003-08-22,S4_failed_break,1.3244914483173316,1.3583149916423836,1.3414032199798576,0.048319347607216866,range_poc,spec,long,1.3369,1.3244914483173316,1.3160355624860687
AAPL,2003-09-11,S1_contraction,1.4419603081165404,1.4734588173673158,1.457709562741928,0.044997870358250446,range_poc,spec,long,1.4443999999999997,1.4419603081165404,1.4340856808038467
AAPL,2003-09-16,S1_contraction,1.4340957217318546,1.464673940005796,1.4493848308688253,0.04368316896277344,range_poc,spec,long,1.4316,1.4340957217318546,1.4264511671633693
AAPL,2003-09-18,S1_contraction,1.4345560778639606,1.46421358387369,1.4493848308688253,0.0423678657281852,range_poc,spec,long,1.4649,1.4345560778639606,1.4271417013615282
AAPL,2003-09-23,S1_contraction,1.4224717612041602,1.4524874911431407,1.4374796261736504,0.04287961419854368,range_poc,spec,long,1.4360999999999997,1.4224717612041602,1.4149678287194152
AAPL,2003-10-06,S1_contraction,1.4201654755786457,1.4543485846395772,1.4372570301091114,0.04883301294418769,range_poc,spec,long,1.4271000000000003,1.4201654755786457,1.4116196983134128
AAPL,2003-10-30,S1_contraction,1.4439060772297485,1.4837990446765255,1.463852560953137,0.056989953495395866,range_poc,spec,long,1.4783999999999997,1.4439060772297485,1.4339328353680543
AAPL,2003-11-12,S1_contraction,1.4441978004308076,1.4808049815082447,1.4625013909695261,0.052295972967767,range_poc,spec,long,1.4297,1.4441978004308076,1.4350460051614484
AAPL,2003-11-13,S1_contraction,1.4440788355018876,1.4808653228189355,1.4624720791604116,0.05255212473863969,range_poc,spec,long,1.4355000000000002,1.4440788355018876,1.4348822136726258
AAPL,2003-11-14,S1_contraction,1.4455647943783356,1.4824112594235768,1.4639880269009562,0.05263780720748713,range_poc,spec,long,1.374,1.4455647943783356,1.4363531781170253
AAPL,2003-11-14,S2_trend_cluster,1.4455647943783356,1.4824112594235768,1.4639880269009562,0.05263780720748713,trend_cluster,spec,long,1.374,1.4455647943783356,1.4363531781170253
AAPL,2003-12-24,S1_contraction,1.2918079069982407,1.3249884491686823,1.3083981780834615,0.04740077452920257,range_poc,spec,long,1.3068,1.2918079069982407,1.2835127714556303
AAPL,2003-12-26,S1_contraction,1.3329320138238674,1.3651116423681535,1.3490218280960105,0.045970897920408746,range_poc,spec,long,1.3305,1.3329320138238674,1.3248871066877959
AAPL,2004-02-05,S1_contraction,1.4426289312111016,1.4754032693584884,1.459016100284795,0.046820483067695456,range_poc,spec,long,1.4355000000000002,1.4426289312111016,1.4344353466742548
AAPL,2004-02-06,S1_contraction,1.4437718635252759,1.4767553194110954,1.4602635914681856,0.0471192226940282,range_poc,spec,long,1.4539999999999997,1.4437718635252759,1.435525999553821
AAPL,2004-02-19,S1_contraction,1.4443558648596002,1.4784132031664918,1.461384534013046,0.04865334043841655,range_poc,spec,long,1.4387000000000003,1.4443558648596002,1.4358415302828773
AAPL,2004-03-05,S3_rejection,1.5991588701977506,1.6315353889675397,1.6153471295826451,0.0462521696711273,rejection_origin,spec,long,1.7121,1.5991588701977506,1.5910647405053033
AAPL,2004-03-24,S1_contraction,1.6320107499919356,1.671168098466074,1.6515894242290048,0.055939069248769305,range_poc,spec,long,1.6327,1.6320107499919356,1.622221412873401
AAPL,2004-04-06,S1_contraction,1.7332443721069142,1.77465976976948,1.753952070938197,0.05916485380366545,range_poc,spec,long,1.7818,1.7332443721069142,1.7228905226912727
AAPL,2004-04-13,S1_contraction,1.7211821963756535,1.7640153893384969,1.7425987928570752,0.06119027566120484,range_poc,spec,long,1.7242,1.7211821963756535,1.7104738981349428
AAPL,2004-05-07,S1_contraction,1.744037432315259,1.7862874849685573,1.7651624586419081,0.06035721807614071,range_poc,spec,long,1.7075999999999998,1.744037432315259,1.7334749191519343
AAPL,2004-05-20,S1_contraction,1.70903588516033,1.7514502869523478,1.730243086056339,0.06059200256002552,range_poc,spec,long,1.7101000000000002,1.70903588516033,1.6984322847123257
AAPL,2004-06-28,S1_contraction,2.0966297043790036,2.139431209491931,2.1180304569354673,0.06114500730418175,range_poc,spec,long,2.0802,2.0966297043790036,2.0859293281007716
AAPL,2004-06-28,S4_failed_break,2.100783021374738,2.143584526487665,2.1221837739312015,0.06114500730418175,range_poc,spec,long,2.0802,2.100783021374738,2.0900826450965058
AAPL,2004-07-15,S1_contraction,2.084037808986833,2.1372085579259346,2.1106231834563838,0.07595821277014478,range_poc,spec,long,2.1084,2.084037808986833,2.070745121752058
AAPL,2004-07-27,S1_contraction,2.0373518388343292,2.0906723586406937,2.0640120987375115,0.07617217115194887,range_poc,spec,long,2.0764,2.0373518388343292,2.024021708882738
AAPL,2004-08-04,S1_contraction,2.0389934032504375,2.0890307942245854,2.0640120987375115,0.07148198710592557,range_poc,spec,long,2.0354,2.0389934032504375,2.0264840555069004
AAPL,2004-08-18,S1_contraction,2.032624588937401,2.080733962279792,2.0566792756085963,0.0687276762034153,range_poc,spec,long,2.0322,2.032624588937401,2.0205972456018033
AAPL,2004-08-24,S1_contraction,2.0060473505853706,2.0551277245571193,2.030587537571245,0.07011481995964068,range_poc,spec,long,2.0456,2.0060473505853706,1.9937772570924335
AAPL,2004-11-19,S1_contraction,3.4531934245972944,3.525945603736884,3.4895695141670893,0.10393168448512771,range_poc,spec,long,3.5323,3.4531934245972944,3.435005379812397
AAPL,2004-11-22,S3_rejection,4.051872766700299,4.136531913200276,4.094202339950288,0.12094163785711085,rejection_origin,spec,long,3.9280000000000004,4.051872766700299,4.030707980075305
AAPL,2004-12-17,S1_contraction,4.112906222858192,4.215716459043715,4.164311340950953,0.1468717659793182,range_poc,spec,long,4.1611,4.112906222858192,4.087203663811811
AAPL,2005-01-04,S1_contraction,4.106687675969916,4.216551129905653,4.161619402937784,0.15694779133676698,range_poc,spec,long,4.0938,4.106687675969916,4.079221812485981
AAPL,2005-02-28,S1_contraction,5.569470944164455,5.674375025217279,5.621922984690867,0.1498629729326053,range_poc,spec,long,5.744399999999999,5.569470944164455,5.5432449239012485
AAPL,2005-03-01,S1_contraction,5.593245594534775,5.697208507605268,5.645227051070021,0.14851844724356278,range_poc,spec,long,5.6983,5.593245594534775,5.5672548662671515
AAPL,2005-03-30,S1_contraction,5.428650724103003,5.545695671082521,5.487173197592762,0.1672070671135991,range_poc,spec,long,5.4806,5.428650724103003,5.399389487358123
AAPL,2005-04-06,S1_contraction,5.421196510855135,5.533355776688038,5.4772761437715864,0.16022752261843246,range_poc,spec,long,5.420399999999999,5.421196510855135,5.393156694396909
AAPL,2005-05-05,S1_contraction,4.5673125674010455,4.697767021336909,4.632539794368977,0.1863635056226629,range_poc,spec,long,4.697,4.5673125674010455,4.534698953917079
AAPL,2005-05-10,S1_contraction,4.567387368007723,4.697692220730231,4.632539794368977,0.18614978960358392,range_poc,spec,long,4.6637,4.567387368007723,4.534811154827096
AAPL,2005-06-15,S1_contraction,4.708813499914264,4.823500837292647,4.766157168603455,0.16383905339768906,range_poc,spec,long,4.7546,4.708813499914264,4.680141665569668
AAPL,2005-06-20,S1_contraction,4.708394353485432,4.823919983721479,4.766157168603455,0.16503661462292307,range_poc,spec,long,4.816,4.708394353485432,4.679512945926421
AAPL,2005-06-24,S1_contraction,4.82892585221395,4.937515978781767,4.8832209154978585,0.15512875223973943,range_poc,spec,long,4.8352,4.82892585221395,4.801778320571996
AAPL,2005-08-12,S1_contraction,5.4960207620556565,5.599370044890727,5.547695403473192,0.14764183262153008,range_poc,spec,long,5.9032,5.4960207620556565,5.470183441346888
AAPL,2006-02-02,S1_contraction,9.315216671885777,9.556071324327947,9.435643998106862,0.3440780749173865,range_poc,spec,long,9.2326,9.315216671885777,9.255003008775233
AAPL,2006-02-03,S1_contraction,9.314484621599606,9.556803374614118,9.435643998106862,0.3461696471635867,range_poc,spec,long,9.2002,9.314484621599606,9.253904933345979
AAPL,2006-06-15,S1_contraction,7.433622749248277,7.632707959317884,7.5331653542830805,0.2844074429565798,range_poc,spec,long,7.6037,7.433622749248277,7.383851446730876
AAPL,2006-06-19,S1_contraction,7.434385767474381,7.63194494109178,7.5331653542830805,0.2822273908819995,range_poc,spec,long,7.3246,7.434385767474381,7.384995974070031
AAPL,2006-06-29,S1_contraction,7.430388891763067,7.617128825757679,7.523758858760373,0.2667713342780179,range_poc,spec,long,7.551199999999999,7.430388891763067,7.383703908264414
AAPL,2006-07-03,S1_contraction,7.432618907230093,7.6139217871796046,7.523270347204849,0.25900411421358643,range_poc,spec,long,7.4206,7.432618907230093,7.387293187242715
AAPL,2006-08-28,S1_contraction,8.531440450571708,8.737279010860192,8.63435973071595,0.2940550861264063,range_poc,spec,long,8.5769,8.531440450571708,8.479980810499587
AAPL,2006-08-30,S1_contraction,8.586159532979103,8.788293925445558,8.68722672921233,0.2887634178092235,range_poc,spec,long,8.5744,8.586159532979103,8.53562593486249
AAPL,2006-09-21,S1_contraction,9.325605360164614,9.492003797406364,9.408804578785489,0.23771205320249914,range_poc,spec,long,9.5591,9.325605360164614,9.284005750854178
AAPL,2006-09-22,S1_contraction,9.325664955041493,9.491944202529485,9.408804578785489,0.2375417821257018,range_poc,spec,long,9.3478,9.325664955041493,9.284095143169495
AAPL,2006-10-03,S1_contraction,9.32039742440525,9.491575135093775,9.405986279749513,0.24453958669789214,range_poc,spec,long,9.4848,9.32039742440525,9.277602996733119
AAPL,2006-10-05,S1_contraction,9.427273932587244,9.600847905279306,9.514060918933275,0.2479628181315146,range_poc,spec,long,9.5821,9.427273932587244,9.383880439414229
AAPL,2006-10-12,S1_contraction,9.436033930918741,9.605601062445755,9.520817496682248,0.24223875932430328,range_poc,spec,long,9.6372,9.436033930918741,9.393642148036989
AAPL,2006-10-17,S1_contraction,9.436862488970176,9.603442977571001,9.520152733270589,0.23797212657260852,range_poc,spec,long,9.513,9.436862488970176,9.39521736681997
AAPL,2007-01-09,S1_contraction,11.576931913584541,11.82679895033996,11.70186543196225,0.3569529096505979,range_poc,spec,long,11.853800000000001,11.576931913584541,11.514465154395687
AAPL,2007-02-07,S1_contraction,10.898935625779945,11.140977316396029,11.019956471087987,0.3457738437372605,range_poc,spec,long,11.0317,10.898935625779945,10.838425203125924
AAPL,2007-02-12,S1_contraction,10.838712082250098,11.070747906033251,10.954729994141674,0.3314797482616477,range_poc,spec,long,10.869099999999998,10.838712082250098,10.78070312630431
AAPL,2007-02-14,S1_contraction,10.90394233738473,11.12301308192487,11.0134777096548,0.312958206485914,range_poc,spec,long,10.922800000000002,10.90394233738473,10.849174651249696
AAPL,2007-02-20,S1_contraction,10.906974395680315,11.110987999373926,11.00898119752712,0.2914480052765853,range_poc,spec,long,10.9997,10.906974395680315,10.855970994756913
AAPL,2007-04-23,S1_contraction,11.934158965519288,12.084835001662313,12.0094969835908,0.21525148020432183,range_poc,spec,long,11.9742,11.934158965519288,11.896489956483531
AAPL,2007-06-26,S1_contraction,15.748836591303862,16.05497630211286,15.90190644670836,0.4373424440128511,range_poc,spec,long,15.321399999999999,15.748836591303862,15.672301663601612
AAPL,2007-08-29,S1_contraction,16.693422628574424,17.22651924825216,16.959970938413292,0.7615665995396209,range_poc,spec,long,17.1692,16.693422628574424,16.56014847365499
AAPL,2007-09-19,S1_contraction,17.37626295614911,17.85602689930681,17.61614492772796,0.6853770616538557,range_poc,spec,long,18.0259,17.37626295614911,17.256321970359686
AAPL,2007-09-20,S1_contraction,17.379833489625998,17.85245636582992,17.61614492772796,0.675175537434171,range_poc,spec,long,17.967,17.379833489625998,17.26167777057502
AAPL,2007-10-11,S3_rejection,19.40709261198385,19.83818386049981,19.62263823624183,0.6158446407370881,rejection_origin,spec,long,20.7739,19.40709261198385,19.299319799854857
AAPL,2007-11-01,S1_contraction,23.524565840031578,23.9966189608677,23.76059240044964,0.6743616011944591,range_poc,spec,long,24.0021,23.524565840031578,23.406552559822547
AAPL,2007-11-07,S1_contraction,23.52701770124402,24.01030425365318,23.7686609774486,0.6904093605845124,range_poc,spec,long,23.856100000000005,23.52701770124402,23.406196063141728
AAPL,2007-11-08,S3_rejection,23.485154746166433,24.019026057960485,23.75209040206346,0.7626733025629302,rejection_origin,spec,long,22.468800000000005,23.485154746166433,23.351686918217922
AAPL,2007-11-29,S1_contraction,23.385733742313178,24.075831074112138,23.730782408212658,0.9858533311413678,range_poc,spec,long,23.598699999999997,23.385733742313178,23.213209409363436
AAPL,2007-12-05,S1_contraction,23.38933396643732,24.072230849987996,23.730782408212658,0.9755669765009611,range_poc,spec,long,23.7537,23.38933396643732,23.21860974554965
AAPL,2007-12-11,S1_contraction,23.71833469663971,24.422865582337263,24.070600139488487,1.0064726938536401,range_poc,spec,long,24.143,23.71833469663971,23.542201975215324
AAPL,2008-01-02,S1_contraction,24.362388804460096,24.913182059872668,24.637785432166382,0.786847507732243,range_poc,spec,long,24.9497,24.362388804460096,24.224690490606953
AAPL,2008-02-11,S1_contraction,16.5181944893186,17.292832901906582,16.90551369561259,1.1066263036971205,range_poc,spec,long,16.5763,16.5181944893186,16.324534886171605
AAPL,2008-02-13,S1_contraction,16.304665746623062,17.09385410371279,16.699259925167926,1.1274119386996124,range_poc,spec,long,16.5699,16.304665746623062,16.10736865735063
AAPL,2008-02-28,S1_contraction,16.34669199484583,16.99080737656733,16.66874968570658,0.9201648310307132,range_poc,spec,long,16.6353,16.34669199484583,16.185663149415454
AAPL,2008-03-11,S1_contraction,15.465817485785836,15.954742380115752,15.710279932950794,0.6984641347570206,range_poc,spec,long,16.3075,15.465817485785836,15.343586262203356
AAPL,2008-03-13,S1_contraction,15.464592443633896,15.955967422267692,15.710279932950794,0.7019642551911376,range_poc,spec,long,16.383,15.464592443633896,15.341748698975447
AAPL,2008-03-14,S1_contraction,15.463707534965522,15.951646515780219,15.70767702537287,0.6970556868781366,range_poc,spec,long,16.2127,15.463707534965522,15.341722789761848
AAPL,2008-03-17,S1_contraction,15.431087602420083,15.923896759696435,15.677492181058259,0.7040130818233596,range_poc,spec,long,16.228,15.431087602420083,15.307885313100996
AAPL,2008-05-19,S1_contraction,23.298660393746147,23.796994737271845,23.547827565508996,0.7119062050367122,range_poc,spec,long,23.510399999999997,23.298660393746147,23.174076807864722
AAPL,2008-06-06,S1_contraction,23.579528005364814,24.055928784070552,23.817728394717683,0.6805725410081922,range_poc,spec,long,23.7716,23.579528005364814,23.46042781068838
AAPL,2008-08-11,S1_contraction,21.866994891247316,22.483756105592825,22.17537549842007,0.8810874490650075,range_poc,spec,long,22.2247,21.866994891247316,21.71280458766094
AAPL,2008-08-26,S1_contraction,22.23460431155688,22.74872776803018,22.49166603979353,0.7344620806761404,range_poc,spec,long,22.235000000000003,22.23460431155688,22.106073447438554
AAPL,2008-10-10,S1_contraction,11.857673177528621,12.744277060410443,12.300975118969532,1.26657697554546,range_poc,spec,long,12.3954,11.857673177528621,11.636022206808166
AAPL,2008-11-06,S1_contraction,11.829982506018538,12.711571021780578,12.270776763899558,1.2594121653743444,range_poc,spec,long,12.69,11.829982506018538,11.609585377078028
AAPL,2008-11-13,S1_contraction,11.864602481692836,12.651804311476438,12.258203396584637,1.1245740425480042,range_poc,spec,long,12.3493,11.864602481692836,11.667802024246935
AAPL,2008-11-24,S1_contraction,11.591415307146656,12.255067598722091,11.923241452934374,0.9480747022506236,range_poc,spec,long,11.902400000000002,11.591415307146656,11.425502234252797
AAPL,2008-12-04,S1_contraction,11.29953675231918,11.860442501178516,11.579989626748848,0.8012939269419125,range_poc,spec,long,11.705200000000001,11.29953675231918,11.159310315104346
AAPL,2008-12-17,S1_contraction,11.337709956808878,11.867214925702308,11.602462441255593,0.7564356698477558,range_poc,spec,long,11.4171,11.337709956808878,11.205333714585521
AAPL,2009-02-17,S1_contraction,11.778677647541732,12.112424291943848,11.94555096974279,0.4767809205744526,range_poc,spec,long,12.1048,11.778677647541732,11.695240986441203
AAPL,2009-03-03,S1_contraction,11.356050103369562,11.688213054858906,11.522131579114234,0.4745185021276326,range_poc,spec,long,11.316,11.356050103369562,11.273009365497225
AAPL,2009-05-08,S1_contraction,15.84270733873889,16.171676942347865,16.007192140543378,0.4699565765842476,range_poc,spec,long,16.5431,15.84270733873889,15.760464937836646
AAPL,2009-05-12,S1_contraction,15.820713583493298,16.15742219901607,15.989067891254685,0.481012307889679,range_poc,spec,long,15.932200000000002,15.820713583493298,15.736536429612604
AAPL,2009-06-22,S1_contraction,17.33512800024673,17.67885430118623,17.50699115071648,0.4910375727707165,range_poc,spec,long,17.5905,17.33512800024673,17.249196425011853
AAPL,2009-06-24,S1_contraction,17.33859449165579,17.67538780977717,17.50699115071648,0.4811333116019699,range_poc,spec,long,17.4433,17.33859449165579,17.254396162125445
AAPL,2009-07-07,S1_contraction,17.349059995768716,17.67312468949873,17.511092342633724,0.4629495624714511,range_poc,spec,long,17.3383,17.349059995768716,17.26804382233621
AAPL,2009-08-12,S1_contraction,20.96590296971881,21.27012938806166,21.118016178890237,0.43460916906121244,range_poc,spec,long,21.168299999999995,20.96590296971881,20.8898463651331
AAPL,2009-08-14,S1_contraction,20.969812174519625,21.27696606142819,21.123389117973908,0.43879126701224036,range_poc,spec,long,21.3565,20.969812174519625,20.893023702792483
AAPL,2009-08-27,S1_contraction,20.948113847079412,21.25903381914793,21.10357383311367,0.4441713886693121,range_poc,spec,long,21.698399999999996,20.948113847079412,20.870383854062283
AAPL,2009-09-01,S1_contraction,20.93828087674086,21.24993097093476,21.09410592383781,0.44521442027699687,range_poc,spec,long,21.166800000000002,20.93828087674086,20.860368353192385
AAPL,2009-09-28,S1_contraction,23.552041952469104,23.882351974580992,23.717196963525048,0.47187146015984344,range_poc,spec,long,23.8371,23.552041952469104,23.46946444694113
AAPL,2009-10-02,S1_contraction,23.520476993076922,23.852422393907485,23.686449693492204,0.4742077154722297,range_poc,spec,long,23.6768,23.520476993076922,23.43749064286928
AAPL,2009-10-19,S1_contraction,23.582706909224697,23.885051018020405,23.73387896362255,0.43192015542244505,range_poc,spec,long,24.312,23.582706909224697,23.50712088202577
AAPL,2009-11-23,S1_contraction,26.03843128980096,26.473867101762345,26.256149195781653,0.6220511599448312,range_poc,spec,long,26.363400000000002,26.03843128980096,25.929572336810615
AAPL,2010-01-19,S1_contraction,26.631748514366645,27.031074817047685,26.831411665707165,0.5704661466871952,range_poc,spec,long,27.5363,26.631748514366645,26.531916938696384
AAPL,2010-02-24,S1_contraction,25.533951495336368,26.05162845640767,25.79278997587202,0.7395385158161485,range_poc,spec,long,25.6944,25.533951495336368,25.404532255068542
AAPL,2010-03-22,S1_contraction,28.662646524453233,29.012076396292148,28.83736146037269,0.49918553119844733,range_poc,spec,long,28.7797,28.662646524453233,28.575289056493503
AAPL,2010-03-25,S4_failed_break,28.643542119647066,29.000413403394404,28.821977761520735,0.509816119639052,range_poc,spec,long,29.022999999999996,28.643542119647066,28.55432429871023
AAPL,2010-05-27,S1_contraction,32.39522067194628,33.24841365125448,32.82181716160038,1.21884711329743,range_poc,spec,long,32.442,32.39522067194628,32.181922427119225
AAPL,2010-06-04,S1_contraction,32.413163106082315,33.23047121711844,32.82181716160038,1.1675830157658917,range_poc,spec,long,32.7769,32.413163106082315,32.20883607832329
AAPL,2010-06-08,S1_contraction,32.340539583488535,33.17807348277972,32.75930653313413,1.1964769989874076,range_poc,spec,long,31.927200000000003,32.340539583488535,32.131156108665735
AAPL,2010-07-14,S1_contraction,32.45148161046084,33.112088052959116,32.78178483170998,0.9437234892832526,range_poc,spec,long,32.3622,32.45148161046084,32.28632999983627
AAPL,2010-07-29,S1_contraction,32.32160937317771,32.99400444925108,32.657806911214394,0.9605643943905281,range_poc,spec,long,33.0515,32.32160937317771,32.153510604159365
AAPL,2010-11-02,S1_contraction,39.38743803445829,39.962220927696215,39.67482948107725,0.8211184189113252,range_poc,spec,long,39.6142,39.38743803445829,39.24374231114881
AAPL,2010-11-12,S1_contraction,39.42840225897532,39.97789060200271,39.703146430489014,0.7849833471819889,range_poc,spec,long,39.4439,39.42840225897532,39.29103017321847
AAPL,2010-11-23,S1_contraction,39.230073854445685,39.79070357548728,39.51038871496648,0.800899601487987,range_poc,spec,long,39.5335,39.230073854445685,39.08991642418529
AAPL,2010-12-07,S4_failed_break,40.4171247285746,40.92693290207843,40.67202881532651,0.7282973907197475,range_poc,spec,long,40.7475,40.4171247285746,40.28967268519864
AAPL,2010-12-09,S1_contraction,40.42252053786926,40.929340799945194,40.67593066890723,0.7240289458227719,range_poc,spec,long,40.9456,40.42252053786926,40.29581547235028
AAPL,2010-12-14,S1_contraction,40.41917541937524,40.90734965261705,40.66326253599615,0.6973917617740045,range_poc,spec,long,41.0138,40.41917541937524,40.29713186106479
AAPL,2010-12-15,S1_contraction,40.42246197071434,40.904063101277956,40.66326253599615,0.6880016150908796,range_poc,spec,long,41.0228,40.42246197071434,40.30206168807344
AAPL,2010-12-27,S1_contraction,40.86300524568651,41.30211773134455,41.08256148851553,0.6273035509400635,range_poc,spec,long,41.576,40.86300524568651,40.753227124272
AAPL,2010-12-31,S1_contraction,40.91851231733629,41.28691493880981,41.10271362807305,0.526289459247887,range_poc,spec,long,41.3045,40.91851231733629,40.82641166196791
AAPL,2011-02-22,S1_contraction,43.81064536876097,44.411580644429804,44.11111300659539,0.8584789652411783,range_poc,spec,long,43.35969999999999,43.81064536876097,43.660411549843765
AAPL,2011-04-04,S1_contraction,43.15595947937041,43.80137756551444,43.478668522442426,0.9220258373486245,range_poc,spec,long,43.6901,43.15595947937041,42.9946049578344
AAPL,2011-04-19,S1_contraction,43.21192838367839,43.82143483237868,43.516681608028534,0.8707234981432632,range_poc,spec,long,43.2637,43.21192838367839,43.05955177150332
AAPL,2011-05-03,S1_contraction,44.50417101518596,45.02815860378189,44.766164809483925,0.7485536979941919,range_poc,spec,long,44.5877,44.50417101518596,44.37317411803698
AAPL,2011-05-31,S1_contraction,44.21042868435295,44.7248325413609,44.46763061285692,0.7348626528684906,range_poc,spec,long,44.5404,44.21042868435295,44.08182772010096
AAPL,2011-08-03,S1_contraction,50.04559360714061,50.78327499805567,50.41443430259814,1.0538305584500898,range_poc,spec,long,50.2694,50.04559360714061,49.86117325941184
AAPL,2011-09-01,S1_contraction,49.59345324867826,50.59477854496055,50.0941158968194,1.4304647089747062,range_poc,spec,long,48.7917,49.59345324867826,49.343121924607686
AAPL,2011-11-09,S1_contraction,50.66535753443574,51.65530618182456,51.16033185813015,1.4142123534125972,range_poc,spec,long,50.6164,50.66535753443574,50.41787037258854
AAPL,2011-12-08,S1_contraction,50.24208077066829,50.955808672649276,50.59894472165878,1.0196112885442756,range_poc,spec,long,50.0248,50.24208077066829,50.06364879517304
AAPL,2011-12-21,S1_contraction,49.73608146901492,50.44783830130167,50.091959885158296,1.016795474695368,range_poc,spec,long,50.7656,49.73608146901492,49.55814226094323
AAPL,2012-01-20,S1_contraction,53.89513503844519,54.403213070654104,54.14917405454965,0.7258257602984493,range_poc,spec,long,53.8203,53.89513503844519,53.76811553039296
AAPL,2012-01-24,S1_contraction,53.88705104219889,54.4112970669004,54.14917405454965,0.7489228924307272,range_poc,spec,long,53.8344,53.88705104219889,53.75598953602351
AAPL,2012-04-13,S1_contraction,76.52858895262823,77.76702462128743,77.14780678695783,1.7691938123702768,range_poc,spec,long,77.501,76.52858895262823,76.21898003546343
AAPL,2012-05-15,S1_contraction,71.95308692463689,73.48693398931246,72.72001045697468,2.191210092393668,range_poc,spec,long,70.8346,71.95308692463689,71.569625158468
AAPL,2012-05-31,S1_contraction,71.95534527987954,73.4336468942542,72.69449608706687,2.111859449106642,range_poc,spec,long,73.97949999999999,71.95534527987954,71.58576987628587
AAPL,2012-06-01,S1_contraction,71.96522143373952,73.42377074039422,72.69449608706687,2.083641866649585,range_poc,spec,long,71.836,71.96522143373952,71.60058410707583
AAPL,2012-06-11,S1_contraction,72.49536196332198,73.76269547060949,73.12902871696573,1.8104764389821393,range_poc,spec,long,73.1395,72.49536196332198,72.17852858650011
AAPL,2012-06-25,S1_contraction,72.72638781617734,73.8881394999626,73.30726365806997,1.659645262550366,range_poc,spec,long,73.0877,72.72638781617734,72.43594989523102
AAPL,2012-07-20,S1_contraction,77.2593757630734,78.13375808367556,77.69656692337448,1.2491176008602343,range_poc,spec,long,77.3819,77.2593757630734,77.04078018292284
AAPL,2012-09-25,S1_contraction,86.25256348474957,87.30090509080534,86.77673428777746,1.4976308657939408,range_poc,spec,long,86.6164,86.25256348474957,85.99047808323563
AAPL,2012-12-24,S1_contraction,67.73149880263122,69.2347423177244,68.48312056017781,2.1474907358474007,range_poc,spec,long,67.2107,67.73149880263122,67.35568792385793
AAPL,2013-02-05,S1_contraction,57.99759229696763,59.324678182251894,58.66113523960976,1.8958369789775134,range_poc,spec,long,59.1578,57.99759229696763,57.66582082564656
AAPL,2013-02-22,S1_contraction,58.30530256425546,59.55629817339699,58.930800368826226,1.787136584487904,range_poc,spec,long,58.5786,58.30530256425546,57.99255366197008
AAPL,2013-02-26,S1_contraction,58.06771252058332,59.34005227296992,58.70388239677662,1.817628217695133,range_poc,spec,long,58.3395,58.06771252058332,57.74962758248667
AAPL,2013-02-28,S1_contraction,58.100569485474445,59.307195308078796,58.70388239677662,1.7237511751490684,range_poc,spec,long,57.3559,58.100569485474445,57.79891302982335
AAPL,2013-03-27,S1_contraction,58.188504638010436,59.10354086261017,58.6460227503103,1.3071946065710514,range_poc,spec,long,58.74360000000001,58.188504638010436,57.9597455818605
AAPL,2013-04-10,S1_contraction,55.70011603543963,56.610831765924225,56.155473900681926,1.301022472120849,range_poc,spec,long,56.6139,55.70011603543963,55.472437102818475
AAPL,2013-05-15,S1_contraction,54.69709634961135,55.732059882022135,55.21457811581674,1.4785193320154157,range_poc,spec,long,56.0972,54.69709634961135,54.43835546650865
AAPL,2013-05-28,S1_contraction,56.75674669402747,57.882055852907015,57.31940127346724,1.6075845126850699,range_poc,spec,long,57.74400000000001,56.75674669402747,56.47541940430759
AAPL,2013-06-03,S1_contraction,57.37312126363634,58.408590618193664,57.890855940915,1.479241935081886,range_poc,spec,long,58.958,57.37312126363634,57.114253924997016
AAPL,2013-06-05,S1_contraction,57.10912689167258,58.12265293500479,57.615889913338684,1.4478943476174315,range_poc,spec,long,58.2242,57.10912689167258,56.85574538083953
AAPL,2013-07-12,S1_contraction,54.675376766216395,55.53838378412207,55.10688027516923,1.2328671684366777,range_poc,spec,long,55.79109999999999,54.675376766216395,54.45962501173997
AAPL,2013-07-22,S1_contraction,55.912061362365144,56.71780891970871,56.314935141036926,1.1510679390622305,range_poc,spec,long,55.76500000000001,55.912061362365144,55.710624473029256
AAPL,2013-09-03,S1_contraction,65.79859137765658,66.70403185159654,66.25131161462656,1.2934863913427828,range_poc,spec,long,64.3332,65.79859137765658,65.57223125917159
AAPL,2013-09-04,S1_contraction,65.47014872563093,66.3923785053698,65.93126361550037,1.3174711139126767,range_poc,spec,long,65.6646,65.47014872563093,65.23959128069622
AAPL,2013-09-06,S1_contraction,65.49244662050474,66.370080610496,65.93126361550037,1.2537628428446772,range_poc,spec,long,65.6026,65.49244662050474,65.27303812300693
AAPL,2013-09-10,S1_contraction,65.48743137889443,66.3996861087187,65.94355874380656,1.3032210426060835,range_poc,spec,long,65.1312,65.48743137889443,65.25936769643836
AAPL,2013-10-07,S1_contraction,64.23108140987144,65.29142326919758,64.76125233953451,1.5147740847516233,range_poc,spec,long,64.2239,64.23108140987144,63.9659959450399
AAPL,2013-10-09,S1_contraction,63.762421418563854,64.80199320550419,64.28220731203402,1.485102552771905,range_poc,spec,long,64.0709,63.762421418563854,63.50252847182877
AAPL,2013-11-08,S1_contraction,68.65737415781078,69.51097912414588,69.08417664097833,1.219435666192995,range_poc,spec,long,68.9455,68.65737415781078,68.44397291622701
AAPL,2013-11-15,S1_contraction,68.6589077822518,69.47108675381968,69.06499726803574,1.1602556736684042,range_poc,spec,long,69.5323,68.6589077822518,68.45586303935983
AAPL,2013-11-21,S1_contraction,68.5322305112551,69.32343173948645,68.92783112537077,1.1302874689019444,range_poc,spec,long,69.0218,68.5322305112551,68.33443020419725
AAPL,2014-01-15,S1_contraction,74.07534420285742,74.9756274581348,74.52548583049611,1.2861189361105445,range_poc,spec,long,73.8195,74.07534420285742,73.85027338903808
AAPL,2014-01-23,S1_contraction,71.81683722462216,72.71497932167489,72.26590827314853,1.2830601386467402,range_poc,spec,long,73.6632,71.81683722462216,71.59230170035897
AAPL,2014-01-24,S1_contraction,71.8094977768377,72.72231876945935,72.26590827314853,1.3040299894594782,range_poc,spec,long,72.3242,71.8094977768377,71.5812925286823
AAPL,2014-03-12,S1_contraction,70.16017216344089,70.93079187876363,70.54548202110226,1.1008853076039065,range_poc,spec,long,71.4942,70.16017216344089,69.9675172346102
AAPL,2014-03-13,S1_contraction,70.15737153917016,70.93359250303436,70.54548202110226,1.1088870912345632,range_poc,spec,long,70.7001,70.15737153917016,69.9633162982041
AAPL,2014-03-17,S1_contraction,70.19370843071911,70.95592665011088,70.574817540415,1.0888831705596524,range_poc,spec,long,70.1792,70.19370843071911,70.00315387587116
AAPL,2014-04-04,S1_contraction,70.2582395806475,70.9141158719769,70.5861777263122,0.9369661304705957,range_poc,spec,long,70.856,70.2582395806475,70.09427050781514
AAPL,2014-05-06,S4_failed_break,78.74887011424293,79.60514581390358,79.17700796407325,1.2232509995151986,range_poc,spec,long,79.195,78.74887011424293,78.53480118932777
AAPL,2014-05-12,S1_contraction,78.74683444228855,79.6208630191975,79.18384873074302,1.248612252727068,range_poc,spec,long,79.4265,78.74683444228855,78.5283272980613
AAPL,2014-06-24,S1_contraction,85.93976453402965,86.81123839233723,86.37550146318344,1.2449626547251322,range_poc,spec,long,84.6691,85.93976453402965,85.72189606945275
AAPL,2014-06-27,S1_contraction,85.57231465131197,86.46457760276614,86.01844612703906,1.2746613592202456,range_poc,spec,long,86.2635,85.57231465131197,85.34924891344843
AAPL,2014-09-09,S3_rejection,89.91293722479783,90.98875894623016,90.450848085514,1.536888173474747,rejection_origin,spec,long,92.3571,89.91293722479783,89.64398179443975
AAPL,2014-09-24,S1_contraction,95.0844897539415,96.23528368460221,95.65988671927185,1.6439913295152864,range_poc,spec,long,95.901,95.0844897539415,94.79679127127632
AAPL,2014-10-08,S1_contraction,95.00001406760293,96.37468951063278,95.68735178911786,1.963822061471204,range_poc,spec,long,95.0056,95.00001406760293,94.65634520684547
AAPL,2014-12-01,S3_rejection,107.45320153524744,108.72484302447259,108.08902227986002,1.8166306988930663,rejection_origin,spec,long,108.9243,107.45320153524744,107.13529116294116
AAPL,2015-03-06,S1_contraction,121.55201030722316,123.26283449017797,122.40742239870056,2.4440345470783087,range_poc,spec,long,120.3081,121.55201030722316,121.12430426148445
AAPL,2015-03-09,S1_contraction,121.52652538297832,123.2883194144228,122.40742239870056,2.516848616349263,range_poc,spec,long,120.8212,121.52652538297832,121.0860768751172
AAPL,2015-03-18,S1_contraction,121.5378786094572,123.15099409718361,122.3444363533204,2.304450696752014,range_poc,spec,long,122.0851,121.5378786094572,121.13459973752559
AAPL,2015-04-06,S1_contraction,121.059276577897,122.81299779639322,121.9361371871451,2.5053160264231638,range_poc,spec,long,121.0208,121.059276577897,120.62084627327295
AAPL,2015-04-20,S1_contraction,119.40166104069523,120.94865340427405,120.17515722248464,2.2099890908268893,range_poc,spec,long,121.2584,119.40166104069523,119.01491294980053
AAPL,2015-05-29,S1_contraction,123.22994781611455,124.8627667348846,124.04635727549957,2.332598455385796,range_poc,spec,long,124.3191,123.22994781611455,122.82174308642203
AAPL,2015-06-10,S1_contraction,123.33205267248387,124.80679405433166,124.06942336340776,2.1067734026397003,range_poc,spec,long,122.9832,123.33205267248387,122.96336732702193
AAPL,2015-06-11,S1_contraction,123.34954685743324,124.78929986938229,124.06942336340776,2.056790017070088,range_poc,spec,long,122.7064,123.34954685743324,122.98960860444598
AAPL,2015-08-03,S1_contraction,116.15268896375015,117.71626606821339,116.93447751598177,2.2336815778046275,range_poc,spec,long,113.0209,116.15268896375015,115.76179468763434
AAPL,2015-09-08,S1_contraction,106.14490107591013,108.79793382698682,107.47141745144847,3.790046787252416,range_poc,spec,long,107.6554,106.14490107591013,105.48164288814095
AAPL,2015-09-18,S1_contraction,105.89085494177385,108.49255906505809,107.19170700341597,3.716720176120326,range_poc,spec,long,108.7481,105.89085494177385,105.2404289109528
AAPL,2015-09-22,S1_contraction,105.93466306055431,108.50035498913986,107.21750902484709,3.665274183693641,range_poc,spec,long,108.7002,105.93466306055431,105.29324007840793
AAPL,2015-09-24,S1_contraction,106.04451324409801,108.43955042180973,107.24203183295387,3.421481682445304,range_poc,spec,long,110.2339,106.04451324409801,105.44575394967009
AAPL,2015-09-28,S1_contraction,106.85535516306167,109.26783754562673,108.0615963543442,3.446403403664383,range_poc,spec,long,107.78,106.85535516306167,106.2522345674204
AAPL,2015-09-30,S1_contraction,106.60948915011812,109.13111910246965,107.87030412629389,3.6023285033593266,range_poc,spec,long,105.7287,106.60948915011812,105.97908166203024
AAPL,2015-10-06,S1_contraction,106.81795070370642,108.93035279897968,107.87415175134305,3.017717278961827,range_poc,spec,long,106.6968,106.81795070370642,106.2898501798881
AAPL,2015-10-14,S1_contraction,104.79837300411593,106.58959725054753,105.69398512733173,2.5588917806165625,range_poc,spec,long,105.6424,104.79837300411593,104.35056694250804
AAPL,2015-12-04,S1_contraction,112.8188488463571,114.50139749374097,113.66012317004903,2.403640924834096,range_poc,spec,long,114.5875,112.8188488463571,112.39821168451112
AAPL,2015-12-10,S1_contraction,111.71157537920173,113.24243647968508,112.47700592944341,2.1869444292619233,range_poc,spec,long,111.8343,111.71157537920173,111.32886010408089
AAPL,2016-01-20,S4_failed_break,93.02476837582606,94.90117324542666,93.96297081062636,2.68057838514373,range_poc,spec,long,93.1776,93.02476837582606,92.5556671584259
AAPL,2016-02-12,S1_contraction,91.31272831880966,93.38272004598835,92.347724182399,2.957131038826705,range_poc,spec,long,90.9691,91.31272831880966,90.79523038701498
AAPL,2016-02-16,S1_contraction,91.46589175233389,93.54431783186114,92.50510479209751,2.9691801136103586,range_poc,spec,long,93.534,91.46589175233389,90.94628523245208
AAPL,2016-02-18,S1_contraction,91.36682708025943,93.40206134255881,92.38444421140912,2.9074775175705643,range_poc,spec,long,93.1662,91.36682708025943,90.85801851468457
AAPL,2016-05-16,S1_contraction,90.16637729127451,91.66013883511265,90.91325806319358,2.133945062625888,range_poc,spec,long,91.4182,90.16637729127451,89.79293690531497
AAPL,2016-07-14,S1_contraction,94.55880158676871,95.61475566688671,95.08677862682771,1.5085058287400193,range_poc,spec,long,96.1994,94.55880158676871,94.29481306673921
AAPL,2016-08-17,S1_contraction,105.57314651996073,106.5601921612636,106.06666934061217,1.4100652018612527,range_poc,spec,long,106.9285,105.57314651996073,105.32638510963501
AAPL,2016-08-22,S1_contraction,105.664299061667,106.66380567714502,106.16405236940601,1.4278665935400408,range_poc,spec,long,106.2334,105.664299061667,105.41442240779749
AAPL,2016-08-26,S1_contraction,105.65831352559523,106.66979121321678,106.16405236940601,1.4449681251736342,range_poc,spec,long,104.6963,105.65831352559523,105.40544410368985
AAPL,2016-09-02,S1_contraction,105.65858059371756,106.66952414509446,106.16405236940601,1.4442050733955705,range_poc,spec,long,105.4698,105.65858059371756,105.40584470587333
AAPL,2016-09-30,S1_contraction,110.96192824720158,112.29116609438647,111.62654717079403,1.8989112102641088,range_poc,spec,long,110.6781,110.96192824720158,110.62961878540537
AAPL,2016-10-04,S1_contraction,110.96512711194586,112.28796722964219,111.62654717079403,1.8897715967090354,range_poc,spec,long,110.6292,110.96512711194586,110.63441708252178
AAPL,2016-10-19,S1_contraction,110.33139315062778,111.7846690622676,111.05803110644769,2.076108445199744,range_poc,spec,long,114.6628,110.33139315062778,109.96807417271782
AAPL,2016-10-26,S1_contraction,110.96690639212322,112.22897508661596,111.59794073936959,1.8029552778467832,range_poc,spec,long,113.1649,110.96690639212322,110.65138921850004
AAPL,2016-11-29,S1_contraction,107.88050321655538,109.30044813201494,108.59047567428516,2.02849273637078,range_poc,spec,long,109.6878,107.88050321655538,107.5255169876905
AAPL,2016-11-30,S1_contraction,107.86702518904168,109.31392615952863,108.59047567428516,2.06700138640993,range_poc,spec,long,108.7628,107.86702518904168,107.50529994641994
AAPL,2017-02-01,S3_rejection,127.94195473910094,128.94002568416016,128.44099021163055,1.4258156357988758,rejection_origin,spec,long,126.7029,127.94195473910094,127.69243700283613
AAPL,2017-03-21,S4_failed_break,137.7630200188083,138.68646376611176,138.22474189246003,1.319205353290649,range_poc,spec,long,138.209,137.7630200188083,137.53215908198246
AAPL,2017-03-27,S1_contraction,137.25828436904314,138.22327016892987,137.7407772689865,1.3785511426953272,range_poc,spec,long,139.2368,137.25828436904314,137.01703791907147
AAPL,2017-06-05,S1_contraction,151.39688513944438,152.77523188699436,152.08605851321937,1.9690667822142436,range_poc,spec,long,152.7572,151.39688513944438,151.0522984525569
AAPL,2017-06-09,S1_contraction,151.3156143701241,152.89950329827283,152.10755883419847,2.2626984687839298,range_poc,spec,long,147.8449,151.3156143701241,150.91964213808694
AAPL,2017-06-09,S3_rejection,151.4115919007343,152.99548082888302,152.20353636480866,2.2626984687839298,rejection_origin,spec,long,147.8449,151.4115919007343,151.01561966869713
AAPL,2017-07-05,S1_contraction,143.10392811583168,144.82706313694766,143.96549562638967,2.4616214587371408,range_poc,spec,long,142.9922,143.10392811583168,142.67314436055267
AAPL,2017-07-07,S1_contraction,143.09686439551456,144.83412685726478,143.96549562638967,2.481803516786,range_poc,spec,long,143.0815,143.09686439551456,142.662548780077
AAPL,2017-09-05,S1_contraction,158.69058620673604,160.61626016250665,159.65342318462135,2.75096279395797,range_poc,spec,long,161.4975,158.69058620673604,158.20916771779338
AAPL,2017-09-06,S1_contraction,158.9883161738382,160.92417898663683,159.95624758023752,2.765518303998015,range_poc,spec,long,161.3281,158.9883161738382,158.50435047063854
AAPL,2017-09-11,S1_contraction,158.91201162636037,160.82037893783252,159.86619528209644,2.7262390163887753,range_poc,spec,long,160.9196,158.91201162636037,158.43491979849233
AAPL,2017-09-15,S1_contraction,158.55018053684827,160.38494662791302,159.46756358238065,2.621094415806767,range_poc,spec,long,159.3054,158.55018053684827,158.09148901408207
AAPL,2017-12-07,S1_contraction,170.21323869287866,172.2744451493169,171.24384192109778,2.944580652054603,range_poc,spec,long,169.32,170.21323869287866,169.6979370787691
AAPL,2017-12-15,S1_contraction,172.63779737002923,174.45943262997073,173.54861499999998,2.60233608563072,range_poc,spec,long,173.97,172.63779737002923,172.18238855504387
AAPL,2017-12-26,S1_contraction,169.41200066666664,171.20499933333332,170.30849999999998,2.5614266666666623,range_poc,spec,long,170.57,169.41200066666664,168.96375099999997
AAPL,2018-01-24,S1_contraction,174.32575499999996,175.88374499999998,175.10474999999997,2.2257000000000016,range_poc,spec,long,175.11,174.32575499999996,173.93625749999995
AAPL,2018-03-01,S1_contraction,170.30658284139628,173.20466715860374,171.755625,4.140120453153551,range_poc,spec,long,175.0,170.30658284139628,169.5820617620944
AAPL,2018-03-02,S1_contraction,170.28324950806294,173.22800049193708,171.755625,4.206787119820218,range_poc,spec,long,176.21,170.28324950806294,169.54706176209442
AAPL,2018-03-07,S1_contraction,172.8017641747296,175.7719858252704,174.286875,4.243173786486882,range_poc,spec,long,175.03,172.8017641747296,172.0592087620944
AAPL,2018-04-12,S1_contraction,173.70798666666664,176.48218,175.09508333333332,3.9631333333333374,range_poc,spec,long,174.14,173.70798666666664,173.01443833333332
AAPL,2018-04-19,S1_contraction,173.7665358333333,176.42363083333333,175.09508333333332,3.795850000000004,range_poc,spec,long,172.8,173.7665358333333,173.1022620833333
AAPL,2018-06-15,S1_contraction,187.31773923708656,189.10176091450276,188.20975007579466,2.5486023963088873,range_poc,spec,long,188.84,187.31773923708656,186.8717338177325
AAPL,2018-07-05,S1_contraction,185.27993,187.18057000000002,186.23025,2.7152000000000007,range_poc,spec,long,185.4,185.27993,184.80477000000002
AAPL,2018-07-20,S1_contraction,189.18561783333334,191.10688216666668,190.14625,2.744663333333337,range_poc,spec,long,191.44,189.18561783333334,188.70530175
AAPL,2018-07-27,S1_contraction,189.24601166666667,191.25148833333333,190.24875,2.8649666666666707,range_poc,spec,long,190.98,189.24601166666667,188.7446425
AAPL,2018-10-05,S1_contraction,218.63929479402864,221.78836642040378,220.2138306072162,4.498673751964507,range_poc,spec,long,222.554,218.63929479402864,217.85202688743487
AAPL,2018-10-19,S1_contraction,217.73225580854657,221.45945234208224,219.5958540753144,5.32456647647951,range_poc,spec,long,217.6126,217.73225580854657,216.80045667516265
AAPL,2018-10-25,S1_contraction,217.69530877131,221.4963993793188,219.5958540753144,5.430129440012567,range_poc,spec,long,218.0988,217.69530877131,216.74503611930783
AAPL,2018-10-29,S1_contraction,215.8345199312255,219.87054304041465,217.85253148582007,5.765747298841655,range_poc,spec,long,210.5973,215.8345199312255,214.8255141539282
AAPL,2018-12-04,S1_contraction,177.23447616394316,182.13474310431837,179.68460963413077,7.000381343393177,range_poc,spec,long,175.9363,177.23447616394316,176.00940942884935
AAPL,2019-01-22,S1_contraction,149.0067452150918,152.65352352099634,150.83013436804407,5.209683294149361,range_poc,spec,long,152.6461,149.0067452150918,148.09505063861565
AAPL,2019-01-28,S1_contraction,151.0502369507883,154.56806841304882,152.80915268191856,5.025473517515044,range_poc,spec,long,155.6333,151.0502369507883,150.17077908522316
AAPL,2019-04-30,S1_contraction,198.66789783333334,201.16376883333336,199.91583333333335,3.565529999999998,range_poc,spec,long,200.67,198.66789783333334,198.04393008333335
AAPL,2019-06-04,S1_contraction,176.3113390195666,179.99266098043339,178.152,5.259031372666874,range_poc,spec,long,179.64,176.3113390195666,175.3910085293499
AAPL,2019-06-26,S1_contraction,197.70512050000002,200.6908795,199.198,4.26537,range_poc,spec,long,199.8,197.70512050000002,196.95868075000004
AAPL,2019-07-08,S1_contraction,198.2314365,200.90539683333336,199.56841666666668,3.8199433333333332,range_poc,spec,long,200.02,198.2314365,197.56294641666665
AAPL,2019-08-13,S1_contraction,202.3471384863098,205.3650281803569,203.85608333333334,4.311270991495842,range_poc,spec,long,208.97,202.3471384863098,201.59266606279803
AAPL,2019-09-25,S1_contraction,218.39225833333333,221.51857499999997,219.95541666666665,4.466166666666666,range_poc,spec,long,221.03,218.39225833333333,217.61067916666667
AAPL,2019-11-26,S1_contraction,261.7338539707925,264.4061460292075,263.07,3.8175600834499592,range_poc,spec,long,264.29,261.7338539707925,261.06578095618875
AAPL,2019-12-02,S1_contraction,261.46085397079247,264.1926460292074,262.82674999999995,3.9025600834499596,range_poc,spec,long,264.16,261.46085397079247,260.77790595618876
AAPL,2020-02-18,S1_contraction,316.4092641882295,321.15573581177057,318.7825,6.780673747915853,range_poc,spec,long,319.0,316.4092641882295,315.2226462823442
AAPL,2020-02-20,S1_contraction,316.5082475215628,321.28691914510387,318.89758333333333,6.826673747915854,range_poc,spec,long,320.3,316.5082475215628,315.31357961567755
AAPL,2020-05-01,S1_contraction,277.97530405801024,285.633809951284,281.8045570046471,10.940722704676697,range_poc,spec,long,288.3077,277.97530405801024,276.0606775846918
AAPL,2020-05-26,S4_failed_break,313.9191773545768,319.5418226454232,316.7305,8.03235041549496,range_poc,spec,long,316.73,313.9191773545768,312.51351603186515
AAPL,2020-06-02,S1_contraction,314.25875418791003,319.5187458120899,316.88874999999996,7.514273748828293,range_poc,spec,long,323.34,314.25875418791003,312.94375628186503
AAPL,2020-08-31,S1_contraction,120.43378958290282,138.05187708376388,129.24283333333335,25.168696429801518,range_poc,spec,long,129.04,120.43378958290282,116.02926770768755
AAPL,2020-10-19,S1_contraction,113.62983116666666,116.71766883333333,115.17375,4.411196666666667,range_poc,spec,long,115.98,113.62983116666666,112.85787174999999
AAPL,2020-10-21,S1_contraction,113.73477283333334,116.61272716666666,115.17375,4.111363333333334,range_poc,spec,long,116.87,113.73477283333334,113.01528425000001
AAPL,2020-10-29,S1_contraction,113.81024333333333,116.53725666666666,115.17375,3.8957333333333337,range_poc,spec,long,115.32,113.81024333333333,113.12849
AAPL,2021-01-04,S3_rejection,133.336968,135.56985600000002,134.45341200000001,3.18984,rejection_origin,spec,long,129.41,133.336968,132.778746
AAPL,2021-01-11,S1_contraction,127.25239116666667,129.63735883333334,128.444875,3.407096666666668,range_poc,spec,long,128.98,127.25239116666667,126.65614925
AAPL,2021-01-14,S1_contraction,127.21574966666667,129.54870033333333,128.382225,3.332786666666668,range_poc,spec,long,128.91,127.21574966666667,126.632512
AAPL,2021-02-17,S1_contraction,129.0152221087858,131.54377789121423,130.2795,3.6122225463263433,range_poc,spec,long,130.84,129.0152221087858,128.3830831631787
AAPL,2021-02-18,S1_contraction,127.45482210878579,129.98617789121423,128.72050000000002,3.6162225463263433,range_poc,spec,long,129.71,127.45482210878579,126.82198316317869
AAPL,2021-03-17,S1_contraction,119.79994556411579,122.37020443588419,121.08507499999999,3.671798388240558,range_poc,spec,long,124.76,119.79994556411579,119.15738084617368
AAPL,2021-03-18,S1_contraction,119.7733078412548,122.39684215874517,121.08507499999999,3.747906167843366,range_poc,spec,long,120.53,119.7733078412548,119.1174242618822
AAPL,2021-03-23,S1_contraction,119.76537316666666,122.40477683333332,121.08507499999999,3.770576666666666,range_poc,spec,long,122.54,119.76537316666666,119.10552225
AAPL,2021-04-29,S4_failed_break,133.33696550000002,135.2225345,134.27975,2.693669999999999,range_poc,spec,long,133.48,133.33696550000002,132.86557325
AAPL,2021-05-03,S1_contraction,132.64968216666665,134.50981783333333,133.57975,2.657336666666665,range_poc,spec,long,132.54,132.64968216666665,132.18464824999998
AAPL,2021-06-04,S1_contraction,124.44377969195469,126.23122030804532,125.3375,2.5534865944151943,range_poc,spec,long,125.89,124.44377969195469,123.99691953793203
AMZN,1998-02-23,S1_contraction,5.065125955961575,5.22480123966397,5.144963597812772,0.2281075481462795,range_poc,spec,long,5.4067,5.065125955961575,5.025207135035976
AMZN,1998-03-26,S1_contraction,6.87761315113768,7.101788977530058,6.989701064333869,0.3202511805605403,range_poc,spec,long,6.8958,6.87761315113768,6.821569194539586
AMZN,1998-05-07,S1_contraction,7.7439638960530255,8.065010042682253,7.904486969367639,0.4586373523274677,range_poc,spec,long,7.5833,7.7439638960530255,7.663702359395718
AMZN,1998-06-03,S1_contraction,7.380605139988298,7.680341082854208,7.530473111421253,0.42819420409415715,range_poc,spec,long,7.0417000000000005,7.380605139988298,7.3056711542718205
AMZN,1998-06-05,S1_contraction,7.385951967610804,7.674994255231702,7.530473111421253,0.41291755374413874,range_poc,spec,long,7.375,7.385951967610804,7.31369139570558
AMZN,1998-08-06,S1_contraction,18.168880719031463,19.441519980191657,18.80520034961156,1.8180560873717062,range_poc,spec,long,18.25,18.168880719031463,17.850720903741415
AMZN,1998-08-11,S1_contraction,18.061690430692977,19.362602028255246,18.71214622947411,1.8584451393746733,range_poc,spec,long,20.6667,18.061690430692977,17.736462531302408
AMZN,1998-10-08,S1_contraction,12.810722781090329,14.116536906117885,13.463629843604107,1.8654487500393648,range_poc,spec,long,14.365000000000002,12.810722781090329,12.484269249833439
AMZN,1998-11-11,S1_contraction,20.7842562583046,21.715799803067846,21.250028030686224,1.330776492518918,range_poc,spec,long,21.1,20.7842562583046,20.55137037211379
AMZN,1998-11-24,S3_rejection,35.80308630254347,37.104537866567064,36.45381208455527,1.8592165200337065,rejection_origin,spec,long,35.75,35.80308630254347,35.47772341153757
AMZN,1999-01-08,S3_rejection,78.15294915698716,81.67624610116154,79.91459762907435,5.033281348820543,rejection_origin,spec,long,80.15,78.15294915698716,77.27212492094357
AMZN,1999-03-17,S1_contraction,60.57996666666667,64.16711666666667,62.37354166666667,5.1245,range_poc,spec,long,65.5,60.57996666666667,59.68317916666667
AMZN,1999-03-23,S1_contraction,60.75138333333333,64.2032,62.477291666666666,4.931166666666667,range_poc,spec,long,59.7,60.75138333333333,59.88842916666666
AMZN,1999-07-22,S1_contraction,56.57855,59.98603333333333,58.282291666666666,4.867833333333334,range_poc,spec,long,53.4,56.57855,55.72667916666667
AMZN,1999-09-13,S1_contraction,60.848416666666665,63.901583333333335,62.375,4.361666666666666,range_poc,spec,long,63.31,60.848416666666665,60.085125
AMZN,1999-09-16,S1_contraction,61.32484166666667,64.32515833333333,62.825,4.286166666666666,range_poc,spec,long,65.25,61.32484166666667,60.574762500000006
AMZN,1999-09-17,S1_contraction,61.38025833333334,64.26974166666668,62.825,4.127833333333332,range_poc,spec,long,63.81,61.38025833333334,60.6578875
AMZN,1999-09-23,S1_contraction,61.53030833333333,64.34069166666666,62.9355,4.014833333333333,range_poc,spec,long,62.25,61.53030833333333,60.8277125
AMZN,1999-09-27,S1_contraction,61.167658333333335,64.08234166666666,62.625,4.163833333333333,range_poc,spec,long,62.56,61.167658333333335,60.4389875
AMZN,1999-10-22,S1_contraction,74.77471666666666,78.35778333333333,76.56625,5.118666666666666,range_poc,spec,long,78.63,74.77471666666666,73.87895
AMZN,1999-10-26,S1_contraction,78.17613333333333,81.79536666666667,79.98575,5.170333333333333,range_poc,spec,long,81.25,78.17613333333333,77.27132499999999
AMZN,1999-11-08,S1_contraction,77.54578333333333,81.67088333333334,79.60833333333333,5.893,range_poc,spec,long,78.0,77.54578333333333,76.51450833333334
AMZN,1999-11-17,S1_contraction,72.80835,76.74165,74.775,5.619,range_poc,spec,long,76.5,72.80835,71.82502500000001
AMZN,1999-11-23,S1_contraction,74.40353333333333,78.38396666666667,76.39375,5.686333333333333,range_poc,spec,long,81.75,74.40353333333333,73.408425
AMZN,1999-12-09,S3_rejection,88.84240000000001,93.5296,91.186,6.695999999999999,rejection_origin,spec,long,103.6,88.84240000000001,87.67060000000001
AMZN,2000-01-04,S1_contraction,82.97755000000001,88.13911666666667,85.55833333333334,7.373666666666666,range_poc,spec,long,81.94,82.97755000000001,81.68715833333334
AMZN,2000-01-14,S1_contraction,67.54385,72.62281666666668,70.08333333333334,7.255666666666666,range_poc,spec,long,64.25,67.54385,66.27410833333334
AMZN,2000-01-24,S1_contraction,65.08676666666668,69.64656666666667,67.36666666666667,6.5139999999999985,range_poc,spec,long,70.13,65.08676666666668,63.94681666666668
AMZN,2000-02-16,S1_contraction,68.05713333333333,72.19786666666667,70.1275,5.915333333333333,range_poc,spec,long,70.69,68.05713333333333,67.02194999999999
AMZN,2000-02-17,S1_contraction,65.87046666666667,69.80120000000001,67.83583333333334,5.615333333333333,range_poc,spec,long,69.0,65.87046666666667,64.88778333333335
AMZN,2000-02-24,S1_contraction,62.699466666666666,66.55553333333333,64.6275,5.508666666666667,range_poc,spec,long,68.44,62.699466666666666,61.73545
AMZN,2000-02-25,S1_contraction,62.70891666666667,66.54608333333333,64.6275,5.4816666666666665,range_poc,spec,long,69.13,62.70891666666667,61.749625
AMZN,2000-02-28,S1_contraction,62.69795,66.55705,64.6275,5.513000000000001,range_poc,spec,long,65.75,62.69795,61.733174999999996
AMZN,2000-03-06,S1_contraction,65.91526666666667,69.75640000000001,67.83583333333334,5.487333333333334,range_poc,spec,long,63.94,65.91526666666667,64.95498333333333
AMZN,2000-03-10,S1_contraction,62.78218333333333,66.47281666666666,64.6275,5.272333333333334,range_poc,spec,long,66.88,62.78218333333333,61.859525
AMZN,2000-05-08,S1_contraction,53.45665,57.33535,55.396,5.540999999999999,range_poc,spec,long,56.02,53.45665,52.486975
AMZN,2000-05-17,S1_contraction,53.51546666666667,57.315533333333335,55.4155,5.428666666666667,range_poc,spec,long,61.0,53.51546666666667,52.56545
AMZN,2000-05-18,S1_contraction,53.498783333333336,57.33221666666667,55.4155,5.476333333333333,range_poc,spec,long,55.38,53.498783333333336,52.540425
AMZN,2000-06-02,S1_contraction,51.318099999999994,54.792899999999996,53.055499999999995,4.964,range_poc,spec,long,57.88,51.318099999999994,50.4494
AMZN,2000-07-12,S1_contraction,34.087716666666665,36.411950000000004,35.249833333333335,3.320333333333332,range_poc,spec,long,35.06,34.087716666666665,33.506658333333334
AMZN,2000-07-25,S1_contraction,34.072050000000004,36.38111666666667,35.22658333333334,3.298666666666666,range_poc,spec,long,37.63,34.072050000000004,33.49478333333334
AMZN,2000-08-04,S1_contraction,34.087466666666664,36.39419999999999,35.24083333333333,3.2953333333333332,range_poc,spec,long,32.5,34.087466666666664,33.510783333333336
AMZN,2000-08-07,S1_contraction,34.16808333333333,36.31358333333333,35.24083333333333,3.0649999999999995,range_poc,spec,long,33.81,34.16808333333333,33.63170833333333
AMZN,2000-08-14,S1_contraction,34.206933333333325,36.27473333333333,35.24083333333333,2.954,range_poc,spec,long,34.88,34.206933333333325,33.68998333333332
AMZN,2000-09-20,S1_contraction,38.17438333333333,40.211616666666664,39.193,2.910333333333333,range_poc,spec,long,37.5,38.17438333333333,37.665075
AMZN,2000-09-28,S1_contraction,38.473983333333344,40.547850000000004,39.510916666666674,2.9626666666666663,range_poc,spec,long,40.0,38.473983333333344,37.95551666666668
AMZN,2000-11-03,S1_contraction,35.142783333333334,38.00088333333333,36.57183333333333,4.083,range_poc,spec,long,37.56,35.142783333333334,34.42825833333333
AMZN,2000-11-22,S1_contraction,26.375633333333333,29.226033333333334,27.800833333333333,4.072,range_poc,spec,long,25.19,26.375633333333333,25.66303333333333
AMZN,2000-11-24,S1_contraction,26.378433333333334,29.223233333333333,27.800833333333333,4.064,range_poc,spec,long,28.94,26.378433333333334,25.667233333333336
AMZN,2000-12-08,S1_contraction,24.593983333333334,27.078516666666665,25.83625,3.549333333333333,range_poc,spec,long,23.44,24.593983333333334,23.97285
AMZN,2000-12-11,S1_contraction,24.585116666666668,27.08738333333333,25.83625,3.574666666666667,range_poc,spec,long,25.31,24.585116666666668,23.95955
AMZN,2000-12-15,S1_contraction,23.62135,25.976149999999997,24.79875,3.364,range_poc,spec,long,22.88,23.62135,23.03265
AMZN,2001-01-08,S1_contraction,15.525833333333333,17.610666666666667,16.56825,2.9783333333333335,range_poc,spec,long,14.94,15.525833333333333,15.004624999999999
AMZN,2001-01-09,S1_contraction,15.547649999999999,17.58885,16.56825,2.916,range_poc,spec,long,16.38,15.547649999999999,15.037349999999998
AMZN,2001-01-31,S1_contraction,15.8056,17.3414,16.5735,2.1939999999999995,range_poc,spec,long,17.31,15.8056,15.42165
AMZN,2001-02-14,S1_contraction,14.161583333333333,15.448416666666667,14.805,1.8383333333333332,range_poc,spec,long,14.44,14.161583333333333,13.839875
AMZN,2001-03-06,S1_contraction,11.278923333333333,12.384176666666667,11.83155,1.578933333333333,range_poc,spec,long,11.88,11.278923333333333,11.00261
AMZN,2001-03-15,S1_contraction,11.230606666666667,12.135193333333333,11.6829,1.2922666666666667,range_poc,spec,long,10.88,11.230606666666667,11.00446
AMZN,2001-03-19,S1_contraction,11.30774,12.175693333333333,11.741716666666667,1.239933333333333,range_poc,spec,long,10.5,11.30774,11.090751666666668
AMZN,2001-03-20,S1_contraction,11.299106666666667,12.184326666666667,11.741716666666667,1.2646000000000002,range_poc,spec,long,10.25,11.299106666666667,11.077801666666666
AMZN,2001-03-27,S1_contraction,11.316210000000002,12.115773333333333,11.715991666666667,1.1422333333333332,range_poc,spec,long,11.64,11.316210000000002,11.116319166666669
AMZN,2001-04-09,S1_contraction,11.266518333333334,12.111815,11.689166666666667,1.2075666666666665,range_poc,spec,long,11.18,11.266518333333334,11.055194166666666
AMZN,2001-05-03,S1_contraction,15.589228333333335,16.539105000000003,16.06416666666667,1.3569666666666669,range_poc,spec,long,16.75,15.589228333333335,15.351759166666668
AMZN,2001-05-08,S1_contraction,15.57311666666667,16.55521666666667,16.06416666666667,1.403,range_poc,spec,long,16.18,15.57311666666667,15.327591666666669
AMZN,2001-05-10,S1_contraction,15.572650000000001,16.555683333333334,16.06416666666667,1.4043333333333334,range_poc,spec,long,14.62,15.572650000000001,15.326891666666668
AMZN,2001-05-21,S1_contraction,15.610333333333333,16.606666666666666,16.1085,1.4233333333333336,range_poc,spec,long,16.38,15.610333333333333,15.36125
AMZN,2001-05-25,S1_contraction,15.643033333333333,16.544633333333334,16.093833333333333,1.288,range_poc,spec,long,17.09,15.643033333333333,15.417633333333333
AMZN,2001-05-30,S1_contraction,15.639533333333333,16.548133333333332,16.093833333333333,1.2980000000000005,range_poc,spec,long,15.66,15.639533333333333,15.412383333333333
AMZN,2001-05-31,S1_contraction,16.380133333333333,17.244866666666667,16.8125,1.2353333333333334,range_poc,spec,long,16.69,16.380133333333333,16.16395
AMZN,2001-07-24,S1_contraction,12.215783333333333,12.983216666666666,12.599499999999999,1.0963333333333332,range_poc,spec,long,12.06,12.215783333333333,12.023924999999998
AMZN,2001-10-04,S1_contraction,6.952288333333333,7.499711666666665,7.225999999999999,0.7820333333333334,range_poc,spec,long,7.04,6.952288333333333,6.8154325
AMZN,2001-10-12,S1_contraction,6.940345,7.490988333333333,7.2156666666666665,0.7866333333333334,range_poc,spec,long,8.07,6.940345,6.802684166666666
AMZN,2001-11-08,S1_contraction,6.6987049999999995,7.233294999999999,6.965999999999999,0.7636999999999999,range_poc,spec,long,6.97,6.6987049999999995,6.5650575
AMZN,2001-12-05,S4_failed_break,11.630038333333335,12.257961666666667,11.944,0.8970333333333335,range_poc,spec,long,11.76,11.630038333333335,11.473057500000003
AMZN,2002-01-10,S1_contraction,10.558016666666667,11.148816666666669,10.853416666666668,0.8440000000000001,range_poc,spec,long,11.04,10.558016666666667,10.410316666666667
AMZN,2002-01-25,S3_rejection,13.751819444444445,14.395586111111113,14.073702777777779,0.9196666666666665,rejection_origin,spec,long,14.44,13.751819444444445,13.590877777777777
AMZN,2002-02-12,S1_contraction,12.103599999999998,12.80873333333333,12.456166666666665,1.0073333333333332,range_poc,spec,long,12.9,12.103599999999998,11.927316666666666
AMZN,2002-03-27,S1_contraction,13.9341,14.614733333333334,14.274416666666667,0.9723333333333334,range_poc,spec,long,14.25,13.9341,13.763941666666668
AMZN,2002-04-02,S1_contraction,13.93655,14.612283333333334,14.274416666666667,0.9653333333333334,range_poc,spec,long,14.25,13.93655,13.767616666666667
AMZN,2002-04-05,S1_contraction,13.970016666666666,14.624983333333333,14.2975,0.9356666666666666,range_poc,spec,long,13.5,13.970016666666666,13.806275
AMZN,2002-04-08,S1_contraction,13.927383333333335,14.592616666666668,14.260000000000002,0.9503333333333334,range_poc,spec,long,13.95,13.927383333333335,13.761075000000002
AMZN,2002-04-10,S1_contraction,13.925050000000002,14.59495,14.260000000000002,0.9570000000000001,range_poc,spec,long,13.55,13.925050000000002,13.757575000000003
AMZN,2002-04-15,S1_contraction,13.924516666666667,14.593483333333333,14.259,0.9556666666666664,range_poc,spec,long,13.89,13.924516666666667,13.757275
AMZN,2002-06-07,S1_contraction,18.581916666666665,19.19558333333333,18.888749999999998,0.8766666666666667,range_poc,spec,long,18.58,18.581916666666665,18.4285
AMZN,2002-06-17,S1_contraction,17.778216666666665,18.449283333333334,18.11375,0.9586666666666666,range_poc,spec,long,18.41,17.778216666666665,17.61045
AMZN,2002-06-18,S1_contraction,18.567533333333333,19.2463,18.906916666666667,0.9696666666666667,range_poc,spec,long,18.78,18.567533333333333,18.397841666666665
AMZN,2002-07-16,S1_contraction,17.02975,17.841749999999998,17.43575,1.16,range_poc,spec,long,16.29,17.02975,16.82675
AMZN,2002-08-29,S1_contraction,13.645366666666666,14.2938,13.969583333333333,0.9263333333333335,range_poc,spec,long,15.14,13.645366666666666,13.483258333333332
AMZN,2002-09-03,S1_contraction,14.144216666666667,14.789616666666666,14.466916666666666,0.922,range_poc,spec,long,14.6,14.144216666666667,13.982866666666666
AMZN,2002-09-06,S1_contraction,14.392966666666666,14.969533333333334,14.68125,0.8236666666666668,range_poc,spec,long,15.31,14.392966666666666,14.248825
AMZN,2002-10-01,S1_contraction,16.53105,17.158949999999997,16.845,0.8970000000000001,range_poc,spec,long,16.95,16.53105,16.374075
AMZN,2002-11-04,S1_contraction,18.548616666666668,19.237883333333336,18.893250000000002,0.9846666666666668,range_poc,spec,long,18.78,18.548616666666668,18.3763
AMZN,2002-11-11,S1_contraction,18.548933333333334,19.208566666666666,18.87875,0.9423333333333335,range_poc,spec,long,19.0,18.548933333333334,18.384025
AMZN,2003-01-15,S1_contraction,21.6878,22.294700000000002,21.99125,0.8670000000000002,range_poc,spec,long,22.27,21.6878,21.536074999999997
AMZN,2003-02-04,S1_contraction,21.314733333333333,21.944266666666667,21.6295,0.8993333333333334,range_poc,spec,long,22.05,21.314733333333333,21.15735
AMZN,2003-02-06,S1_contraction,21.31555,21.94345,21.6295,0.8970000000000001,range_poc,spec,long,22.09,21.31555,21.158575000000003
AMZN,2003-02-07,S1_contraction,21.3096,21.9494,21.6295,0.914,range_poc,spec,long,21.44,21.3096,21.14965
AMZN,2003-03-31,S1_contraction,26.34425,26.97425,26.65925,0.9,range_poc,spec,long,26.03,26.34425,26.186749999999996
AMZN,2003-04-21,S1_contraction,25.875866666666663,26.596633333333333,26.23625,1.0296666666666667,range_poc,spec,long,25.25,25.875866666666663,25.695674999999994
AMZN,2003-04-23,S1_contraction,25.8614,26.611099999999997,26.23625,1.0710000000000002,range_poc,spec,long,25.43,25.8614,25.673975
AMZN,2003-05-05,S1_contraction,28.346662833333333,29.089337166666667,28.718,1.0609633333333335,range_poc,spec,long,29.96,28.346662833333333,28.16099425
AMZN,2003-07-01,S1_contraction,34.94382,35.85601333333334,35.39991666666667,1.303133333333333,range_poc,spec,long,37.25,34.94382,34.71577166666667
AMZN,2003-07-18,S1_contraction,34.92522999999999,35.93476999999999,35.42999999999999,1.4422,range_poc,spec,long,34.9798,34.92522999999999,34.672844999999995
AMZN,2003-09-05,S1_contraction,45.627028333333335,46.55847166666667,46.09275,1.3306333333333327,range_poc,spec,long,46.52,45.627028333333335,45.3941675
AMZN,2003-09-09,S1_contraction,45.636828333333334,46.54867166666667,46.09275,1.3026333333333329,range_poc,spec,long,46.68,45.636828333333334,45.4088675
AMZN,2003-09-12,S1_contraction,45.635533333333335,46.54996666666667,46.09275,1.3063333333333327,range_poc,spec,long,45.68,45.635533333333335,45.406925
AMZN,2003-10-17,S1_contraction,57.86401833333333,59.035981666666665,58.449999999999996,1.674233333333333,range_poc,spec,long,59.69,57.86401833333333,57.57102749999999
AMZN,2003-11-03,S1_contraction,55.50766,56.902339999999995,56.205,1.9923999999999997,range_poc,spec,long,56.74,55.50766,55.15899
AMZN,2003-11-07,S1_contraction,55.371959999999994,56.69804,56.035,1.8943999999999999,range_poc,spec,long,54.31,55.371959999999994,55.04043999999999
AMZN,2003-12-09,S1_contraction,51.498525,52.87064166666667,52.184583333333336,1.9601666666666673,range_poc,spec,long,49.34,51.498525,51.15549583333333
AMZN,2003-12-15,S1_contraction,51.48233666666667,52.85933,52.170833333333334,1.967133333333334,range_poc,spec,long,50.41,51.48233666666667,51.138088333333336
AMZN,2004-01-05,S1_contraction,52.52032666666667,53.78667333333333,53.1535,1.8090666666666668,range_poc,spec,long,53.27,52.52032666666667,52.20374
AMZN,2004-01-09,S1_contraction,51.467668333333336,52.72199833333333,52.094833333333334,1.7918999999999998,range_poc,spec,long,51.59,51.467668333333336,51.15408583333334
AMZN,2004-01-28,S1_contraction,52.040058333333334,53.32094166666667,52.6805,1.8298333333333339,range_poc,spec,long,51.96,52.040058333333334,51.7198375
AMZN,2004-02-13,S1_contraction,45.32082333333333,46.65917666666666,45.989999999999995,1.9119333333333342,range_poc,spec,long,46.38,45.32082333333333,44.98623499999999
AMZN,2004-02-19,S1_contraction,45.328289999999996,46.651709999999994,45.989999999999995,1.8906000000000007,range_poc,spec,long,44.65,45.328289999999996,44.997434999999996
AMZN,2004-02-20,S1_contraction,45.34415666666666,46.63584333333333,45.989999999999995,1.8452666666666675,range_poc,spec,long,45.17,45.34415666666666,45.021235
AMZN,2004-03-17,S1_contraction,42.765425,43.741575000000005,43.2535,1.3945,range_poc,spec,long,42.8,42.765425,42.5213875
AMZN,2004-04-21,S1_contraction,45.7427765,46.848223499999996,46.2955,1.57921,range_poc,spec,long,45.72,45.7427765,45.46641475
AMZN,2004-04-23,S1_contraction,45.60249316666667,46.793340166666674,46.19791666666667,1.70121,range_poc,spec,long,46.29,45.60249316666667,45.30478141666667
AMZN,2004-04-27,S1_contraction,45.59770983333334,46.7981235,46.19791666666667,1.7148766666666668,range_poc,spec,long,48.0,45.59770983333334,45.297606416666675
AMZN,2004-04-28,S1_contraction,45.59269316666667,46.80314016666667,46.19791666666667,1.7292100000000004,range_poc,spec,long,46.97,45.59269316666667,45.290081416666666
AMZN,2004-06-23,S1_contraction,49.75071666666667,50.82545,50.28808333333333,1.5353333333333334,range_poc,spec,long,50.81,49.75071666666667,49.482033333333334
AMZN,2004-07-06,S1_contraction,49.547783333333335,50.654716666666666,50.10125,1.5813333333333335,range_poc,spec,long,51.24,49.547783333333335,49.27105
AMZN,2004-10-01,S1_contraction,39.47768166666666,40.432318333333335,39.955,1.3637666666666666,range_poc,spec,long,40.47,39.47768166666666,39.23902249999999
AMZN,2004-10-13,S1_contraction,40.754281666666664,41.69305166666667,41.22366666666667,1.3410999999999997,range_poc,spec,long,39.98,40.754281666666664,40.51958916666666
AMZN,2004-12-09,S1_contraction,39.113419666666665,40.011580333333335,39.5625,1.2830866666666665,range_poc,spec,long,39.82,39.113419666666665,38.8888795
AMZN,2004-12-13,S1_contraction,39.257403,40.190096999999994,39.723749999999995,1.3324199999999997,range_poc,spec,long,39.83,39.257403,39.0242295
AMZN,2004-12-16,S1_contraction,39.30993333333333,40.20173333333334,39.755833333333335,1.274,range_poc,spec,long,40.05,39.30993333333333,39.086983333333336
AMZN,2004-12-27,S1_contraction,39.49258333333333,40.393249999999995,39.94291666666666,1.2866666666666673,range_poc,spec,long,42.25,39.49258333333333,39.26741666666666
AMZN,2005-02-01,S1_contraction,41.867599999999996,42.95656666666666,42.41208333333333,1.5556666666666668,range_poc,spec,long,42.48,41.867599999999996,41.59535833333333
AMZN,2005-04-12,S1_contraction,33.85166783333333,34.4256655,34.138666666666666,0.8199966666666673,range_poc,spec,long,34.63,33.85166783333333,33.708168416666666
AMZN,2005-04-13,S1_contraction,33.852017833333335,34.425315499999996,34.138666666666666,0.8189966666666675,range_poc,spec,long,34.3,33.852017833333335,33.70869341666667
AMZN,2005-04-25,S1_contraction,33.304633333333335,33.878866666666674,33.591750000000005,0.8203333333333338,range_poc,spec,long,33.53,33.304633333333335,33.161075
AMZN,2005-06-03,S1_contraction,35.14952166666667,35.741978333333336,35.445750000000004,0.8463666666666668,range_poc,spec,long,35.59,35.14952166666667,35.001407500000006
AMZN,2005-06-15,S1_contraction,35.15325500000001,35.664745,35.409000000000006,0.7307,range_poc,spec,long,35.24,35.15325500000001,35.025382500000006
AMZN,2005-07-11,S1_contraction,35.13708950000001,35.6929105,35.415000000000006,0.7940300000000006,range_poc,spec,long,35.59,35.13708950000001,34.99813425000001
AMZN,2005-08-15,S1_contraction,44.84856666666667,45.71143333333333,45.28,1.2326666666666664,range_poc,spec,long,45.04,44.84856666666667,44.632850000000005
AMZN,2005-10-13,S1_contraction,42.95653333333333,43.828966666666666,43.39275,1.2463333333333335,range_poc,spec,long,42.62,42.95653333333333,42.738425
AMZN,2005-10-14,S1_contraction,42.95291666666667,43.83258333333333,43.39275,1.2566666666666668,range_poc,spec,long,43.79,42.95291666666667,42.733000000000004
AMZN,2005-11-15,S1_contraction,43.959565500000004,44.9344345,44.447,1.3926700000000003,range_poc,spec,long,44.45,43.959565500000004,43.71584825000001
AMZN,2005-12-02,S1_contraction,47.51779883333334,48.479367833333335,47.998583333333336,1.3736700000000002,range_poc,spec,long,49.06,47.51779883333334,47.27740658333334
AMZN,2005-12-07,S1_contraction,47.465632166666666,48.421367833333335,47.9435,1.3653366666666669,range_poc,spec,long,48.83,47.465632166666666,47.22669825
AMZN,2005-12-08,S1_contraction,47.5292155,48.3577845,47.9435,1.18367,range_poc,spec,long,48.35,47.5292155,47.32207325
AMZN,2005-12-21,S1_contraction,48.609613333333336,49.411836666666666,49.010725,1.1460333333333337,range_poc,spec,long,48.97,48.609613333333336,48.4090575
AMZN,2006-01-26,S1_contraction,43.927223833333336,44.68812616666667,44.307675,1.0870033333333342,range_poc,spec,long,44.68,43.927223833333336,43.73699825
AMZN,2006-01-31,S1_contraction,43.92745600000001,44.687894,44.307675,1.0863400000000003,range_poc,spec,long,44.82,43.92745600000001,43.73734650000001
AMZN,2006-02-21,S1_contraction,37.72325816666667,38.661241833333335,38.19225,1.3399766666666675,range_poc,spec,long,38.29,37.72325816666667,37.48876225
AMZN,2006-03-30,S1_contraction,36.55704533333333,37.204799666666666,36.8809225,0.9253633333333335,range_poc,spec,long,36.67,36.55704533333333,36.39510675
AMZN,2006-04-04,S1_contraction,36.43224033333333,37.080694666666666,36.7564675,0.9263633333333333,range_poc,spec,long,36.77,36.43224033333333,36.27012675
AMZN,2006-04-26,S1_contraction,35.960814500000005,36.67635216666667,36.318583333333336,1.022196666666667,range_poc,spec,long,35.79,35.960814500000005,35.781930083333336
AMZN,2006-05-01,S1_contraction,35.437731166666666,36.15560216666667,35.79666666666667,1.0255300000000007,range_poc,spec,long,34.59,35.437731166666666,35.258263416666665
AMZN,2006-05-08,S1_contraction,35.2489145,35.94625216666667,35.59758333333333,0.9961966666666674,range_poc,spec,long,34.69,35.2489145,35.07458008333333
AMZN,2006-05-09,S1_contraction,35.24274166666667,35.952425,35.59758333333333,1.013833333333334,range_poc,spec,long,34.84,35.24274166666667,35.06532083333333
AMZN,2006-06-07,S1_contraction,34.131366666666665,34.96763333333334,34.5495,1.1946666666666672,range_poc,spec,long,33.77,34.131366666666665,33.92229999999999
AMZN,2006-06-09,S1_contraction,34.12238333333333,34.97661666666667,34.5495,1.2203333333333337,range_poc,spec,long,33.88,34.12238333333333,33.90882499999999
AMZN,2006-06-13,S1_contraction,33.955041666666666,34.81195833333333,34.3835,1.2241666666666673,range_poc,spec,long,33.47,33.955041666666666,33.740812500000004
AMZN,2006-06-14,S1_contraction,33.952708333333334,34.81429166666666,34.3835,1.230833333333334,range_poc,spec,long,33.68,33.952708333333334,33.7373125
AMZN,2006-06-15,S1_contraction,34.02847499999999,34.904525,34.466499999999996,1.2515000000000005,range_poc,spec,long,34.96,34.02847499999999,33.809462499999995
AMZN,2006-07-24,S1_contraction,33.364825333333336,34.131008,33.74791666666667,1.0945466666666668,range_poc,spec,long,34.31,33.364825333333336,33.17327966666667
AMZN,2006-07-25,S1_contraction,33.365292000000004,34.13054133333333,33.74791666666667,1.0932133333333336,range_poc,spec,long,33.59,33.365292000000004,33.17397966666667
AMZN,2006-08-14,S1_contraction,26.298783333333333,27.150216666666665,26.7245,1.216333333333334,range_poc,spec,long,26.53,26.298783333333333,26.085925
AMZN,2006-10-03,S1_contraction,31.511033333333337,32.26446666666667,31.887750000000004,1.076333333333334,range_poc,spec,long,31.86,31.511033333333337,31.322675000000004
AMZN,2006-10-17,S1_contraction,31.548478333333335,32.311688333333336,31.930083333333336,1.0903000000000003,range_poc,spec,long,32.47,31.548478333333335,31.357675833333335
AMZN,2006-10-18,S1_contraction,31.55781166666667,32.302355000000006,31.930083333333336,1.0636333333333337,range_poc,spec,long,32.31,31.55781166666667,31.371675833333335
AMZN,2006-12-18,S1_contraction,38.553315000000005,39.27135166666667,38.912333333333336,1.0257666666666667,range_poc,spec,long,39.26,38.553315000000005,38.373805833333336
AMZN,2007-01-03,S1_contraction,38.60469883333334,39.29280116666667,38.948750000000004,0.9830033333333336,range_poc,spec,long,38.7,38.60469883333334,38.43267325000001
AMZN,2007-01-16,S1_contraction,38.54349883333334,39.22600116666667,38.884750000000004,0.9750033333333332,range_poc,spec,long,38.66,38.54349883333334,38.372873250000005
AMZN,2007-03-09,S1_contraction,38.52942033333333,39.29557966666666,38.912499999999994,1.0945133333333337,range_poc,spec,long,38.84,38.52942033333333,38.3378805
AMZN,2007-03-26,S1_contraction,37.97996783333333,38.66269883333334,38.321333333333335,0.97533,range_poc,spec,long,39.01,37.97996783333333,37.809285083333336
AMZN,2007-05-07,S1_contraction,61.35942166666667,62.50907833333334,61.934250000000006,1.642366666666667,range_poc,spec,long,60.82,61.35942166666667,61.0720075
AMZN,2007-05-08,S1_contraction,61.364938333333335,62.55006166666667,61.9575,1.6930333333333336,range_poc,spec,long,61.83,61.364938333333335,61.0686575
AMZN,2007-05-16,S1_contraction,61.07935500000001,62.398645,61.739000000000004,1.8847,range_poc,spec,long,63.22,61.07935500000001,60.74953250000001
AMZN,2007-05-17,S1_contraction,61.09853833333334,62.43812833333334,61.76833333333334,1.9137000000000002,range_poc,spec,long,62.17,61.09853833333334,60.76364083333334
AMZN,2007-06-19,S1_contraction,68.575195,70.10047166666665,69.33783333333332,2.1789666666666667,range_poc,spec,long,69.81,68.575195,68.19387583333332
AMZN,2007-06-27,S1_contraction,68.00257833333333,69.49775500000001,68.75016666666667,2.135966666666667,range_poc,spec,long,68.14,68.00257833333333,67.62878416666666
AMZN,2007-06-28,S1_contraction,68.58832833333332,70.05667166666666,69.32249999999999,2.0976333333333335,range_poc,spec,long,68.89,68.58832833333332,68.22124249999999
AMZN,2007-07-12,S1_contraction,71.0479845,72.3845155,71.71625,1.909329999999999,range_poc,spec,long,72.79,71.0479845,70.71385175
AMZN,2007-07-24,S1_contraction,69.03795116666666,70.28604883333333,69.66199999999999,1.782996666666665,range_poc,spec,long,69.25,69.03795116666666,68.72592674999999
AMZN,2007-07-25,S3_rejection,87.96478058333332,89.62821158333333,88.79649608333332,2.376329999999998,rejection_origin,spec,long,86.1799,87.96478058333332,87.54892283333332
AMZN,2007-08-10,S1_contraction,70.56885116666669,72.79764883333334,71.68325000000002,3.1839966666666646,range_poc,spec,long,74.7801,70.56885116666669,70.01165175000003
AMZN,2007-08-20,S1_contraction,71.892219,74.20361433333333,73.04791666666667,3.3019933333333316,range_poc,spec,long,74.7,71.892219,71.31437016666666
AMZN,2007-08-29,S1_contraction,76.86846783333333,79.3023655,78.08541666666666,3.4769966666666656,range_poc,spec,long,79.05,76.86846783333333,76.25999341666666
AMZN,2007-10-11,S1_contraction,92.04890933333334,93.73192399999999,92.89041666666667,2.4043066666666637,range_poc,spec,long,89.34,92.04890933333334,91.62815566666669
AMZN,2007-11-07,S1_contraction,88.4944475,90.7730525,89.63375,3.2551499999999987,range_poc,spec,long,87.0438,88.4944475,87.92479625000001
AMZN,2007-11-28,S1_contraction,88.07391316666667,90.74558683333333,89.40975,3.8166766666666656,range_poc,spec,long,90.3,88.07391316666667,87.40599475
AMZN,2008-01-04,S1_contraction,89.57756350000001,91.8234365,90.7005,3.20839,range_poc,spec,long,88.79,89.57756350000001,89.01609525
AMZN,2008-01-31,S4_failed_break,74.17595,77.17405,75.675,4.283,range_poc,spec,long,77.7,74.17595,73.426425
AMZN,2008-02-07,S1_contraction,72.4106345,75.62386550000001,74.01725,4.590329999999999,range_poc,spec,long,70.91,72.4106345,71.60732675
AMZN,2008-02-07,S4_failed_break,72.65921783333334,75.87244883333335,74.26583333333335,4.590329999999999,range_poc,spec,long,70.91,72.65921783333334,71.85591008333334
AMZN,2008-03-18,S1_contraction,70.7031945,73.17097216666667,71.93708333333333,3.5253966666666656,range_poc,spec,long,71.7,70.7031945,70.08625008333333
AMZN,2008-03-31,S1_contraction,70.38280800000001,72.72835866666668,71.55558333333335,3.350786666666667,range_poc,spec,long,71.3,70.38280800000001,69.79642033333334
AMZN,2008-04-14,S1_contraction,72.91717466666665,75.29282533333333,74.10499999999999,3.3937866666666667,range_poc,spec,long,72.61,72.91717466666665,72.32326199999999
AMZN,2008-05-19,S1_contraction,78.85473333333334,81.01026666666667,79.9325,3.0793333333333313,range_poc,spec,long,82.29,78.85473333333334,78.31585000000001
AMZN,2008-06-06,S1_contraction,79.82321666666667,81.72278333333333,80.773,2.7136666666666667,range_poc,spec,long,80.63,79.82321666666667,79.348325
AMZN,2008-08-05,S1_contraction,76.65531133333333,79.37918866666665,78.01724999999999,3.891253333333333,range_poc,spec,long,79.11,76.65531133333333,75.97434200000001
AMZN,2008-09-04,S1_contraction,76.844495,79.220505,78.0325,3.394299999999998,range_poc,spec,long,78.03,76.844495,76.2504925
AMZN,2008-09-08,S1_contraction,80.75088333333333,82.98411666666668,81.8675,3.1903333333333324,range_poc,spec,long,81.16,80.75088333333333,80.192575
AMZN,2008-09-19,S3_rejection,80.62065225,83.35840125000001,81.98952675000001,3.911069999999999,rejection_origin,spec,long,81.0,80.62065225,79.936215
AMZN,2008-10-23,S4_failed_break,48.7481045,53.2148955,50.9815,6.3811300000000015,range_poc,spec,long,50.32,48.7481045,47.63140675
AMZN,2008-11-05,S1_contraction,48.375654499999996,52.65251216666667,50.51408333333333,6.109796666666668,range_poc,spec,long,51.98,48.375654499999996,47.30644008333333
AMZN,2009-01-12,S1_contraction,50.4495945,52.733738833333334,51.59166666666667,3.2630633333333336,range_poc,spec,long,51.92,50.4495945,49.87855841666667
AMZN,2009-01-21,S1_contraction,50.1658945,52.3371055,51.2515,3.1017299999999994,range_poc,spec,long,50.54,50.1658945,49.62309175
AMZN,2009-01-28,S1_contraction,49.870194500000004,51.920305500000005,50.895250000000004,2.92873,range_poc,spec,long,50.36,49.870194500000004,49.35766675000001
AMZN,2009-02-25,S1_contraction,62.44413666666667,64.71269666666667,63.57841666666667,3.2408000000000006,range_poc,spec,long,63.71,62.44413666666667,61.87699666666667
AMZN,2009-03-09,S1_contraction,62.41857,64.77276333333333,63.595666666666666,3.3631333333333346,range_poc,spec,long,60.49,62.41857,61.83002166666667
AMZN,2009-03-10,S1_contraction,62.38310333333333,64.80823,63.595666666666666,3.4644666666666675,range_poc,spec,long,65.71,62.38310333333333,61.77682166666666
AMZN,2009-05-01,S1_contraction,76.04802016666667,78.24531316666668,77.14666666666668,3.13899,range_poc,spec,long,78.96,76.04802016666667,75.49869691666667
AMZN,2009-05-06,S1_contraction,78.12797016666667,80.2771965,79.20258333333334,3.0703233333333335,range_poc,spec,long,81.99,78.12797016666667,77.59066358333334
AMZN,2009-05-07,S1_contraction,78.11910350000001,80.28606316666666,79.20258333333334,3.095656666666667,range_poc,spec,long,79.28,78.11910350000001,77.57736358333335
AMZN,2009-05-19,S1_contraction,78.43377016666666,80.66722983333334,79.5505,3.190656666666666,range_poc,spec,long,77.87,78.43377016666666,77.87540525
AMZN,2009-05-20,S1_contraction,78.4270035,80.6739965,79.5505,3.209989999999999,range_poc,spec,long,77.97,78.4270035,77.86525524999999
AMZN,2009-05-26,S1_contraction,76.83286666666666,79.09946666666667,77.96616666666667,3.2379999999999995,range_poc,spec,long,78.39,76.83286666666666,76.26621666666665
AMZN,2009-06-23,S1_contraction,75.00698333333332,77.11935,76.06316666666666,3.0176666666666665,range_poc,spec,long,77.68,75.00698333333332,74.47889166666666
AMZN,2009-07-13,S1_contraction,81.50146666666666,83.56436666666667,82.53291666666667,2.947000000000001,range_poc,spec,long,81.47,81.50146666666666,80.98574166666666
AMZN,2009-08-04,S1_contraction,84.37959466666666,86.37990533333334,85.37975,2.8575866666666667,range_poc,spec,long,85.8,84.37959466666666,83.87951699999999
AMZN,2009-08-12,S1_contraction,84.407128,86.352372,85.37975,2.7789199999999994,range_poc,spec,long,85.96,84.407128,83.920817
AMZN,2009-08-26,S1_contraction,84.67078033333334,86.44171966666667,85.55625,2.5299133333333335,range_poc,spec,long,84.0,84.67078033333334,84.22804550000001
AMZN,2009-09-10,S1_contraction,83.24191900000001,84.78424766666667,84.01308333333334,2.2033266666666673,range_poc,spec,long,83.85,83.24191900000001,82.85633683333334
AMZN,2010-01-04,S1_contraction,131.23087199999998,133.910038,132.57045499999998,3.8273800000000002,range_poc,spec,long,133.9,131.23087199999998,130.56108049999997
AMZN,2010-01-08,S1_contraction,130.8455736666667,133.61991633333335,132.23274500000002,3.9633466666666655,range_poc,spec,long,133.52,130.8455736666667,130.15198800000002
AMZN,2010-01-15,S1_contraction,128.137617,130.92451300000002,129.531065,3.9812799999999995,range_poc,spec,long,127.14,128.137617,127.440893
AMZN,2010-01-20,S1_contraction,128.325852,130.97998133333334,129.65291666666667,3.7916133333333337,range_poc,spec,long,125.78,128.325852,127.66231966666666
AMZN,2010-02-25,S1_contraction,115.8820425,118.66941916666666,117.27573083333333,3.9819666666666667,range_poc,spec,long,118.2,115.8820425,115.18519833333333
AMZN,2010-06-04,S1_contraction,122.71117666666665,126.53532333333332,124.62324999999998,5.463066666666666,range_poc,spec,long,122.77,122.71117666666665,121.75513999999998
AMZN,2010-06-10,S1_contraction,123.01339133333333,126.797442,124.90541666666667,5.405786666666668,range_poc,spec,long,123.21,123.01339133333333,122.06737866666666
AMZN,2010-06-22,S1_contraction,123.530383,126.78745033333334,125.15891666666667,4.652953333333334,range_poc,spec,long,122.307,123.530383,122.71611616666667
AMZN,2010-07-19,S1_contraction,120.11298350000001,123.03118316666666,121.57208333333334,4.168856666666667,range_poc,spec,long,119.94,120.11298350000001,119.38343358333336
AMZN,2010-07-22,S1_contraction,118.7022355,121.51259783333333,120.10741666666667,4.014803333333332,range_poc,spec,long,120.07,118.7022355,117.99964491666667
AMZN,2010-07-23,S4_failed_break,117.8686355,120.88153116666668,119.37508333333334,4.304136666666666,range_poc,spec,long,118.87,117.8686355,117.11541158333333
AMZN,2010-09-01,S1_contraction,125.67778883333332,128.35396116666666,127.015875,3.823103333333335,range_poc,spec,long,132.49,125.67778883333332,125.00874574999999
AMZN,2010-10-05,S1_contraction,159.41920050000002,162.1642995,160.79175,3.9215700000000018,range_poc,spec,long,160.87,159.41920050000002,158.73292575000002
AMZN,2010-10-07,S1_contraction,156.08630050000002,158.90886616666668,157.49758333333335,4.03223666666667,range_poc,spec,long,156.27,156.08630050000002,155.38065908333334
AMZN,2010-10-12,S1_contraction,154.76998383333333,157.6606828333333,156.21533333333332,4.129570000000002,range_poc,spec,long,156.48,154.76998383333333,154.04730908333335
AMZN,2010-11-11,S1_contraction,168.30346899999998,171.47936433333334,169.89141666666666,4.536993333333336,range_poc,spec,long,170.37,168.30346899999998,167.50949516666662
AMZN,2010-12-10,S1_contraction,175.92155116666666,178.98807383333335,177.4548125,4.380746666666664,range_poc,spec,long,175.62,175.92155116666666,175.1549205
AMZN,2010-12-15,S1_contraction,175.90371166666668,179.00591333333332,177.4548125,4.431716666666665,range_poc,spec,long,175.57,175.90371166666668,175.12816125
AMZN,2011-01-20,S1_contraction,182.83240666666666,185.2510933333333,184.04174999999998,3.4552666666666636,range_poc,spec,long,181.96,182.83240666666666,182.227735
AMZN,2011-02-08,S1_contraction,182.86397666666664,185.92768999999998,184.39583333333331,4.376733333333331,range_poc,spec,long,183.06,182.86397666666664,182.0980483333333
AMZN,2011-02-18,S1_contraction,183.6651375,186.77319583333335,185.21916666666667,4.440083333333333,range_poc,spec,long,186.5,183.6651375,182.88812291666665
AMZN,2011-03-21,S1_contraction,164.94591783333334,168.04458216666666,166.49525,4.426663333333337,range_poc,spec,long,164.525,164.94591783333334,164.17125175
AMZN,2011-03-23,S1_contraction,164.96627616666666,168.02422383333334,166.49525,4.368496666666671,range_poc,spec,long,165.32,164.96627616666666,164.20178925
AMZN,2011-04-13,S1_contraction,181.4166761666667,184.51265716666668,182.9646666666667,4.422830000000001,range_poc,spec,long,182.29,181.4166761666667,180.64268091666668
AMZN,2011-04-20,S1_contraction,180.04422150000002,183.11711183333333,181.58066666666667,4.389843333333333,range_poc,spec,long,183.87,180.04422150000002,179.2759989166667
AMZN,2011-04-21,S1_contraction,180.05945816666667,183.10187516666667,181.58066666666667,4.34631,range_poc,spec,long,185.89,180.05945816666667,179.29885391666667
AMZN,2011-05-26,S1_contraction,195.08127966666666,198.56972033333335,196.8255,4.983486666666662,range_poc,spec,long,195.0,195.08127966666666,194.20916949999997
AMZN,2011-05-31,S1_contraction,195.06728433333333,198.58371566666668,196.8255,5.02347333333333,range_poc,spec,long,196.69,195.06728433333333,194.1881765
AMZN,2011-09-29,S1_contraction,213.43935916666666,219.92564083333335,216.6825,9.266116666666665,range_poc,spec,long,222.44,213.43935916666666,211.81778874999998
AMZN,2011-09-30,S1_contraction,213.53759250000002,219.8274075,216.6825,8.985449999999998,range_poc,spec,long,216.23,213.53759250000002,211.96513875000002
AMZN,2011-11-11,S1_contraction,212.25398149999998,218.41601849999998,215.33499999999998,8.80291,range_poc,spec,long,217.39,212.25398149999998,210.71347225
AMZN,2012-02-01,S1_contraction,176.95754516666668,181.0986215,179.02808333333334,5.915823333333332,range_poc,spec,long,179.46,176.95754516666668,175.92227608333334
AMZN,2012-02-15,S1_contraction,182.35696199999998,186.55137133333332,184.45416666666665,5.992013333333335,range_poc,spec,long,184.47,182.35696199999998,181.30835966666666
AMZN,2012-02-16,S1_contraction,176.17485366666665,180.48347966666665,178.32916666666665,6.155180000000002,range_poc,spec,long,179.93,176.17485366666665,175.09769716666665
AMZN,2012-02-28,S1_contraction,180.77766633333331,184.86400033333334,182.82083333333333,5.837620000000001,range_poc,spec,long,183.8,180.77766633333331,179.75608283333332
AMZN,2012-03-02,S1_contraction,180.87902633333331,184.76264033333334,182.82083333333333,5.54802,range_poc,spec,long,179.3,180.87902633333331,179.90812283333332
AMZN,2012-03-09,S1_contraction,180.93490966666667,184.70675699999998,182.82083333333333,5.388353333333334,range_poc,spec,long,184.32,180.93490966666667,179.99194783333334
AMZN,2012-03-20,S1_contraction,181.36108083333332,184.65608583333332,183.00858333333332,4.707150000000001,range_poc,spec,long,192.33,181.36108083333332,180.5373295833333
AMZN,2012-04-16,S1_contraction,181.84134999999998,185.37214999999998,183.60674999999998,5.043999999999998,range_poc,spec,long,185.5,181.84134999999998,180.95864999999998
AMZN,2012-04-25,S1_contraction,191.5673,195.1352,193.35125,5.096999999999998,range_poc,spec,long,194.42,191.5673,190.675325
AMZN,2012-05-15,S1_contraction,226.22064699999999,230.584853,228.40275,6.2345799999999985,range_poc,spec,long,224.39,226.22064699999999,225.1295955
AMZN,2012-05-16,S1_contraction,226.21353033333332,230.59196966666667,228.40275,6.254913333333333,range_poc,spec,long,224.06,226.21353033333332,225.1189205
AMZN,2012-06-25,S1_contraction,214.812408,218.531592,216.672,5.3131200000000005,range_poc,spec,long,220.07,214.812408,213.882612
AMZN,2012-07-10,S1_contraction,214.89130799999998,218.359192,216.62525,4.95412,range_poc,spec,long,219.5,214.89130799999998,214.02433699999997
AMZN,2012-07-11,S1_contraction,214.86634133333334,218.38415866666665,216.62525,5.025453333333332,range_poc,spec,long,218.37,214.86634133333334,213.98688700000002
AMZN,2012-08-16,S1_contraction,232.59174416666667,236.44000583333332,234.515875,5.497516666666667,range_poc,spec,long,241.55,232.59174416666667,231.62967875
AMZN,2012-09-21,S1_contraction,256.132282,259.39555133333334,257.76391666666666,4.661813333333332,range_poc,spec,long,257.47,256.132282,255.31646466666663
AMZN,2012-09-25,S1_contraction,257.899504,261.293496,259.5965,4.84856,range_poc,spec,long,252.46,257.899504,257.051006
AMZN,2012-10-03,S1_contraction,255.38491233333338,258.9145876666667,257.14975000000004,5.042393333333336,range_poc,spec,long,255.92,255.38491233333338,254.50249350000004
AMZN,2012-10-05,S1_contraction,255.33641233333333,258.854421,257.09541666666667,5.025726666666668,range_poc,spec,long,258.51,255.33641233333333,254.45691016666666
AMZN,2012-11-07,S1_contraction,232.01456566666664,236.56376766666662,234.28916666666663,6.498860000000005,range_poc,spec,long,232.0608,232.01456566666664,230.87726516666663
AMZN,2012-11-19,S1_contraction,230.12991916666667,234.64808083333335,232.389,6.454516666666671,range_poc,spec,long,229.71,230.12991916666667,229.00037874999998
AMZN,2012-12-11,S1_contraction,250.76654516666667,254.72795483333334,252.74725,5.659156666666665,range_poc,spec,long,250.69,250.76654516666667,249.77619275
AMZN,2012-12-17,S1_contraction,250.31579516666667,253.93303816666665,252.12441666666666,5.167489999999999,range_poc,spec,long,253.86,250.31579516666667,249.41148441666667
AMZN,2013-01-30,S3_rejection,267.00736488888884,271.8778902222222,269.44262755555553,6.957893333333331,rejection_origin,spec,long,272.764,267.00736488888884,265.7897335555555
AMZN,2013-02-13,S1_contraction,265.640359,270.76664099999994,268.20349999999996,7.323259999999997,range_poc,spec,long,269.47,265.640359,264.3587885
AMZN,2013-02-19,S1_contraction,266.58710783333333,271.7623921666667,269.17475,7.393263333333331,range_poc,spec,long,269.75,266.58710783333333,265.29328675
AMZN,2013-02-25,S1_contraction,266.5617211666667,271.78777883333333,269.17475,7.465796666666665,range_poc,spec,long,259.87,266.5617211666667,265.25520675000007
AMZN,2013-02-28,S1_contraction,264.50395449999996,269.8975455,267.20074999999997,7.70513,range_poc,spec,long,264.27,264.50395449999996,263.15555674999996
AMZN,2013-03-14,S1_contraction,262.25259066666666,266.9139093333334,264.58325,6.65902666666667,range_poc,spec,long,265.74,262.25259066666666,261.087261
AMZN,2013-03-27,S1_contraction,263.56748733333325,268.01334599999996,265.7904166666666,6.351226666666673,range_poc,spec,long,265.3,263.56748733333325,262.45602266666657
AMZN,2013-04-10,S1_contraction,255.73449233333326,259.8040076666666,257.76924999999994,5.813593333333335,range_poc,spec,long,264.77,255.73449233333326,254.71711349999993
AMZN,2013-05-17,S1_contraction,266.1897456666667,270.88608766666664,268.53791666666666,6.709059999999998,range_poc,spec,long,269.9,266.1897456666667,265.0156601666667
AMZN,2013-05-28,S1_contraction,265.23415066666666,269.8383493333333,267.53625,6.577426666666668,range_poc,spec,long,267.29,265.23415066666666,264.083101
AMZN,2013-06-24,S1_contraction,265.67769899999996,269.752301,267.715,5.820860000000009,range_poc,spec,long,270.61,265.67769899999996,264.6590484999999
AMZN,2013-07-24,S1_contraction,303.40830900000003,307.2335243333333,305.3209166666667,5.4645933333333305,range_poc,spec,long,298.94,303.40830900000003,302.4520051666667
AMZN,2013-07-25,S1_contraction,303.39197566666667,307.2498576666667,305.3209166666667,5.5112599999999965,range_poc,spec,long,303.4,303.39197566666667,302.42750516666666
AMZN,2013-10-03,S1_contraction,312.4481466666667,316.6823533333333,314.56525,6.048866666666667,range_poc,spec,long,314.76,312.4481466666667,311.389595
AMZN,2013-10-07,S1_contraction,312.36671333333334,316.76378666666665,314.56525,6.281533333333332,range_poc,spec,long,310.03,312.36671333333334,311.267445
AMZN,2013-11-07,S1_contraction,357.524908,363.6973003333334,360.6111041666667,8.817703333333338,range_poc,spec,long,343.56,357.524908,355.98180991666663
AMZN,2013-12-13,S1_contraction,382.485943,387.90605700000003,385.196,7.743020000000001,range_poc,spec,long,384.24,382.485943,381.1309145
AMZN,2014-01-06,S1_contraction,384.4398595,389.42864050000003,386.93425,7.126830000000001,range_poc,spec,long,393.63,384.4398595,383.19266425
AMZN,2014-01-14,S1_contraction,393.5728741666666,398.7516258333333,396.16225,7.3982166666666656,range_poc,spec,long,397.54,393.5728741666666,392.27818625
AMZN,2014-01-23,S1_contraction,393.7342095,399.06179050000003,396.398,7.610829999999998,range_poc,spec,long,399.87,393.7342095,392.40231425
AMZN,2014-02-20,S1_contraction,349.6506125,357.4578875,353.55425,11.153249999999998,range_poc,spec,long,349.8,349.6506125,347.69879375000005
AMZN,2014-02-24,S1_contraction,349.6308841666667,357.47761583333335,353.55425,11.209616666666667,range_poc,spec,long,351.78,349.6308841666667,347.66920125
AMZN,2014-02-27,S1_contraction,349.7099141666667,357.39858583333336,353.55425,10.983816666666666,range_poc,spec,long,360.13,349.7099141666667,347.78774625000005
AMZN,2014-02-28,S1_contraction,349.6865225,357.4219775,353.55425,11.05065,range_poc,spec,long,362.1,349.6865225,347.75265875
AMZN,2014-03-03,S1_contraction,349.7128891666667,357.39561083333336,353.55425,10.975316666666666,range_poc,spec,long,359.78,349.7128891666667,347.79220875
AMZN,2014-04-25,S1_contraction,312.077834,320.043666,316.06075,11.379760000000008,range_poc,spec,long,303.83,312.077834,310.086376
AMZN,2014-05-20,S1_contraction,300.6996281666666,307.9003718333333,304.29999999999995,10.286776666666666,range_poc,spec,long,301.19,300.6996281666666,298.89944225
AMZN,2014-05-27,S1_contraction,300.9077078333333,307.6922921666666,304.29999999999995,9.692263333333333,range_poc,spec,long,310.82,300.9077078333333,299.21156175
AMZN,2014-05-28,S1_contraction,300.94037449999996,307.65962549999995,304.29999999999995,9.598929999999998,range_poc,spec,long,310.16,300.94037449999996,299.26056174999997
AMZN,2014-06-02,S1_contraction,301.0988078333333,307.5011921666666,304.29999999999995,9.14626333333333,range_poc,spec,long,308.84,301.0988078333333,299.49821175
AMZN,2014-06-03,S1_contraction,301.1579566666666,307.4420433333333,304.29999999999995,8.977266666666662,range_poc,spec,long,307.19,301.1579566666666,299.5869349999999
AMZN,2014-06-19,S1_contraction,325.3263235,330.76052150000004,328.0434225,7.763139999999995,range_poc,spec,long,327.0,325.3263235,323.96777399999996
AMZN,2014-07-08,S1_contraction,323.68051833333334,328.8700266666667,326.2752725,7.413583333333331,range_poc,spec,long,323.81,323.68051833333334,322.38314125
AMZN,2014-07-25,S1_contraction,322.20954333333333,328.18129000000005,325.1954166666667,8.531066666666666,range_poc,spec,long,324.01,322.20954333333333,320.7166066666666
AMZN,2014-07-25,S4_failed_break,322.24737666666664,328.21912333333336,325.23325,8.531066666666666,range_poc,spec,long,324.01,322.24737666666664,320.75443999999993
AMZN,2014-09-09,S1_contraction,331.8617041666667,336.2904291666667,334.0760666666667,6.3267500000000005,range_poc,spec,long,329.75,331.8617041666667,330.7545229166667
AMZN,2014-09-19,S1_contraction,330.6946913333333,335.15330866666665,332.924,6.369453333333333,range_poc,spec,long,331.32,330.6946913333333,329.58003699999995
AMZN,2014-09-24,S1_contraction,327.011808,331.7478586666666,329.3798333333333,6.765786666666668,range_poc,spec,long,328.21,327.011808,325.8277953333333
AMZN,2014-10-08,S1_contraction,319.37144133333334,324.18705866666664,321.77925,6.879453333333331,range_poc,spec,long,322.7,319.37144133333334,318.16753700000004
AMZN,2014-11-10,S1_contraction,301.56700283333333,306.9069971666667,304.237,7.628563333333331,range_poc,spec,long,305.11,301.56700283333333,300.23200425
AMZN,2014-12-22,S1_contraction,301.86887199999995,307.5022946666666,304.6855833333333,8.047746666666667,range_poc,spec,long,306.54,301.86887199999995,300.4605163333333
AMZN,2014-12-29,S1_contraction,301.88100649999996,307.4901601666666,304.6855833333333,8.013076666666672,range_poc,spec,long,312.04,301.88100649999996,300.4787180833333
AMZN,2015-01-02,S1_contraction,302.0863293333333,307.28483733333326,304.6855833333333,7.426440000000006,range_poc,spec,long,308.52,302.0863293333333,300.7867023333333
AMZN,2015-01-05,S1_contraction,302.04794599999997,307.3232206666666,304.6855833333333,7.536106666666671,range_poc,spec,long,302.19,302.04794599999997,300.7291273333333
AMZN,2015-01-13,S1_contraction,298.9241731666667,304.4613435,301.69275833333336,7.910243333333333,range_poc,spec,long,294.74,298.9241731666667,297.5398805833334
AMZN,2015-01-21,S1_contraction,293.09929850000003,298.79586816666665,295.94758333333334,8.137956666666671,range_poc,spec,long,297.25,293.09929850000003,291.6751560833334
AMZN,2015-02-24,S1_contraction,370.319834,377.2473326666667,373.78358333333335,9.896426666666668,range_poc,spec,long,378.59,370.319834,368.58795933333334
AMZN,2015-03-06,S1_contraction,373.492205,379.7364616666666,376.6143333333333,8.920366666666668,range_poc,spec,long,380.09,373.492205,371.93114083333336
AMZN,2015-03-12,S1_contraction,373.48763049999997,379.7410361666667,376.6143333333333,8.93343666666667,range_poc,spec,long,374.24,373.48763049999997,371.9242790833333
AMZN,2015-04-07,S1_contraction,370.64295899999996,375.28437433333335,372.96366666666665,6.630593333333335,range_poc,spec,long,374.41,370.64295899999996,369.48260516666664
AMZN,2015-04-17,S1_contraction,370.9021003333333,375.5405663333333,373.2213333333333,6.626380000000002,range_poc,spec,long,375.56,370.9021003333333,369.74248383333327
AMZN,2015-05-20,S1_contraction,423.8284831666667,430.6090168333333,427.21875,9.686476666666664,range_poc,spec,long,423.86,423.8284831666667,422.13334975
AMZN,2015-06-04,S1_contraction,424.3497058333333,431.07529416666665,427.7125,9.60798333333333,range_poc,spec,long,430.78,424.3497058333333,422.66830874999994
AMZN,2015-06-29,S1_contraction,424.600785,429.805215,427.203,7.434900000000009,range_poc,spec,long,429.86,424.600785,423.2996775
AMZN,2015-07-02,S1_contraction,428.463185,433.531815,430.9975,7.240900000000007,range_poc,spec,long,437.71,428.463185,427.1960275
AMZN,2015-07-07,S1_contraction,428.4573516666667,433.5376483333333,430.9975,7.257566666666677,range_poc,spec,long,436.72,428.4573516666667,427.18727750000005
AMZN,2015-07-08,S1_contraction,428.430985,433.564015,430.9975,7.332900000000012,range_poc,spec,long,429.7,428.430985,427.14772750000003
AMZN,2015-07-09,S1_contraction,433.0555516666667,438.23944833333337,435.64750000000004,7.405566666666679,range_poc,spec,long,434.39,433.0555516666667,431.75957750000003
AMZN,2015-08-10,S1_contraction,530.7773806666667,539.9459526666667,535.3616666666667,13.09796000000002,range_poc,spec,long,524.0,530.7773806666667,528.4852376666666
AMZN,2015-09-09,S1_contraction,524.7777343333333,534.8809323333334,529.8293333333334,14.43314000000002,range_poc,spec,long,516.89,524.7777343333333,522.2519348333333
AMZN,2015-09-11,S1_contraction,524.8088901666666,534.8497765000001,529.8293333333334,14.344123333333352,range_poc,spec,long,529.44,524.8088901666666,522.2986685833332
AMZN,2015-09-18,S1_contraction,523.3218556666666,533.8296443333334,528.57575,15.011126666666673,range_poc,spec,long,540.26,523.3218556666666,520.6949084999999
AMZN,2015-09-22,S1_contraction,522.2421136666667,532.8668863333332,527.5545,15.178246666666672,range_poc,spec,long,538.4,522.2421136666667,519.5859205
AMZN,2015-10-13,S1_contraction,535.8846865000002,546.4803135000001,541.1825000000001,15.136610000000003,range_poc,spec,long,548.9,535.8846865000002,533.2357797500001
AMZN,2015-10-14,S1_contraction,535.9650698333335,546.3999301666668,541.1825000000001,14.90694333333334,range_poc,spec,long,544.83,535.9650698333335,533.3563547500002
AMZN,2015-11-16,S1_contraction,622.4920348333334,633.1847985,627.8384166666667,15.275376666666686,range_poc,spec,long,647.81,622.4920348333334,619.8188439166668
AMZN,2015-11-30,S1_contraction,658.995014,669.6408193333333,664.3179166666666,15.208293333333343,range_poc,spec,long,664.8,658.995014,656.3335626666667
AMZN,2015-12-01,S1_contraction,667.624914,678.3775860000001,673.00125,15.360960000000011,range_poc,spec,long,679.06,667.624914,664.936746
AMZN,2015-12-04,S1_contraction,669.7372423333334,680.5197576666667,675.1285,15.403593333333344,range_poc,spec,long,672.64,669.7372423333334,667.0416135
AMZN,2016-03-07,S1_contraction,546.905935,562.4197316666666,554.6628333333333,22.162566666666674,range_poc,spec,long,562.8,546.905935,543.0274858333333
AMZN,2016-03-17,S1_contraction,550.1241433333333,562.5258566666668,556.325,17.716733333333345,range_poc,spec,long,559.44,550.1241433333333,547.023715
AMZN,2016-06-10,S1_contraction,706.3904373333334,716.5678960000001,711.4791666666667,14.539226666666677,range_poc,spec,long,717.91,706.3904373333334,703.8460726666667
AMZN,2016-06-20,S1_contraction,708.8797046666667,717.0647953333333,712.97225,11.692986666666673,range_poc,spec,long,714.01,708.8797046666667,706.8334320000001
AMZN,2016-06-24,S1_contraction,708.6723246666668,716.5740086666667,712.6231666666667,11.28812,range_poc,spec,long,698.96,708.6723246666668,706.6969036666668
AMZN,2016-07-28,S1_contraction,738.6566571666667,747.1870928333333,742.921875,12.186336666666667,range_poc,spec,long,752.61,738.6566571666667,736.5240482500001
AMZN,2016-08-23,S1_contraction,761.2546098333335,767.4828901666667,764.3687500000001,8.897543333333344,range_poc,spec,long,762.45,761.2546098333335,759.6975397500001
AMZN,2016-08-26,S1_contraction,760.6615048333333,766.5749951666667,763.61825,8.44784333333334,range_poc,spec,long,769.0,760.6615048333333,759.18313225
AMZN,2016-10-12,S1_contraction,836.6155583333333,844.1229416666666,840.36925,10.724833333333333,range_poc,spec,long,834.09,836.6155583333333,834.7387125
AMZN,2016-12-07,S1_contraction,770.0942105,783.7241228333334,776.9091666666667,19.47130333333333,range_poc,spec,long,770.42,770.0942105,766.6867324166667
AMZN,2016-12-29,S1_contraction,761.0729631666667,769.7765368333334,765.42475,12.433676666666663,range_poc,spec,long,765.15,761.0729631666667,758.89706975
AMZN,2017-02-03,S1_contraction,806.5436853333333,815.440648,810.9921666666667,12.709946666666664,range_poc,spec,long,810.2,806.5436853333333,804.3194446666666
AMZN,2017-02-28,S1_contraction,838.0893011666667,846.0216988333334,842.0555,11.331996666666665,range_poc,spec,long,845.04,838.0893011666667,836.1062017500001
AMZN,2017-03-06,S1_contraction,838.1511928333334,845.9598071666667,842.0555,11.155163333333341,range_poc,spec,long,846.61,838.1511928333334,836.1990392500002
AMZN,2017-03-21,S1_contraction,849.2153575,855.1782258333333,852.1967916666666,8.51838333333335,range_poc,spec,long,843.2,849.2153575,847.7246404166667
AMZN,2017-06-09,S1_contraction,939.7295798333333,950.4123451666666,945.0709625,15.261093333333339,range_poc,spec,long,978.31,939.7295798333333,937.0588885
AMZN,2017-06-09,S3_rejection,940.1846031111112,950.8673684444444,945.5259857777778,15.261093333333339,rejection_origin,spec,long,978.31,940.1846031111112,937.5139117777778
AMZN,2017-07-10,S1_contraction,991.42045,1005.07955,998.25,19.51300000000001,range_poc,spec,long,996.47,991.42045,988.0056749999999
AMZN,2017-07-18,S1_contraction,991.7629271666666,1005.8305728333333,998.79675,20.09663666666667,range_poc,spec,long,1024.45,991.7629271666666,988.24601575
AMZN,2017-08-31,S1_contraction,980.5243925000001,992.5719408333333,986.5481666666667,17.210783333333325,range_poc,spec,long,980.6,980.5243925000001,977.5125054166667
AMZN,2017-09-11,S1_contraction,971.7394841666667,982.2618491666667,977.0006666666667,15.031949999999998,range_poc,spec,long,977.96,971.7394841666667,969.1088929166667
AMZN,2017-09-18,S1_contraction,972.0229591666667,982.3468741666667,977.1849166666667,14.748449999999998,range_poc,spec,long,974.19,972.0229591666667,969.4419804166668
AMZN,2017-10-05,S1_contraction,971.6772498333333,981.6852501666666,976.68125,14.297143333333338,range_poc,spec,long,980.85,971.6772498333333,969.17524975
AMZN,2017-10-18,S1_contraction,987.9355998333333,997.8204001666666,992.8779999999999,14.121143333333347,range_poc,spec,long,997.0,987.9355998333333,985.46439975
AMZN,2017-10-23,S2_trend_cluster,986.3280914999999,996.4092418333333,991.3686666666666,14.401643333333341,trend_cluster,spec,long,966.3,986.3280914999999,983.8078039166666
AMZN,2017-11-15,S1_contraction,1116.8448216666666,1130.431845,1123.6383333333333,19.410033333333352,range_poc,spec,long,1126.69,1116.8448216666666,1113.4480658333332
AMZN,2017-11-17,S1_contraction,1116.9814383333332,1130.2952283333334,1123.6383333333333,19.01970000000002,range_poc,spec,long,1129.88,1116.9814383333332,1113.6529908333332
AMZN,2017-12-29,S1_contraction,1163.79785,1176.7051499999998,1170.2514999999999,18.439000000000004,range_poc,spec,long,1169.47,1163.79785,1160.571025
AMZN,2018-03-01,S1_contraction,1435.8618163333335,1468.2556836666668,1452.0587500000001,46.276953333333346,range_poc,spec,long,1493.45,1435.8618163333335,1427.7633495000002
AMZN,2018-03-02,S1_contraction,1444.323783,1477.3117170000003,1460.8177500000002,47.12562000000001,range_poc,spec,long,1500.25,1444.323783,1436.0767995
AMZN,2018-03-23,S1_contraction,1508.6894166666666,1533.0050833333335,1520.84725,34.73666666666669,range_poc,spec,long,1495.56,1508.6894166666666,1502.6104999999998
AMZN,2018-05-15,S1_contraction,1555.509,1582.8346666666666,1569.1718333333333,39.03666666666666,range_poc,spec,long,1576.12,1555.509,1548.6775833333334
AMZN,2018-05-24,S1_contraction,1572.1871499999997,1596.19085,1584.1889999999999,34.291000000000004,range_poc,spec,long,1603.07,1572.1871499999997,1566.1862249999997
AMZN,2018-07-27,S4_failed_break,1823.9216999999999,1849.3757999999998,1836.6487499999998,36.362999999999985,range_poc,spec,long,1817.27,1823.9216999999999,1817.558175
AMZN,2018-10-23,S1_contraction,1738.8689,1776.3685999999998,1757.6187499999999,53.571000000000026,range_poc,spec,long,1768.7,1738.8689,1729.4939749999999
AMZN,2019-01-22,S1_contraction,1617.1778666666667,1662.7756333333334,1639.97675,65.13966666666667,range_poc,spec,long,1632.17,1617.1778666666667,1605.778425
AMZN,2019-01-30,S1_contraction,1623.1914666666669,1665.9885333333334,1644.5900000000001,61.13866666666667,range_poc,spec,long,1670.43,1623.1914666666669,1612.4922000000001
AMZN,2019-02-01,S1_contraction,1625.2108500000002,1668.6883166666669,1646.9495833333335,62.110666666666674,range_poc,spec,long,1626.23,1625.2108500000002,1614.3414833333336
AMZN,2019-02-12,S1_contraction,1629.618516666667,1664.1394833333334,1646.8790000000001,49.31566666666667,range_poc,spec,long,1638.01,1629.618516666667,1620.9882750000002
AMZN,2019-02-19,S1_contraction,1629.1206833333335,1659.9118166666667,1644.5162500000001,43.98733333333335,range_poc,spec,long,1627.58,1629.1206833333335,1621.4229000000003
AMZN,2019-04-22,S1_contraction,1837.0947333333336,1856.648766666667,1846.8717500000002,27.934333333333356,range_poc,spec,long,1887.31,1837.0947333333336,1832.2062250000004
AMZN,2019-06-25,S1_contraction,1849.7529833333335,1875.8870166666668,1862.8200000000002,37.33433333333333,range_poc,spec,long,1878.27,1849.7529833333335,1843.2194750000003
AMZN,2019-07-01,S1_contraction,1898.8651,1923.2815666666665,1911.0733333333333,34.88066666666666,range_poc,spec,long,1922.19,1898.8651,1892.7609833333333
AMZN,2019-08-20,S1_contraction,1776.4286811733964,1802.453652159937,1789.4411666666667,37.17852998077249,range_poc,spec,long,1801.38,1776.4286811733964,1769.9224384267613
AMZN,2019-08-22,S1_contraction,1775.314697840063,1800.8816354932703,1788.0981666666667,36.52419664743915,range_poc,spec,long,1804.66,1775.314697840063,1768.9229634267613
AMZN,2019-08-29,S1_contraction,1775.2079156733964,1802.0385843266038,1788.62325,38.329526647439145,range_poc,spec,long,1786.4,1775.2079156733964,1768.5002485100945
AMZN,2019-10-09,S1_contraction,1715.3098591666667,1736.3002925,1725.8050758333334,29.986333333333338,range_poc,spec,long,1721.99,1715.3098591666667,1710.0622508333333
AMZN,2019-10-25,S1_contraction,1719.1543663333334,1741.9302103333332,1730.5422883333333,32.536919999999995,range_poc,spec,long,1761.33,1719.1543663333334,1713.4604053333335
AMZN,2019-11-14,S1_contraction,1764.8765331666666,1783.2025984999998,1774.0395658333332,26.180093333333335,range_poc,spec,long,1754.6,1764.8765331666666,1760.2950168333332
AMZN,2019-11-25,S1_contraction,1764.8492319999998,1783.2298996666666,1774.0395658333332,26.25809666666668,range_poc,spec,long,1773.84,1764.8492319999998,1760.254065083333
AMZN,2019-12-13,S1_contraction,1739.5888381666666,1755.1214951666668,1747.3551666666667,22.18951000000001,range_poc,spec,long,1760.94,1739.5888381666666,1735.7056739166665
AMZN,2020-01-16,S1_contraction,1870.8384166666665,1888.6265833333332,1879.7324999999998,25.411666666666687,range_poc,spec,long,1877.94,1870.8384166666665,1866.3913749999997
AMZN,2020-01-21,S1_contraction,1870.7066999999997,1888.7583,1879.7324999999998,25.788000000000025,range_poc,spec,long,1892.0,1870.7066999999997,1866.1937999999996
AMZN,2020-02-28,S4_failed_break,1856.4062226666667,1891.6336106666665,1874.0199166666666,50.32483999999999,range_poc,spec,long,1883.75,1856.4062226666667,1847.5993756666667
AMZN,2020-03-27,S1_contraction,1879.6270893333335,1940.820744,1910.2239166666668,87.41950666666665,range_poc,spec,long,1900.1,1879.6270893333335,1864.3286756666669
AMZN,2020-10-07,S1_contraction,3132.483302166667,3211.287531166667,3171.885416666667,112.57746999999998,range_poc,spec,long,3195.69,3132.483302166667,3112.782244916667
AMZN,2020-10-28,S1_contraction,3141.45221,3215.367123333333,3178.4096666666665,105.59273333333333,range_poc,spec,long,3162.78,3141.45221,3122.973481666667
AMZN,2020-11-17,S1_contraction,3151.9912005,3230.6547994999996,3191.323,112.37656999999996,range_poc,spec,long,3135.66,3151.9912005,3132.32530075
AMZN,2020-11-30,S1_contraction,3107.9823775,3174.2142891666667,3141.0983333333334,94.61701666666661,range_poc,spec,long,3168.04,3107.9823775,3091.424399583333
AMZN,2021-01-13,S1_contraction,3163.698116,3208.8363839999997,3186.26725,64.48324000000002,range_poc,spec,long,3165.89,3163.698116,3152.413549
AMZN,2021-01-20,S1_contraction,3162.816874333333,3209.7176256666667,3186.26725,67.00107333333335,range_poc,spec,long,3263.38,3162.816874333333,3151.0916865
AMZN,2021-01-29,S1_contraction,3165.2555979999997,3215.161902,3190.20875,71.29472000000001,range_poc,spec,long,3206.2,3165.2555979999997,3152.7790219999997
AMZN,2021-02-17,S1_contraction,3283.513142166667,3335.0868578333334,3309.3,73.67673666666663,range_poc,spec,long,3308.64,3283.513142166667,3270.61971325
AMZN,2021-03-18,S1_contraction,3055.1478896666667,3111.9188953333332,3083.5333925,81.10143666666667,range_poc,spec,long,3027.99,3055.1478896666667,3040.9551382500003
AMZN,2021-06-04,S1_contraction,3214.2195745,3260.9459255,3237.58275,66.75192999999996,range_poc,spec,long,3206.22,3214.2195745,3202.5379867499996
AMZN,2021-06-08,S1_contraction,3214.7642666666666,3260.4012333333335,3237.58275,65.19566666666664,range_poc,spec,long,3264.11,3214.7642666666666,3203.355025
FB,2012-07-02,S1_contraction,31.504201333333327,32.718132,32.11116666666666,1.734186666666667,range_poc,spec,long,30.771,31.504201333333327,31.20071866666666
FB,2012-07-05,S1_contraction,31.537509000000007,32.586991000000005,32.062250000000006,1.4992600000000005,range_poc,spec,long,31.47,31.537509000000007,31.275138500000008
FB,2012-08-15,S1_contraction,20.774815500000003,21.694851166666666,21.234833333333334,1.3143366666666663,range_poc,spec,long,21.2,20.774815500000003,20.544806583333337
FB,2012-08-16,S1_contraction,19.988840500000002,20.929992833333337,20.45941666666667,1.344503333333333,range_poc,spec,long,19.87,19.988840500000002,19.75355241666667
FB,2012-08-22,S1_contraction,19.44098,20.378186666666668,19.909583333333334,1.338866666666666,range_poc,spec,long,19.439,19.44098,19.206678333333333
FB,2012-09-06,S1_contraction,18.842266,19.639734,19.241,1.13924,range_poc,spec,long,18.96,18.842266,18.642899
FB,2012-12-18,S1_contraction,27.401329333333333,28.189837333333333,27.795583333333333,1.1264399999999997,range_poc,spec,long,27.71,27.401329333333333,27.204202333333335
FB,2013-01-02,S1_contraction,27.100812166666667,27.87818783333333,27.4895,1.1105366666666663,range_poc,spec,long,28.0,27.100812166666667,26.906468250000003
FB,2013-03-01,S1_contraction,27.788210166666666,28.48879816666667,28.138504166666667,1.0008400000000006,range_poc,spec,long,27.78,27.788210166666666,27.613063166666663
FB,2013-03-06,S1_contraction,27.795210166666667,28.481798166666668,28.138504166666667,0.9808400000000003,range_poc,spec,long,27.4525,27.795210166666667,27.623563166666667
FB,2013-03-07,S1_contraction,27.78994266666667,28.487065666666666,28.138504166666667,0.9958900000000003,range_poc,spec,long,28.578,27.78994266666667,27.615661916666667
FB,2013-04-04,S1_contraction,26.966953333333333,27.54863,27.257791666666666,0.8309666666666667,range_poc,spec,long,27.0725,26.966953333333333,26.821534166666666
FB,2013-04-12,S1_contraction,27.163565833333337,27.7475175,27.45554166666667,0.8342166666666666,range_poc,spec,long,27.4,27.163565833333337,27.01757791666667
FB,2013-05-17,S1_contraction,26.596124166666662,27.1665425,26.88133333333333,0.8148833333333338,range_poc,spec,long,26.25,26.596124166666662,26.45351958333333
FB,2013-06-17,S1_contraction,24.008558333333333,24.51594166666667,24.26225,0.7248333333333334,range_poc,spec,long,24.022,24.008558333333333,23.8817125
FB,2013-06-28,S1_contraction,24.015061666666668,24.534438333333334,24.27475,0.7419666666666668,range_poc,spec,long,24.88,24.015061666666668,23.885217500000003
FB,2013-07-02,S1_contraction,24.028618833333333,24.54613116666667,24.287375,0.7393033333333333,range_poc,spec,long,24.41,24.028618833333333,23.899240749999997
FB,2013-08-19,S1_contraction,37.82637283333333,38.67012716666667,38.24825,1.2053633333333338,range_poc,spec,long,37.81,37.82637283333333,37.61543424999999
FB,2013-10-04,S1_contraction,50.126149999999996,51.17335,50.64975,1.4959999999999998,range_poc,spec,long,51.04,50.126149999999996,49.864349999999995
FB,2013-10-28,S1_contraction,48.94101766666667,50.17323233333333,49.557125,1.7603066666666662,range_poc,spec,long,50.229,48.94101766666667,48.632964
FB,2013-12-11,S1_contraction,48.09929999999999,49.39103333333333,48.74516666666666,1.8453333333333342,range_poc,spec,long,49.38,48.09929999999999,47.77636666666666
FB,2014-01-24,S1_contraction,53.778930833333334,55.05606916666666,54.4175,1.8244833333333332,range_poc,spec,long,54.45,53.778930833333334,53.459646250000006
FB,2014-03-04,S1_contraction,68.1863165,69.79618350000001,68.99125000000001,2.2998099999999995,range_poc,spec,long,68.8,68.1863165,67.78384975
FB,2014-03-11,S1_contraction,69.0383035,70.64502983333334,69.84166666666667,2.2953233333333336,range_poc,spec,long,70.1,69.0383035,68.63662191666666
FB,2014-03-11,S4_failed_break,69.14747016666666,70.7541965,69.95083333333334,2.2953233333333336,range_poc,spec,long,70.1,69.14747016666666,68.74578858333334
FB,2014-05-07,S1_contraction,59.22457516666667,61.24292483333333,60.23375,2.8833566666666663,range_poc,spec,long,57.39,59.22457516666667,58.71998775
FB,2014-05-12,S1_contraction,58.87216683333333,60.77699983333333,59.82458333333333,2.7211899999999996,range_poc,spec,long,59.83,58.87216683333333,58.39595858333333
FB,2014-06-12,S1_contraction,62.864194999999995,64.11997166666666,63.492083333333326,1.7939666666666663,range_poc,spec,long,64.2901,62.864194999999995,62.55025083333333
FB,2014-06-18,S1_contraction,62.913078333333324,64.07108833333332,63.492083333333326,1.6542999999999992,range_poc,spec,long,65.6,62.913078333333324,62.62357583333333
FB,2014-06-19,S1_contraction,63.63999499999999,64.75950499999999,64.19975,1.5992999999999995,range_poc,spec,long,64.3415,63.63999499999999,63.360117499999994
FB,2014-07-08,S1_contraction,62.91816166666666,64.00033833333333,63.45925,1.5459666666666654,range_poc,spec,long,62.76,62.91816166666666,62.647617499999996
FB,2014-08-15,S1_contraction,72.6133755,73.84379116666666,73.22858333333333,1.7577366666666658,range_poc,spec,long,73.63,72.6133755,72.30577158333334
FB,2014-08-27,S1_contraction,74.16291366666667,75.21541966666666,74.68916666666667,1.5035799999999995,range_poc,spec,long,74.63,74.16291366666667,73.89978716666667
FB,2014-08-29,S1_contraction,74.24860533333332,75.24872799999999,74.74866666666665,1.428746666666666,range_poc,spec,long,74.82,74.24860533333332,73.99857466666666
FB,2014-09-15,S1_contraction,74.32079100000001,75.281709,74.80125000000001,1.3727399999999998,range_poc,spec,long,74.58,74.32079100000001,74.08056150000002
FB,2014-09-15,S3_rejection,72.82571783333334,73.78663583333334,73.30617683333334,1.3727399999999998,rejection_origin,spec,long,74.58,72.82571783333334,72.58548833333334
FB,2014-09-25,S1_contraction,76.676641,77.73835900000002,77.20750000000001,1.51674,range_poc,spec,long,77.22,76.676641,76.41121150000001
FB,2014-10-01,S1_contraction,76.65514333333334,77.78073166666667,77.2179375,1.6079833333333335,range_poc,spec,long,76.55,76.65514333333334,76.37374625000001
FB,2014-10-08,S1_contraction,76.61308616666668,77.82278883333333,77.2179375,1.7281466666666674,range_poc,spec,long,77.52,76.61308616666668,76.31066050000001
FB,2014-10-29,S1_contraction,76.54130016666667,78.01003316666666,77.27566666666667,2.0981899999999998,range_poc,spec,long,75.86,76.54130016666667,76.17411691666668
FB,2014-11-21,S1_contraction,74.07715316666666,75.41551349999999,74.74633333333333,1.9119433333333313,range_poc,spec,long,73.75,74.07715316666666,73.74256308333332
FB,2014-11-24,S1_contraction,74.09185316666665,75.4008135,74.74633333333333,1.8699433333333313,range_poc,spec,long,74.01,74.09185316666665,73.76461308333332
FB,2014-12-09,S1_contraction,74.15238333333333,75.33678333333334,74.74458333333334,1.6919999999999977,range_poc,spec,long,76.84,74.15238333333333,73.85628333333332
FB,2015-01-05,S1_contraction,76.67761916666667,77.84138083333333,77.2595,1.6625166666666662,range_poc,spec,long,77.19,76.67761916666667,76.38667875000002
FB,2015-01-28,S1_contraction,76.60966533333334,77.80583466666667,77.20775,1.7088133333333346,range_poc,spec,long,76.24,76.60966533333334,76.310623
FB,2015-01-29,S1_contraction,76.58878200000001,77.826718,77.20775,1.7684800000000014,range_poc,spec,long,78.0,76.58878200000001,76.27929800000001
FB,2015-03-17,S1_contraction,78.68139166666666,79.74760833333332,79.21449999999999,1.5231666666666688,range_poc,spec,long,79.365,78.68139166666666,78.41483749999999
FB,2015-04-15,S1_contraction,82.07452366666668,83.16418800000001,82.61935583333334,1.5566633333333337,range_poc,spec,long,82.705,82.07452366666668,81.80210758333334
FB,2015-04-20,S1_contraction,82.07055700000001,83.16815466666668,82.61935583333334,1.5679966666666663,range_poc,spec,long,83.09,82.07055700000001,81.79615758333334
FB,2015-05-27,S1_contraction,79.9837095,81.0762905,80.53,1.560829999999999,range_poc,spec,long,80.55,79.9837095,79.71056425
FB,2015-06-01,S1_contraction,79.985932,81.074068,80.53,1.5544799999999994,range_poc,spec,long,80.29,79.985932,79.713898
FB,2015-06-15,S1_contraction,80.12871533333333,81.15128466666667,80.64,1.4608133333333333,range_poc,spec,long,80.71,80.12871533333333,79.873073
FB,2015-07-09,S1_contraction,86.93571066666667,88.10528933333333,87.5205,1.6708266666666673,range_poc,spec,long,85.88,86.93571066666667,86.643316
FB,2015-07-10,S1_contraction,86.9209465,88.1200535,87.5205,1.7130100000000008,range_poc,spec,long,87.95,86.9209465,86.62116975
FB,2015-09-16,S1_contraction,93.49351866666667,95.51881466666667,94.50616666666667,2.8932800000000003,range_poc,spec,long,93.45,93.49351866666667,92.98719466666668
FB,2015-11-13,S1_contraction,102.58407166666667,104.253595,103.41883333333334,2.385033333333334,range_poc,spec,long,103.95,102.58407166666667,102.16669083333335
FB,2015-11-30,S1_contraction,102.60057450000001,104.28309216666666,103.44183333333334,2.403596666666667,range_poc,spec,long,104.24,102.60057450000001,102.17994508333334
FB,2015-12-01,S1_contraction,105.18554116666667,106.89745883333333,106.0415,2.4455966666666678,range_poc,spec,long,107.12,105.18554116666667,104.75756175000001
FB,2015-12-04,S1_contraction,105.13890783333333,106.89492550000001,106.01691666666667,2.5085966666666675,range_poc,spec,long,106.18,105.13890783333333,104.69990341666667
FB,2015-12-10,S1_contraction,105.25995783333333,107.04770883333335,106.15383333333334,2.553930000000001,range_poc,spec,long,105.42,105.25995783333333,104.81302008333333
FB,2015-12-15,S1_contraction,105.2460745,107.06159216666667,106.15383333333334,2.5935966666666683,range_poc,spec,long,104.55,105.2460745,104.79219508333334
FB,2015-12-16,S1_contraction,105.2268245,107.08084216666667,106.15383333333334,2.6485966666666685,range_poc,spec,long,106.79,105.2268245,104.76332008333334
FB,2015-12-30,S1_contraction,105.38658999999998,106.90041,106.14349999999999,2.1626000000000007,range_poc,spec,long,106.22,105.38658999999998,105.00813499999998
FB,2016-03-02,S1_contraction,105.98519066666667,108.970476,107.47783333333334,4.264693333333332,range_poc,spec,long,109.95,105.98519066666667,105.23886933333333
FB,2016-04-07,S1_contraction,111.718738,113.23842866666666,112.47858333333333,2.1709866666666655,range_poc,spec,long,113.64,111.718738,111.33881533333334
FB,2016-04-08,S1_contraction,111.69575466666667,113.26141199999999,112.47858333333333,2.236653333333332,range_poc,spec,long,110.63,111.69575466666667,111.30434033333334
FB,2016-05-24,S1_contraction,116.61873316666666,118.4024335,117.51058333333333,2.548143333333334,range_poc,spec,long,117.7,116.61873316666666,116.17280808333332
FB,2016-05-31,S1_contraction,116.680752,118.34041466666666,117.51058333333333,2.3709466666666668,range_poc,spec,long,118.81,116.680752,116.26583633333334
FB,2016-06-01,S1_contraction,116.70443533333334,118.31673133333332,117.51058333333333,2.30328,range_poc,spec,long,118.78,116.70443533333334,116.30136133333335
FB,2016-06-02,S1_contraction,116.710152,118.31101466666667,117.51058333333333,2.2869466666666667,range_poc,spec,long,118.93,116.710152,116.30993633333333
FB,2016-06-03,S1_contraction,116.71726866666667,118.30389799999999,117.51058333333333,2.2666133333333334,range_poc,spec,long,118.47,116.71726866666667,116.32061133333335
FB,2016-08-17,S1_contraction,124.11919166666667,125.40730833333333,124.76325,1.8401666666666672,range_poc,spec,long,124.37,124.11919166666667,123.7971625
FB,2016-08-22,S1_contraction,124.07927666666667,125.33489000000002,124.70708333333334,1.7937333333333332,range_poc,spec,long,124.15,124.07927666666667,123.76537333333334
FB,2016-08-25,S1_contraction,124.07927666666667,125.33489000000002,124.70708333333334,1.7937333333333332,range_poc,spec,long,123.89,124.07927666666667,123.76537333333334
FB,2016-08-30,S1_contraction,124.11522666666667,125.33560666666668,124.72541666666667,1.7433999999999998,range_poc,spec,long,125.84,124.11522666666667,123.81013166666668
FB,2016-08-31,S1_contraction,124.12129333333334,125.32954000000001,124.72541666666667,1.7260666666666666,range_poc,spec,long,126.12,124.12129333333334,123.81923166666667
FB,2016-09-23,S1_contraction,127.81793483333333,128.9353985,128.37666666666667,1.596376666666668,range_poc,spec,long,127.96,127.81793483333333,127.53856891666666
FB,2016-09-27,S1_contraction,127.65270149999996,128.79396516666662,128.2233333333333,1.630376666666668,range_poc,spec,long,128.69,127.65270149999996,127.3673855833333
FB,2016-09-29,S1_contraction,127.7776515,128.92218183333333,128.34991666666667,1.6350433333333343,range_poc,spec,long,128.09,127.7776515,127.49151891666668
FB,2016-10-11,S1_contraction,127.7918895,128.9441105,128.368,1.6460299999999999,range_poc,spec,long,128.88,127.7918895,127.50383425
FB,2016-10-18,S1_contraction,127.8223395,128.9731605,128.39775,1.6440299999999994,range_poc,spec,long,128.57,127.8223395,127.53463425
FB,2016-11-21,S1_contraction,121.01777500000001,123.04375,122.03076250000001,2.894249999999999,range_poc,spec,long,121.77,121.01777500000001,120.51128125000002
FB,2016-12-09,S1_contraction,119.76704166666667,121.90233333333333,120.8346875,3.0504166666666674,range_poc,spec,long,119.68,119.76704166666667,119.23321875
FB,2016-12-12,S1_contraction,116.67790000000001,118.784025,117.7309625,3.0087500000000005,range_poc,spec,long,117.77,116.67790000000001,116.15136875000002
FB,2016-12-14,S1_contraction,116.78259249999999,118.94059916666666,117.86159583333333,3.0828666666666673,range_poc,spec,long,120.21,116.78259249999999,116.24309083333333
FB,2016-12-19,S1_contraction,116.89070916666667,118.87721583333332,117.8839625,2.8378666666666676,range_poc,spec,long,119.24,116.89070916666667,116.3940825
FB,2016-12-27,S1_contraction,118.142918,119.804557,118.9737375,2.3737700000000013,range_poc,spec,long,118.01,118.142918,117.72750825
FB,2017-01-04,S1_contraction,118.25307216666667,119.7745945,119.01383333333334,2.1736033333333347,range_poc,spec,long,118.69,118.25307216666667,117.87269158333334
FB,2017-02-23,S1_contraction,133.06206766666665,134.36509899999996,133.7135833333333,1.8614733333333304,range_poc,spec,long,135.36,133.06206766666665,132.73630983333334
FB,2017-02-24,S1_contraction,133.04806766666667,134.33709900000002,133.69258333333335,1.8414733333333306,range_poc,spec,long,135.44,133.04806766666667,132.72580983333333
FB,2017-04-07,S1_contraction,139.23085,140.26264999999998,139.74675,1.474,range_poc,spec,long,140.78,139.23085,138.9729
FB,2017-04-11,S1_contraction,139.56465,140.56868333333333,140.06666666666666,1.4343333333333335,range_poc,spec,long,139.92,139.56465,139.31364166666668
FB,2017-06-09,S1_contraction,150.79711666666668,152.3777166666667,151.58741666666668,2.2580000000000013,range_poc,spec,long,149.6,150.79711666666668,150.40196666666668
FB,2017-06-09,S3_rejection,150.77795,152.35855,151.56825,2.2580000000000013,rejection_origin,spec,long,149.6,150.77795,150.3828
FB,2017-06-09,S4_failed_break,150.76078333333334,152.34138333333334,151.55108333333334,2.2580000000000013,range_poc,spec,long,149.6,150.76078333333334,150.36563333333334
FB,2017-06-26,S4_failed_break,151.4376,153.22656666666668,152.33208333333334,2.555666666666668,range_poc,spec,long,153.59,151.4376,150.99035833333335
FB,2017-06-28,S1_contraction,152.43911666666665,154.31954999999996,153.3793333333333,2.6863333333333355,range_poc,spec,long,153.24,152.43911666666665,151.9690083333333
FB,2017-07-07,S1_contraction,150.8435,152.80349999999999,151.8235,2.800000000000002,range_poc,spec,long,151.44,150.8435,150.3535
FB,2017-08-09,S1_contraction,168.72471483333334,170.71778516666666,169.72125,2.84724333333333,range_poc,spec,long,171.18,168.72471483333334,168.22644725
FB,2017-08-10,S1_contraction,168.71631483333334,170.72618516666665,169.72125,2.871243333333331,range_poc,spec,long,167.4,168.71631483333334,168.21384725000001
FB,2017-08-11,S1_contraction,168.7437315,170.6987685,169.72125,2.792909999999997,range_poc,spec,long,168.08,168.7437315,168.25497224999998
FB,2017-08-14,S1_contraction,168.7304315,170.7120685,169.72125,2.830909999999997,range_poc,spec,long,170.75,168.7304315,168.23502225000001
FB,2017-08-22,S1_contraction,168.5921481666667,170.49235183333334,169.54225000000002,2.7145766666666638,range_poc,spec,long,169.64,168.5921481666667,168.11709725000003
FB,2017-08-25,S1_contraction,168.28241666666668,170.18758333333335,169.235,2.721666666666663,range_poc,spec,long,166.32,168.28241666666668,167.806125
FB,2017-08-29,S1_contraction,168.32023333333336,170.1911,169.25566666666668,2.672666666666663,range_poc,spec,long,168.05,168.32023333333336,167.8525166666667
FB,2017-09-14,S1_contraction,169.7947125,171.4552875,170.625,2.372249999999998,range_poc,spec,long,170.96,169.7947125,169.37956875
FB,2017-10-05,S1_contraction,170.45542916666668,172.3612375,171.40833333333333,2.7225833333333336,range_poc,spec,long,171.24,170.45542916666668,169.97897708333335
FB,2017-10-19,S1_contraction,171.41451666666666,173.21048333333334,172.3125,2.5656666666666665,range_poc,spec,long,174.56,171.41451666666666,170.96552499999999
FB,2017-10-23,S1_contraction,170.40508333333332,172.19591666666668,171.3005,2.558333333333333,range_poc,spec,long,171.27,170.40508333333332,169.95737499999998
FB,2017-11-29,S1_contraction,178.07275,179.93125,179.002,2.6549999999999985,range_poc,spec,long,175.13,178.07275,177.60812500000003
FB,2017-12-19,S1_contraction,178.04843533333334,180.03756466666667,179.043,2.8416133333333287,range_poc,spec,long,179.51,178.04843533333334,177.551153
FB,2017-12-27,S1_contraction,177.77366866666665,179.80433133333332,178.789,2.900946666666663,range_poc,spec,long,177.62,177.77366866666665,177.26600299999998
FB,2018-01-02,S1_contraction,177.73882383333333,179.83917616666665,178.789,3.000503333333329,range_poc,spec,long,181.42,177.73882383333333,177.21373575
FB,2018-01-12,S1_contraction,177.69450249999997,179.8839975,178.78924999999998,3.127849999999997,range_poc,spec,long,179.37,177.69450249999997,177.14712874999998
FB,2018-02-21,S1_contraction,178.79471033333334,182.29828966666668,180.5465,5.005113333333332,range_poc,spec,long,177.91,178.79471033333334,177.9188155
FB,2018-02-27,S1_contraction,178.3518763333333,181.80312366666666,180.0775,4.930353333333331,range_poc,spec,long,181.46,178.3518763333333,177.48906449999998
FB,2018-02-28,S1_contraction,175.99485966666668,179.47014033333335,177.73250000000002,4.9646866666666645,range_poc,spec,long,178.32,175.99485966666668,175.12603950000002
FB,2018-03-08,S1_contraction,178.29590549999998,181.8590945,180.0775,5.090270000000001,range_poc,spec,long,182.34,178.29590549999998,177.40510824999996
FB,2018-03-13,S1_contraction,178.2924043333333,181.86259566666666,180.0775,5.100273333333334,range_poc,spec,long,181.88,178.2924043333333,177.39985649999997
FB,2018-04-06,S1_contraction,153.46361516666667,157.55438483333336,155.50900000000001,5.843956666666665,range_poc,spec,long,157.2,153.46361516666667,152.44092275
FB,2018-06-08,S1_contraction,183.04119350000002,185.6218065,184.3315,3.686589999999998,range_poc,spec,long,189.2,183.04119350000002,182.39604025000003
FB,2018-06-08,S3_rejection,175.61131325000002,178.19192625,176.90161975,3.686589999999998,rejection_origin,spec,long,189.2,175.61131325000002,174.96616000000003
FB,2018-07-03,S1_contraction,192.96022116666668,195.95794550000002,194.45908333333335,4.282463333333334,range_poc,spec,long,192.73,192.96022116666668,192.21079008333334
FB,2018-08-28,S1_contraction,172.0122095,175.85812383333334,173.93516666666667,5.494163333333335,range_poc,spec,long,176.26,172.0122095,171.05073091666668
FB,2018-08-31,S1_contraction,172.00487583333333,175.86545750000002,173.93516666666667,5.515116666666667,range_poc,spec,long,175.73,172.00487583333333,171.03973041666666
FB,2018-09-21,S1_contraction,161.71550183333335,164.32623816666666,163.02087,3.7296233333333313,range_poc,spec,long,162.93,161.71550183333335,161.06281775000002
FB,2018-09-25,S1_contraction,161.5850685,164.23967150000001,162.91237,3.792289999999997,range_poc,spec,long,164.91,161.5850685,160.92141775
FB,2018-12-10,S1_contraction,139.10796883333333,142.66453116666665,140.88625,5.08080333333333,range_poc,spec,long,141.85,139.10796883333333,138.21882825
FB,2018-12-18,S1_contraction,141.60778116666665,144.79221883333332,143.2,4.5491966666666634,range_poc,spec,long,143.66,141.60778116666665,140.81167175
FB,2019-01-02,S1_contraction,132.09188233333333,136.103951,134.09791666666666,5.731526666666666,range_poc,spec,long,135.68,132.09188233333333,131.08886516666666
FB,2019-01-07,S1_contraction,132.16700633333332,136.028827,134.09791666666666,5.516886666666666,range_poc,spec,long,138.05,132.16700633333332,131.20155116666666
FB,2019-01-23,S1_contraction,141.4672815,145.25655183333333,143.36191666666667,5.413243333333333,range_poc,spec,long,144.3,141.4672815,140.51996391666668
FB,2019-01-29,S1_contraction,141.4764981666667,145.24733516666666,143.36191666666667,5.3869099999999985,range_poc,spec,long,144.19,141.4764981666667,140.5337889166667
FB,2019-03-04,S1_contraction,164.71398449999998,167.74684883333333,166.23041666666666,4.332663333333331,range_poc,spec,long,167.37,164.71398449999998,163.95576841666664
FB,2019-03-15,S1_contraction,164.80373383333335,167.37009950000004,166.0869166666667,3.6662366666666655,range_poc,spec,long,165.98,164.80373383333335,164.16214241666668
FB,2019-03-27,S1_contraction,162.60838383333333,165.2139495,163.91116666666667,3.722236666666664,range_poc,spec,long,165.87,162.60838383333333,161.95699241666665
FB,2019-03-28,S1_contraction,162.59788383333336,165.2244495,163.91116666666667,3.752236666666663,range_poc,spec,long,165.55,162.59788383333336,161.94124241666668
FB,2019-05-29,S1_contraction,180.21783066666669,183.27050266666666,181.74416666666667,4.360959999999995,range_poc,spec,long,182.19,180.21783066666669,179.4546626666667
FB,2019-07-25,S1_contraction,200.66492,203.60104666666666,202.13298333333333,4.194466666666668,range_poc,spec,long,200.71,200.66492,199.93088833333331
FB,2019-07-25,S4_failed_break,201.01515583333332,203.9512825,202.48321916666666,4.194466666666668,range_poc,spec,long,200.71,201.01515583333332,200.28112416666664
FB,2019-08-27,S1_contraction,181.5596975,185.0936358333333,183.32666666666665,5.048483333333332,range_poc,spec,long,181.3,181.5596975,180.67621291666666
FB,2019-09-10,S1_contraction,184.04506533333333,187.323268,185.68416666666667,4.683146666666667,range_poc,spec,long,186.17,184.04506533333333,183.22551466666664
FB,2019-09-13,S1_contraction,183.5211153333333,186.55688466666666,185.039,4.336813333333334,range_poc,spec,long,187.19,183.5211153333333,182.76217299999996
FB,2019-09-20,S1_contraction,186.128822,188.837178,187.483,3.8690799999999994,range_poc,spec,long,189.93,186.128822,185.45173300000002
FB,2019-09-23,S1_contraction,185.56863033333335,188.30136966666666,186.935,3.9039133333333327,range_poc,spec,long,186.82,185.56863033333335,184.8854455
FB,2019-10-11,S1_contraction,185.22116366666665,187.97233633333332,186.59675,3.9302466666666684,range_poc,spec,long,184.19,185.22116366666665,184.5333705
FB,2019-10-15,S1_contraction,186.52891366666665,189.33258633333332,187.93075,4.005246666666669,range_poc,spec,long,188.89,186.52891366666665,185.8279955
FB,2019-10-21,S1_contraction,186.53777333333332,189.32372666666666,187.93075,3.979933333333334,range_poc,spec,long,189.76,186.53777333333332,185.84128499999997
FB,2019-10-31,S4_failed_break,187.29721666666666,190.5652833333333,188.93124999999998,4.668666666666667,range_poc,spec,long,191.65,187.29721666666666,186.4802
FB,2019-12-03,S1_contraction,192.59876816666667,195.30289850000003,193.95083333333335,3.8630433333333323,range_poc,spec,long,198.82,192.59876816666667,191.92273558333335
FB,2019-12-12,S1_contraction,198.81067483333337,201.27349183333334,200.04208333333335,3.518309999999998,range_poc,spec,long,196.75,198.81067483333337,198.19497058333337
FB,2020-04-01,S1_contraction,155.80759916666668,163.30902083333334,159.55831,10.716316666666671,range_poc,spec,long,159.6,155.80759916666668,153.93224375
FB,2020-06-05,S1_contraction,228.81485266666667,233.96139733333334,231.388125,7.352206666666666,range_poc,spec,long,230.77,228.81485266666667,227.52821649999998
FB,2020-06-11,S1_contraction,229.13076433333333,234.18502566666666,231.657895,7.220373333333333,range_poc,spec,long,224.43,229.13076433333333,227.867199
FB,2020-06-24,S1_contraction,228.92420416666667,234.00762749999998,231.46591583333333,7.262033333333332,range_poc,spec,long,234.02,228.92420416666667,227.65334833333333
FB,2020-06-26,S1_contraction,229.18151583333338,234.49663916666668,231.83907750000003,7.593033333333333,range_poc,spec,long,216.08,229.18151583333338,227.85273500000005
FB,2020-07-13,S1_contraction,236.92290666666668,242.57442666666668,239.74866666666668,8.0736,range_poc,spec,long,239.0,236.92290666666668,235.51002666666668
FB,2020-07-21,S1_contraction,236.83808416666668,242.65924916666668,239.74866666666668,8.315949999999999,range_poc,spec,long,241.75,236.83808416666668,235.3827929166667
FB,2020-08-21,S1_contraction,260.96118816666666,266.4913118333333,263.72625,7.900176666666667,range_poc,spec,long,267.01,260.96118816666666,259.57865725
FB,2020-09-16,S1_contraction,260.7538555,267.9778111666667,264.36583333333334,10.319936666666672,range_poc,spec,long,263.52,260.7538555,258.9478665833333
FB,2020-10-01,S1_contraction,267.37278283333336,274.3642171666667,270.86850000000004,9.987763333333334,range_poc,spec,long,266.63,267.37278283333336,265.62492425000005
FB,2020-10-30,S1_contraction,261.95689216666665,268.0982745,265.0275833333333,8.773403333333333,range_poc,spec,long,263.11,261.95689216666665,260.42154658333334
FB,2020-11-24,S1_contraction,273.63114783333333,280.4215188333334,277.02633333333335,9.700530000000002,range_poc,spec,long,276.92,273.63114783333333,271.9335550833333
FB,2020-12-04,S1_contraction,273.73387283333335,280.31879383333336,277.02633333333335,9.40703,range_poc,spec,long,279.7,273.73387283333335,272.0876425833334
FB,2020-12-09,S1_contraction,269.68953883333336,276.3551278333333,273.02233333333334,9.52227,range_poc,spec,long,277.92,269.68953883333336,268.02314158333337
FB,2020-12-10,S1_contraction,269.7964055,276.2482611666667,273.02233333333334,9.216936666666667,range_poc,spec,long,277.12,269.7964055,268.1834415833333
FB,2020-12-28,S1_contraction,272.2511733333333,277.2463266666666,274.74875,7.13593333333333,range_poc,spec,long,277.0,272.2511733333333,271.002385
FB,2021-02-17,S1_contraction,265.38128183333333,270.9397181666667,268.1605,7.940623333333339,range_poc,spec,long,273.57,265.38128183333333,263.99167275
FB,2021-02-18,S1_contraction,265.3421856666667,270.97881433333333,268.1605,8.052326666666675,range_poc,spec,long,269.39,265.3421856666667,263.93302850000003
FB,2021-02-23,S1_contraction,265.305669,271.015331,268.1605,8.156660000000006,range_poc,spec,long,265.855,265.305669,263.8782535
FB,2021-02-26,S1_contraction,265.236719,271.08428100000003,268.1605,8.353660000000007,range_poc,spec,long,257.62,265.236719,263.7748285
FB,2021-03-01,S1_contraction,263.73718566666673,269.55231433333336,266.64475000000004,8.307326666666674,range_poc,spec,long,264.91,263.73718566666673,262.2834035000001
FB,2021-03-04,S1_contraction,263.6466535,269.4305131666667,266.53858333333335,8.262656666666674,range_poc,spec,long,257.64,263.6466535,262.2006885833333
FB,2021-03-05,S1_contraction,262.4935868333333,268.36424650000004,265.4289166666667,8.386656666666672,range_poc,spec,long,264.28,262.4935868333333,261.0259219166667
FB,2021-03-09,S1_contraction,262.3922035,268.46562983333337,265.4289166666667,8.676323333333334,range_poc,spec,long,265.74,262.3922035,260.87384691666665
FB,2021-04-15,S1_contraction,307.05374233333333,313.26992433333334,310.16183333333333,8.880260000000002,range_poc,spec,long,307.82,307.05374233333333,305.49969683333336
FB,2021-05-10,S1_contraction,302.8671816666667,308.1466516666666,305.50691666666665,7.542100000000001,range_poc,spec,long,305.97,302.8671816666667,301.5473141666667
FB,2021-06-09,S1_contraction,325.97943883333335,331.2339095,328.60667416666666,7.506386666666667,range_poc,spec,long,330.25,325.97943883333335,324.66582116666666
FB,2021-06-11,S1_contraction,326.2450305,330.96831783333334,328.60667416666666,6.7475533333333315,range_poc,spec,long,331.26,326.2450305,325.0642086666667
GOOGL,2004-10-14,S1_contraction,68.08700340118529,69.56810563215524,68.82755451667026,2.1158603299570826,range_poc,spec,long,71.2198,68.08700340118529,67.7167278434428
GOOGL,2004-10-22,S3_rejection,89.42848421375021,91.47916236346128,90.45382328860575,2.929540213872946,rejection_origin,spec,long,86.48199999999999,89.42848421375021,88.91581467632244
GOOGL,2004-10-25,S3_rejection,89.11553492948292,91.387629473104,90.25158220129346,3.245849348030119,rejection_origin,spec,long,93.9901,89.11553492948292,88.54751129357766
GOOGL,2004-10-29,S4_failed_break,95.24175614600325,97.76194996439834,96.5018530552008,3.6002768834215417,range_poc,spec,long,95.6152,95.24175614600325,94.61170769140449
GOOGL,2004-11-24,S1_contraction,84.87883095410793,88.36251536159169,86.62067315784981,4.976692010691078,range_poc,spec,long,87.6506,84.87883095410793,84.00790985223699
GOOGL,2005-07-06,S1_contraction,143.98898492915816,147.10815469784382,145.548569813501,4.45595681240811,range_poc,spec,long,146.2138,143.98898492915816,143.20919248698675
GOOGL,2005-09-30,S1_contraction,156.06008122315922,158.32375261757983,157.19191692036952,3.233816277743715,range_poc,spec,long,158.72,156.06008122315922,155.49416337455406
GOOGL,2005-10-04,S1_contraction,155.82002580749537,158.1762663144271,156.99814606096123,3.3660578670453125,range_poc,spec,long,155.9815,155.82002580749537,155.23096568076244
GOOGL,2005-10-20,S1_contraction,155.81770134778037,158.52894539830675,157.17332337304356,3.8732057864662104,range_poc,spec,long,152.0694,155.81770134778037,155.13989033514878
GOOGL,2005-11-15,S1_contraction,194.91697816971143,198.24379316369115,196.5803856667013,4.752592848542503,range_poc,spec,long,197.0081,194.91697816971143,194.0852744212165
GOOGL,2005-11-21,S1_contraction,196.42521543146708,199.86624989998543,198.14573266572626,4.91576352645479,range_poc,spec,long,205.3138,196.42521543146708,195.5649568143375
GOOGL,2006-01-03,S1_contraction,212.0875690253926,215.6729256186755,213.88024732203405,5.121937990404121,range_poc,spec,long,218.28880000000004,212.0875690253926,211.1912298770719
GOOGL,2006-02-28,S1_contraction,179.98642707689504,186.48946035785957,183.2379437173773,9.290047544235044,range_poc,spec,long,181.8714,179.98642707689504,178.36066875665392
GOOGL,2006-05-11,S1_contraction,194.47994273941123,198.73261720505542,196.60627997223332,6.07524923663454,range_poc,spec,long,194.0992,194.47994273941123,193.41677412300018
GOOGL,2006-05-25,S1_contraction,185.06550269221174,189.4318144401742,187.24865856619297,6.237588211374932,range_poc,spec,long,192.088,185.06550269221174,183.9739247552211
GOOGL,2006-05-30,S1_contraction,185.0957540567069,189.40156307567904,187.24865856619297,6.1511557413887505,range_poc,spec,long,186.54579999999999,185.0957540567069,184.01930180196388
GOOGL,2006-06-02,S1_contraction,185.1778480333299,189.31946909905605,187.24865856619297,5.916601522465973,range_poc,spec,long,190.3075,185.1778480333299,184.14244276689834
GOOGL,2006-06-05,S1_contraction,185.6196666141059,189.42869471487634,187.52418066449113,5.441468715386359,range_poc,spec,long,187.79969999999997,185.6196666141059,184.6674095889133
GOOGL,2006-06-12,S1_contraction,187.98067886998646,191.91364012927832,189.9471594996324,5.618516084702629,range_poc,spec,long,191.3607,187.98067886998646,186.9974385551635
GOOGL,2006-06-14,S1_contraction,188.5743291071998,192.34906860471312,190.46169885595646,5.39248499644764,range_poc,spec,long,192.79010000000002,188.5743291071998,187.63064423282145
GOOGL,2006-08-15,S1_contraction,191.0536284625495,194.46873485546956,192.76118165900954,4.87872341845718,range_poc,spec,long,191.0748,191.0536284625495,190.1998518643195
GOOGL,2006-08-29,S1_contraction,186.7729139388181,189.73102680134198,188.25197037008004,4.225875517891263,range_poc,spec,long,190.0617,186.7729139388181,186.03338572318714
GOOGL,2006-09-06,S1_contraction,188.48341210635627,191.03684326158347,189.76012768396987,3.647758793181717,range_poc,spec,long,190.6585,188.48341210635627,187.84505431754945
GOOGL,2006-09-28,S1_contraction,202.7064943935294,205.24834208984794,203.97741824168867,3.6312109947408016,range_poc,spec,long,202.4148,202.7064943935294,202.07103246944976
GOOGL,2006-10-02,S1_contraction,202.33599262261393,204.84261491419576,203.58930376840485,3.5808889879740273,range_poc,spec,long,201.34149999999997,202.33599262261393,201.70933704971847
GOOGL,2006-10-03,S1_contraction,202.33523215609046,204.84337538071924,203.58930376840485,3.5830617494696564,range_poc,spec,long,202.64550000000003,202.33523215609046,201.70819634993325
GOOGL,2006-11-28,S1_contraction,235.53387593260086,239.6111087880822,237.57249236034153,5.824618364973313,range_poc,spec,long,245.50789999999998,235.53387593260086,234.51456771873052
GOOGL,2006-12-14,S1_contraction,241.96142045414854,244.97711383685214,243.46926714550034,4.308133403862318,range_poc,spec,long,241.8064,241.96142045414854,241.20749710847264
GOOGL,2007-03-08,S1_contraction,233.17953433954267,236.90119733716978,235.04036583835622,5.316661425181589,range_poc,spec,long,228.06400000000002,233.17953433954267,232.24911859013588
GOOGL,2007-04-30,S1_contraction,234.1596467913061,236.88517059919985,235.52240869525298,3.893605439848209,range_poc,spec,long,236.4198,234.1596467913061,233.47826583933266
GOOGL,2007-05-09,S1_contraction,235.04101380432226,237.718848777465,236.37993129089364,3.8254785330610463,range_poc,spec,long,235.35149999999996,235.04101380432226,234.3715550610366
GOOGL,2007-05-16,S1_contraction,234.10744311551977,236.74513668896944,235.4262899022446,3.7681336763566926,range_poc,spec,long,237.0367,234.10744311551977,233.44801972215737
GOOGL,2007-06-21,S1_contraction,256.99194388043105,260.16516879687043,258.57855633865074,4.533178452056309,range_poc,spec,long,257.851,256.99194388043105,256.1986376513212
GOOGL,2007-07-20,S1_contraction,255.2141768619609,258.53695006413216,256.87556346304655,4.746818860244673,range_poc,spec,long,260.8653,255.2141768619609,254.3834835614181
GOOGL,2007-08-06,S1_contraction,255.2204662435706,258.67840777457036,256.9494370090705,4.939916472856813,range_poc,spec,long,255.78959999999998,255.2204662435706,254.35598086082067
GOOGL,2007-08-09,S1_contraction,255.19987010028365,258.69900391785734,256.9494370090705,4.998762596533823,range_poc,spec,long,258.1619,255.19987010028365,254.32508664589022
GOOGL,2007-08-29,S1_contraction,255.24940070049686,259.06638472972503,257.15789271511096,5.4528343274688265,range_poc,spec,long,257.2341,255.24940070049686,254.29515469318983
GOOGL,2007-09-10,S1_contraction,255.63684084249866,258.9134120895748,257.27512646603674,4.680816067251643,range_poc,spec,long,258.0365,255.63684084249866,254.81769803072962
GOOGL,2007-10-11,S3_rejection,304.3216570600548,308.06112703575036,306.1913920479026,5.342099965279369,rejection_origin,spec,long,311.963,304.3216570600548,303.3867895661309
GOOGL,2007-11-08,S3_rejection,336.75312500410706,343.03219775938845,339.89266138174776,8.970103936116262,rejection_origin,spec,long,347.9941999999999,336.75312500410706,335.18335681528674
GOOGL,2007-12-11,S1_contraction,346.0337484220146,354.16016550603933,350.09695696402696,11.6091672628925,range_poc,spec,long,350.6845,346.0337484220146,344.0021441510084
GOOGL,2007-12-31,S1_contraction,344.401143265355,350.81745463398204,347.6092989496685,9.166159098038609,range_poc,spec,long,346.8106000000001,344.401143265355,342.79706542319826
GOOGL,2008-02-19,S1_contraction,251.60569502344296,260.2142588783745,255.90997695090874,12.297948364187912,range_poc,spec,long,255.26300000000003,251.60569502344296,249.4535540597101
GOOGL,2008-03-24,S1_contraction,221.30045276387202,227.65120486047115,224.47582881217159,9.072502995141607,range_poc,spec,long,230.9931,221.30045276387202,219.71276473972222
GOOGL,2008-04-03,S1_contraction,221.58190270056082,228.14388129611046,224.86289199833564,9.374255136499487,range_poc,spec,long,228.2646,221.58190270056082,219.94140805167342
GOOGL,2008-04-14,S1_contraction,221.05603673322912,227.26967041314208,224.1628535731856,8.876619542732824,range_poc,spec,long,226.52930000000003,221.05603673322912,219.50262831325088
GOOGL,2008-05-29,S1_contraction,289.1093903952211,295.6545235052498,292.38195695023546,9.35019015718381,range_poc,spec,long,292.4026,289.1093903952211,287.47310711771394
GOOGL,2008-06-05,S1_contraction,289.4310100110249,294.89211507682523,292.1615625439251,7.801578665429043,range_poc,spec,long,294.0577,289.4310100110249,288.0657337445748
GOOGL,2008-07-07,S1_contraction,273.50705018019096,278.8322884027101,276.16966929145053,7.607483175027397,range_poc,spec,long,272.7971,273.50705018019096,272.1757406245612
GOOGL,2008-08-20,S1_contraction,237.85389415318133,243.7828116496686,240.81835290142496,8.46988213783897,range_poc,spec,long,243.25090000000003,237.85389415318133,236.37166477905953
GOOGL,2008-08-25,S1_contraction,237.98526915720277,243.56243109879233,240.77385012799755,7.967374202270802,range_poc,spec,long,242.25280000000004,237.98526915720277,236.59097867180537
GOOGL,2008-08-28,S1_contraction,238.24697594529871,243.42483750483004,240.83590672506438,7.396945085044741,range_poc,spec,long,237.62350000000004,238.24697594529871,236.95251055541587
GOOGL,2008-10-28,S1_contraction,173.80934564845745,183.79552293911263,178.80243429378504,14.265967558078822,range_poc,spec,long,184.9459,173.80934564845745,171.31280132579366
GOOGL,2008-12-17,S1_contraction,153.59626105881293,160.5292844853291,157.062772772071,9.904319180737396,range_poc,spec,long,158.1081,153.59626105881293,151.8630052021839
GOOGL,2008-12-23,S1_contraction,152.04955612932258,158.5442026707534,155.296879400038,9.278066487758286,range_poc,spec,long,149.4714,152.04955612932258,150.42589449396488
GOOGL,2008-12-24,S1_contraction,152.10771315112132,158.48604564895467,155.296879400038,9.111903568333405,range_poc,spec,long,151.94399999999996,152.10771315112132,150.51313002666296
GOOGL,2009-01-05,S1_contraction,153.85310221779474,159.46759198080025,156.6603470992975,8.020699661436407,range_poc,spec,long,164.5329,153.85310221779474,152.44947977704336
GOOGL,2009-02-17,S1_contraction,168.43795731072134,173.498821382769,170.96838934674517,7.229805817210954,range_poc,spec,long,171.8605,168.43795731072134,167.17274129270942
GOOGL,2009-02-24,S1_contraction,169.15935316256244,174.41999394482903,171.78967355369574,7.515201117523718,range_poc,spec,long,173.2598,169.15935316256244,167.8441929669958
GOOGL,2009-03-19,S1_contraction,168.2225162747066,173.39745275439947,170.80998451455304,7.3927663995612525,range_poc,spec,long,165.4808,168.2225162747066,166.9287821547834
GOOGL,2009-03-23,S1_contraction,168.29583497888484,173.32413405022123,170.80998451455304,7.1832843876234085,range_poc,spec,long,174.8402,168.29583497888484,167.03876021105074
GOOGL,2009-03-24,S1_contraction,168.07437361481817,173.05749990772807,170.56593676127312,7.1187518470141615,range_poc,spec,long,174.1977,168.07437361481817,166.8285920415907
GOOGL,2009-03-30,S1_contraction,168.2811273465299,173.2268654688475,170.7539964076887,7.065340174739407,range_poc,spec,long,171.8756,168.2811273465299,167.0446928159505
GOOGL,2009-05-01,S1_contraction,193.01035920471767,197.10706980121918,195.05871450296843,5.852443709287863,range_poc,spec,long,197.4545,193.01035920471767,191.98618155559228
GOOGL,2009-05-13,S1_contraction,192.99683983106274,197.00523651411004,195.0010381725864,5.7262809757818225,range_poc,spec,long,195.37310000000002,192.99683983106274,191.99474066030092
GOOGL,2009-05-22,S1_contraction,193.38572727836896,197.0956431658131,195.24068522209103,5.299879839205897,range_poc,spec,long,197.3592,193.38572727836896,192.45824830650793
GOOGL,2009-06-25,S1_contraction,206.85163304198258,209.92779187456446,208.38971245827352,4.394512617974138,range_poc,spec,long,208.5287,206.85163304198258,206.0825933338371
GOOGL,2009-09-08,S1_contraction,227.760632817042,230.66461876213475,229.21262578958837,4.148551350132499,range_poc,spec,long,230.01999999999998,227.760632817042,227.03463633076882
GOOGL,2009-10-06,S1_contraction,248.04418596499372,250.9744466737483,249.509316319371,4.1860867267923005,range_poc,spec,long,250.1422,248.04418596499372,247.31162078780505
GOOGL,2009-10-29,S1_contraction,274.9799572784089,278.48845620533535,276.73420674187213,5.01214132418066,range_poc,spec,long,276.3782,274.9799572784089,274.1028325466773
GOOGL,2009-11-05,S1_contraction,274.23365175413943,277.91334946032686,276.07350060723314,5.256711008839134,range_poc,spec,long,275.1744,274.23365175413943,273.3137273275926
GOOGL,2010-02-05,S1_contraction,266.45597277164376,271.0445703454711,268.7502715585574,6.555139391181859,range_poc,spec,long,266.4676,266.45597277164376,265.30882337818696
GOOGL,2010-02-19,S1_contraction,266.71161850948914,271.2696430229128,268.990630766201,6.511463590605284,range_poc,spec,long,271.2187,266.71161850948914,265.57211238113325
GOOGL,2010-02-26,S1_contraction,266.43041059974274,270.6858838948777,268.5581472473102,6.079247564478491,range_poc,spec,long,264.2156,266.43041059974274,265.366542275959
GOOGL,2010-03-01,S1_contraction,266.39222015641826,270.59034933538624,268.49128474590225,5.997327398525618,range_poc,spec,long,267.1697,266.39222015641826,265.34268786167627
GOOGL,2010-04-06,S1_contraction,281.55399221088237,285.1430825062771,283.34853735857973,5.127271850563888,range_poc,spec,long,284.9897,281.55399221088237,280.6567196370337
GOOGL,2010-06-07,S1_contraction,240.23919921946973,246.05073684732733,243.14496803339853,8.302196611225146,range_poc,spec,long,243.51170000000002,240.23919921946973,238.78631481250534
GOOGL,2010-06-10,S1_contraction,240.45691761785625,246.2916843342111,243.37430097603368,8.335381023364107,range_poc,spec,long,244.25900000000001,240.45691761785625,238.99822593876752
GOOGL,2010-06-21,S1_contraction,240.83154139594157,245.75404171730023,243.2927915566209,7.032143316226665,range_poc,spec,long,245.03639999999996,240.83154139594157,239.60091631560192
GOOGL,2010-08-11,S1_contraction,242.66175514741414,246.83255977074836,244.74715745908125,5.958292319048868,range_poc,spec,long,246.6313,242.66175514741414,241.61905399158059
GOOGL,2010-11-10,S1_contraction,306.50800430511975,310.37967002628153,308.44383716570064,5.530951030231046,range_poc,spec,long,312.4044,306.50800430511975,305.5400878748293
GOOGL,2010-11-11,S1_contraction,306.5330425233773,310.354631808024,308.44383716570064,5.459413263781075,range_poc,spec,long,309.5506,306.5330425233773,305.5776452022156
GOOGL,2010-12-31,S1_contraction,295.45290765522225,298.6161383154978,297.03452298536,4.518900943250727,range_poc,spec,long,297.9046,295.45290765522225,294.66209999015337
GOOGL,2011-02-14,S1_contraction,307.86272659338687,311.3282485773214,309.59548758535414,4.950745691335084,range_poc,spec,long,315.0475,307.86272659338687,306.99634609740326
GOOGL,2011-02-17,S1_contraction,307.9189003525689,311.27207481813934,309.59548758535414,4.7902492365291875,range_poc,spec,long,313.59799999999996,307.9189003525689,307.0806067361763
GOOGL,2011-02-22,S1_contraction,307.849677226509,311.34129794419925,309.59548758535414,4.988029596700369,range_poc,spec,long,306.0497,307.849677226509,306.97677204708646
GOOGL,2011-02-23,S1_contraction,307.83317683181724,311.35779833889103,309.59548758535414,5.035173581533955,range_poc,spec,long,306.6065,307.83317683181724,306.9520214550488
GOOGL,2011-03-03,S1_contraction,304.6464726944125,308.33699734908623,306.4917350217494,5.272178078105287,range_poc,spec,long,305.72369999999995,304.6464726944125,303.7238415307441
GOOGL,2011-04-05,S1_contraction,288.4748714197674,292.3402390691308,290.4075552444491,5.521953784804792,range_poc,spec,long,285.4261,288.4748714197674,287.50852950742654
GOOGL,2011-05-31,S1_contraction,262.7199368449414,265.5120831333698,264.1160099891556,3.98878041204063,range_poc,spec,long,265.329,262.7199368449414,262.0219002728343
GOOGL,2011-07-14,S1_contraction,262.3710961273498,265.99478837332254,264.18294225033617,5.1767032085325235,range_poc,spec,long,265.2889,262.3710961273498,261.4651730658566
GOOGL,2011-08-03,S1_contraction,298.6001741271318,303.7244677149163,301.16232092102405,7.320419411120706,range_poc,spec,long,301.5158,298.6001741271318,297.3191007301857
GOOGL,2011-09-12,S1_contraction,265.3341606176965,271.8467714616114,268.59046603965396,9.30372977702124,range_poc,spec,long,265.8807,265.3341606176965,263.7060079067178
GOOGL,2011-09-19,S1_contraction,265.99151284915075,271.8935397591246,268.9425263041377,8.431467014248392,range_poc,spec,long,274.1814,265.99151284915075,264.51600612165726
GOOGL,2011-09-21,S1_contraction,265.0873055507293,270.5645215886402,267.82591356968476,7.8245943398728075,range_poc,spec,long,270.4348,265.0873055507293,263.71800154125157
GOOGL,2011-10-28,S1_contraction,292.7992754487099,298.49811485406184,295.6486951513859,8.141199150502812,range_poc,spec,long,300.9992,292.7992754487099,291.37456559737194
GOOGL,2011-10-31,S1_contraction,292.8346753745766,298.46271492819517,295.6486951513859,8.040056505169451,range_poc,spec,long,297.2375,292.8346753745766,291.4276654861719
GOOGL,2011-11-02,S1_contraction,291.85372391576084,297.4022988922849,294.62801140402286,7.926535680748563,range_poc,spec,long,293.3154,291.85372391576084,290.46658017162986
GOOGL,2011-11-10,S1_contraction,294.91237788435893,300.11346541277493,297.51292164856693,7.4301250405942545,range_poc,spec,long,298.46129999999994,294.91237788435893,293.6121060022549
GOOGL,2011-11-17,S1_contraction,294.63617473602363,299.3975431013751,297.01685891869937,6.801954807644951,range_poc,spec,long,301.3653,294.63617473602363,293.44583264468577
GOOGL,2011-11-30,S1_contraction,298.56167207436124,303.08032274434424,300.82099740935274,6.4552152428328196,range_poc,spec,long,300.623,298.56167207436124,297.4320094068655
GOOGL,2011-12-21,S1_contraction,310.5270899941696,314.7978782640058,312.6624841290877,6.10112609976599,range_poc,spec,long,313.8789,310.5270899941696,309.45939292671056
GOOGL,2012-03-06,S1_contraction,303.2301340957354,306.51668076449295,304.8734074301142,4.695066669653555,range_poc,spec,long,303.4166,303.2301340957354,302.40849742854607
GOOGL,2012-04-12,S1_contraction,322.76991354505464,326.4922679927126,324.6310907688836,5.317649210939876,range_poc,spec,long,326.5129,322.76991354505464,321.8393249331401
GOOGL,2012-05-07,S1_contraction,302.20370250922434,306.40232864770604,304.3030155784652,5.998037340688089,range_poc,spec,long,304.7156,302.20370250922434,301.15404597460395
GOOGL,2012-05-15,S1_contraction,304.1791139923326,308.3672180582208,306.2731660252767,5.983005808411633,range_poc,spec,long,306.5011,304.1791139923326,303.13208797586054
GOOGL,2012-06-26,S1_contraction,283.9877433831065,288.53233119585127,286.2600372894789,6.49226830392113,range_poc,spec,long,283.2143,283.9877433831065,282.8515964299203
GOOGL,2012-08-27,S1_contraction,335.0759231734521,339.19041270357684,337.1331679385145,5.877842185892507,range_poc,spec,long,335.6461,335.0759231734521,334.04730079092093
GOOGL,2012-10-02,S4_failed_break,378.39532908604315,382.7850055007882,380.5901672934157,6.270966306778672,range_poc,spec,long,379.667,378.39532908604315,377.2979099823569
GOOGL,2012-10-08,S1_contraction,378.97846725360256,383.36230423456567,381.1703857440841,6.262624258518764,range_poc,spec,long,380.0933,378.97846725360256,377.8825080083618
GOOGL,2012-10-17,S1_contraction,377.1329635228759,381.6685351750888,379.40074934898234,6.479388074589876,range_poc,spec,long,378.9147,377.1329635228759,375.9990706098227
GOOGL,2012-10-18,S3_rejection,376.67013074344743,381.9576657312057,379.31389823732655,7.553621411083162,rejection_origin,spec,long,348.576,376.67013074344743,375.3482469965079
GOOGL,2012-11-20,S1_contraction,336.93218040703454,342.62907316640536,339.78062678671995,8.13841822767269,range_poc,spec,long,336.0223,336.93218040703454,335.5079572171918
GOOGL,2013-03-18,S1_contraction,400.0900587854812,404.242249240557,402.1661540130191,5.931700650108259,range_poc,spec,long,405.1456,400.0900587854812,399.05201117171225
GOOGL,2013-03-27,S1_contraction,400.0839086407019,403.9003182265518,401.99211343362686,5.452013694071307,range_poc,spec,long,402.57270000000005,400.0839086407019,399.12980624423943
GOOGL,2013-04-01,S1_contraction,400.19719583476774,404.06884261339223,402.13301922408,5.530923969463569,range_poc,spec,long,401.83539999999994,400.19719583476774,399.22928414011164
GOOGL,2013-04-03,S1_contraction,401.6515997858481,405.6036697116064,403.62763474872725,5.6458141796547405,range_poc,spec,long,404.34919999999994,401.6515997858481,400.66358230440846
GOOGL,2013-05-01,S1_contraction,405.7252038162958,410.6055403799164,408.1653720981061,6.971909376600875,range_poc,spec,long,411.4852,405.7252038162958,404.50511967539063
GOOGL,2013-06-07,S1_contraction,435.72950746004244,441.06958108329786,438.39954427167015,7.628676604650533,range_poc,spec,long,441.227,435.72950746004244,434.3944890542286
GOOGL,2013-07-02,S1_contraction,437.2009389063432,442.2689403489563,439.73493962764974,7.240002060875833,range_poc,spec,long,442.521,437.2009389063432,435.9339385456899
GOOGL,2013-07-19,S1_contraction,438.9339716259756,443.767857055522,441.3509143407488,6.905550613637682,range_poc,spec,long,449.6871,438.9339716259756,437.725500268589
GOOGL,2013-07-30,S1_contraction,443.806534544532,448.6378690425076,446.2222017935198,6.901906425679406,range_poc,spec,long,446.8394,443.806534544532,442.5987009200381
GOOGL,2013-09-23,S1_contraction,443.05062033376043,447.05444553174107,445.05253293275075,5.719750282829399,range_poc,spec,long,444.6225,443.05062033376043,442.0496640342653
GOOGL,2013-12-18,S1_contraction,528.9489412825569,533.9007407294068,531.4248410059819,7.073999209785641,range_poc,spec,long,544.0544,528.9489412825569,527.7109914208445
GOOGL,2014-01-06,S1_contraction,557.0641474965163,561.8481287418298,559.456138119173,6.834258921876494,range_poc,spec,long,560.3899,557.0641474965163,555.8681521851879
GOOGL,2014-03-07,S1_contraction,601.1224839700236,608.2775717356147,604.7000278528192,10.221553950844449,range_poc,spec,long,609.2758,601.1224839700236,599.3337120286258
GOOGL,2014-03-21,S1_contraction,602.4213977686786,607.9909903242533,605.206194046466,7.9565607936780305,range_poc,spec,long,593.3516,602.4213977686786,601.028999629785
GOOGL,2014-05-14,S1_contraction,528.4533017953044,538.6383648713623,533.5458333333333,14.550090108654162,range_poc,spec,long,534.41,528.4533017953044,525.9070360262899
GOOGL,2014-07-16,S4_failed_break,584.9321373333333,591.102446,588.0172916666667,8.814726666666672,range_poc,spec,long,590.62,584.9321373333333,583.3895601666667
GOOGL,2014-07-29,S1_contraction,590.7325678333332,597.3914321666666,594.0619999999999,9.512663333333327,range_poc,spec,long,593.95,590.7325678333332,589.0678517499998
GOOGL,2014-07-31,S1_contraction,584.1730686666666,590.9825496666666,587.5778091666666,9.727829999999999,range_poc,spec,long,579.55,584.1730686666666,582.4706984166667
GOOGL,2014-08-13,S1_contraction,574.6412768333333,581.6797231666666,578.1605,10.054923333333333,range_poc,spec,long,584.56,574.6412768333333,572.88166525
GOOGL,2014-08-14,S1_contraction,574.6198101666666,581.7011898333333,578.1605,10.116256666666667,range_poc,spec,long,584.65,574.6198101666666,572.84946525
GOOGL,2014-08-15,S1_contraction,574.5794434999999,581.7415565,578.1605,10.231590000000002,range_poc,spec,long,583.71,574.5794434999999,572.78891525
GOOGL,2014-09-03,S1_contraction,591.8954906666667,597.5935093333334,594.7445,8.140026666666666,range_poc,spec,long,589.52,591.8954906666667,590.470986
GOOGL,2014-09-04,S1_contraction,591.8630573333334,597.6259426666667,594.7445,8.232693333333335,range_poc,spec,long,593.14,591.8630573333334,590.4223360000001
GOOGL,2014-09-25,S1_contraction,591.6455745,596.9155921666667,594.2805833333333,7.528596666666662,range_poc,spec,long,585.25,591.6455745,590.3280700833333
GOOGL,2014-11-18,S1_contraction,551.4650666666666,559.3676,555.4163333333333,11.289333333333335,range_poc,spec,long,544.51,551.4650666666666,549.4894333333333
GOOGL,2014-11-21,S1_contraction,547.09705,554.3002833333334,550.6986666666667,10.290333333333331,range_poc,spec,long,545.89,547.09705,545.2962416666667
GOOGL,2015-01-02,S1_contraction,532.3268145000001,538.5653521666667,535.4460833333334,8.912196666666667,range_poc,spec,long,529.55,532.3268145000001,530.7671800833334
GOOGL,2015-02-10,S1_contraction,532.9071791666665,540.6544875,536.7808333333332,11.067583333333342,range_poc,spec,long,540.16,532.9071791666665,530.9703520833332
GOOGL,2015-02-19,S1_contraction,533.1670458333334,540.7531208333334,536.9600833333334,10.837250000000015,range_poc,spec,long,546.45,533.1670458333334,531.2705270833335
GOOGL,2015-02-20,S1_contraction,533.1479125000001,540.7722541666667,536.9600833333334,10.891916666666681,range_poc,spec,long,541.8,533.1479125000001,531.2418270833334
GOOGL,2015-03-19,S1_contraction,556.3722386666666,563.020428,559.6963333333333,9.497413333333347,range_poc,spec,long,563.67,556.3722386666666,554.7101913333332
GOOGL,2015-04-23,S1_contraction,555.3034603333333,561.7458730000001,558.5246666666667,9.203446666666673,range_poc,spec,long,557.46,555.3034603333333,553.6928571666666
GOOGL,2015-05-15,S1_contraction,539.8877386666666,546.8905946666666,543.3891666666666,10.004079999999995,range_poc,spec,long,546.49,539.8877386666666,538.1370246666665
GOOGL,2015-05-26,S1_contraction,539.818322,546.9600113333332,543.3891666666666,10.202413333333334,range_poc,spec,long,547.19,539.818322,538.0328996666667
GOOGL,2015-06-01,S1_contraction,547.6457671666667,554.4241495000001,551.0349583333334,9.683403333333331,range_poc,spec,long,549.21,547.6457671666667,545.9511715833333
GOOGL,2015-06-10,S1_contraction,546.8527733333334,552.9024766666668,549.8776250000001,8.642433333333338,range_poc,spec,long,552.6,546.8527733333334,545.3403475
GOOGL,2015-06-26,S1_contraction,550.7189601666666,555.9715898333334,553.345275,7.503756666666671,range_poc,spec,long,553.06,550.7189601666666,549.40580275
GOOGL,2015-07-08,S1_contraction,543.1367685,548.3901215000001,545.763445,7.504789999999999,range_poc,spec,long,541.7,543.1367685,541.82343025
GOOGL,2015-07-09,S1_contraction,543.1546033333334,548.3722866666667,545.763445,7.453833333333334,range_poc,spec,long,544.65,543.1546033333334,541.8501825000001
GOOGL,2015-08-11,S1_contraction,691.4007913333334,703.3977086666667,697.39925,17.138453333333334,range_poc,spec,long,690.3,691.4007913333334,688.401562
GOOGL,2015-09-09,S1_contraction,655.7881243333334,669.0293756666667,662.40875,18.916073333333333,range_poc,spec,long,643.41,655.7881243333334,652.4778115
GOOGL,2015-09-22,S1_contraction,648.3390693333333,661.6904306666668,655.01475,19.073373333333336,range_poc,spec,long,653.2,648.3390693333333,645.001229
GOOGL,2015-10-02,S1_contraction,647.8455773333333,661.312756,654.5791666666667,19.238826666666665,range_poc,spec,long,656.99,647.8455773333333,644.4787826666666
GOOGL,2015-10-13,S1_contraction,662.5217204999999,673.2032795,667.8625,15.259369999999997,range_poc,spec,long,683.17,662.5217204999999,659.8513307499999
GOOGL,2015-10-21,S1_contraction,662.8389713333333,673.093997,667.9664841666666,14.650036666666661,range_poc,spec,long,671.8,662.8389713333333,660.2752149166668
GOOGL,2015-11-30,S1_contraction,754.3813335000001,764.6686665000001,759.5250000000001,14.696189999999998,range_poc,spec,long,762.85,754.3813335000001,751.8095002500002
GOOGL,2015-12-03,S1_contraction,754.3897966666667,764.9640783333333,759.6769375,15.106116666666667,range_poc,spec,long,768.2,754.3897966666667,751.7462262500001
GOOGL,2015-12-08,S1_contraction,755.6803705,764.9477545,760.3140625,13.239119999999998,range_poc,spec,long,775.14,755.6803705,753.3635245
GOOGL,2015-12-09,S1_contraction,761.4116661666666,770.9650421666666,766.1883541666666,13.647679999999996,range_poc,spec,long,762.55,761.4116661666666,759.0233221666665
GOOGL,2015-12-14,S1_contraction,752.632502,762.625373,757.6289375,14.275529999999996,range_poc,spec,long,762.54,752.632502,750.1342842500001
GOOGL,2016-02-16,S1_contraction,712.8590601666667,730.3039398333333,721.5815,24.921256666666675,range_poc,spec,long,717.64,712.8590601666667,708.4978402500001
GOOGL,2016-03-31,S1_contraction,753.2401591666666,762.4800074999999,757.8600833333333,13.19978333333333,range_poc,spec,long,762.9,753.2401591666666,750.9301970833333
GOOGL,2016-04-04,S1_contraction,753.3085841666666,762.4115824999999,757.8600833333333,13.00428333333333,range_poc,spec,long,765.12,753.3085841666666,751.0328345833333
GOOGL,2016-04-05,S1_contraction,753.3460924999999,762.3740741666666,757.8600833333333,12.897116666666664,range_poc,spec,long,758.57,753.3460924999999,751.0890970833333
GOOGL,2016-04-07,S1_contraction,753.9795091666666,762.7636575,758.3715833333333,12.548783333333327,range_poc,spec,long,760.12,753.9795091666666,751.7834720833332
GOOGL,2016-04-22,S1_contraction,753.8680908333333,762.4035758333332,758.1358333333333,12.19354999999999,range_poc,spec,long,737.77,753.8680908333333,751.7342195833334
GOOGL,2016-05-18,S1_contraction,708.008641,717.4038589999999,712.70625,13.42173999999998,range_poc,spec,long,721.78,708.008641,705.6598365
GOOGL,2016-05-19,S1_contraction,708.0131326666666,717.3993673333333,712.70625,13.408906666666647,range_poc,spec,long,715.31,708.0131326666666,705.6665739999999
GOOGL,2016-05-23,S1_contraction,708.0363504999999,717.3761495,712.70625,13.342569999999982,range_poc,spec,long,717.25,708.0363504999999,705.70140075
GOOGL,2016-06-09,S1_contraction,729.9837565,737.5902435,733.787,10.866409999999993,range_poc,spec,long,742.52,729.9837565,728.08213475
GOOGL,2016-06-10,S1_contraction,730.3748398333332,737.6534935,734.0141666666666,10.398076666666661,range_poc,spec,long,733.19,730.3748398333332,728.5551764166665
GOOGL,2016-08-26,S1_contraction,795.829958,802.2699253333333,799.0499416666667,9.199953333333353,range_poc,spec,long,793.22,795.829958,794.2199661666667
GOOGL,2016-08-29,S1_contraction,794.9883468333335,801.1644865000001,798.0764166666668,8.823056666666684,range_poc,spec,long,795.82,794.9883468333335,793.4443119166668
GOOGL,2016-09-02,S1_contraction,794.0184076666668,800.1188073333334,797.0686075000001,8.714856666666678,range_poc,spec,long,796.87,794.0184076666668,792.4933077500002
GOOGL,2016-09-12,S4_failed_break,794.3345133333332,800.2586366666667,797.296575,8.463033333333348,range_poc,spec,long,798.82,794.3345133333332,792.8534824999999
GOOGL,2016-10-03,S1_contraction,792.9303685,799.5542981666667,796.2423333333334,9.462756666666662,range_poc,spec,long,800.38,792.9303685,791.2743860833333
GOOGL,2016-10-13,S1_contraction,799.0265821666667,806.1514178333334,802.589,10.17833666666667,range_poc,spec,long,804.08,799.0265821666667,797.2453732500001
GOOGL,2016-11-30,S1_contraction,775.3133256666667,786.6045076666667,780.9589166666667,16.13025999999999,range_poc,spec,long,775.88,775.3133256666667,772.4905301666668
GOOGL,2017-01-03,S1_contraction,807.5011141666666,816.2698858333333,811.8855,12.526816666666662,range_poc,spec,long,808.01,807.5011141666666,805.3089212499999
GOOGL,2017-02-07,S1_contraction,825.1793634999999,832.7303031666665,828.9548333333332,10.787056666666665,range_poc,spec,long,829.23,825.1793634999999,823.2916285833332
GOOGL,2017-03-01,S1_contraction,847.6033943333333,854.3424389999999,850.9729166666666,9.62720666666667,range_poc,spec,long,856.75,847.6033943333333,845.9186331666667
GOOGL,2017-03-02,S1_contraction,847.576561,854.3692723333332,850.9729166666666,9.70387333333334,range_poc,spec,long,849.85,847.576561,845.8783831666667
GOOGL,2017-03-21,S1_contraction,845.6240166666668,851.2338166666667,848.4289166666667,8.014000000000006,range_poc,spec,long,850.14,845.6240166666668,844.2215666666668
GOOGL,2017-03-27,S4_failed_break,838.4650333333333,844.6609666666667,841.563,8.85133333333334,range_poc,spec,long,838.51,838.4650333333333,836.9160499999999
GOOGL,2017-04-10,S1_contraction,845.5901499999999,852.2945166666665,848.9423333333332,9.57766666666668,range_poc,spec,long,841.7,845.5901499999999,843.9140583333333
GOOGL,2017-04-17,S1_contraction,845.5661166666665,852.3185499999998,848.9423333333332,9.646333333333349,range_poc,spec,long,855.13,845.5661166666665,843.8780083333331
GOOGL,2017-05-17,S1_contraction,952.0713666666667,960.0336333333333,956.0525,11.374666666666686,range_poc,spec,long,942.17,952.0713666666667,950.0808
GOOGL,2017-05-18,S1_contraction,949.8848999999999,957.8434333333333,953.8641666666666,11.36933333333335,range_poc,spec,long,950.5,949.8848999999999,947.8952666666665
GOOGL,2017-06-09,S1_contraction,951.8614499999999,961.4500499999999,956.6557499999999,13.698000000000006,range_poc,spec,long,970.12,951.8614499999999,949.4642999999999
GOOGL,2017-06-09,S3_rejection,952.1494666666666,961.7380666666667,956.9437666666666,13.698000000000006,rejection_origin,spec,long,970.12,952.1494666666666,949.7523166666666
GOOGL,2017-07-25,S1_contraction,970.7376,982.5704,976.654,16.903999999999996,range_poc,spec,long,969.03,970.7376,967.7794000000001
GOOGL,2017-08-14,S1_contraction,939.7158166666667,949.9761833333333,944.846,14.657666666666678,range_poc,spec,long,938.93,939.7158166666667,937.150725
GOOGL,2017-08-15,S1_contraction,942.10265,952.0713499999999,947.087,14.241000000000012,range_poc,spec,long,938.08,942.10265,939.6104750000001
GOOGL,2017-08-29,S1_contraction,936.3864500000001,946.0683833333334,941.2274166666667,13.831333333333339,range_poc,spec,long,935.75,936.3864500000001,933.9659666666668
GOOGL,2017-09-08,S1_contraction,936.2384833333334,944.87135,940.5549166666667,12.332666666666679,range_poc,spec,long,941.41,936.2384833333334,934.0802666666668
GOOGL,2017-09-14,S1_contraction,936.6947,944.8704666666667,940.7825833333334,11.679666666666678,range_poc,spec,long,940.13,936.6947,934.6507583333333
GOOGL,2017-09-19,S1_contraction,936.5841,944.9810666666667,940.7825833333334,11.995666666666683,range_poc,spec,long,936.86,936.5841,934.4848583333334
GOOGL,2017-09-21,S1_contraction,936.5108333333334,945.0543333333334,940.7825833333334,12.20500000000001,range_poc,spec,long,947.55,936.5108333333334,934.3749583333333
GOOGL,2017-09-22,S1_contraction,936.6174666666667,944.9477,940.7825833333334,11.900333333333341,range_poc,spec,long,943.26,936.6174666666667,934.5349083333333
GOOGL,2017-09-26,S1_contraction,936.5537666666667,945.0114000000001,940.7825833333334,12.082333333333345,range_poc,spec,long,937.43,936.5537666666667,934.4393583333333
GOOGL,2017-11-21,S1_contraction,1037.3178,1048.0945333333332,1042.7061666666666,15.395333333333319,range_poc,spec,long,1050.3,1037.3178,1034.6236166666667
GOOGL,2017-12-27,S1_contraction,1049.5445333333332,1060.3079666666667,1054.92625,15.376333333333331,range_poc,spec,long,1060.2,1049.5445333333332,1046.8536749999998
GOOGL,2018-02-02,S1_contraction,1106.3596783333332,1117.7019883333332,1112.0308333333332,16.203299999999967,range_poc,spec,long,1119.2,1106.3596783333332,1103.5241008333333
GOOGL,2018-03-19,S1_contraction,1096.5576166666667,1117.8537166666667,1107.2056666666667,30.423000000000023,range_poc,spec,long,1100.07,1096.5576166666667,1091.2335916666666
GOOGL,2018-04-24,S1_contraction,1022.7328583333334,1045.500475,1034.1166666666668,32.52516666666666,range_poc,spec,long,1022.64,1022.7328583333334,1017.0409541666668
GOOGL,2018-05-01,S1_contraction,1023.9454416666666,1045.8928916666666,1034.9191666666666,31.353499999999993,range_poc,spec,long,1040.75,1023.9454416666666,1018.4585791666666
GOOGL,2018-05-30,S1_contraction,1074.7297166666667,1089.9012833333336,1082.3155000000002,21.67366666666666,range_poc,spec,long,1077.47,1074.7297166666667,1070.936825
GOOGL,2018-07-05,S1_contraction,1134.9356500000001,1150.39585,1142.6657500000001,22.08599999999999,range_poc,spec,long,1141.29,1134.9356500000001,1131.0706
GOOGL,2018-08-16,S1_contraction,1243.3640166666667,1259.8459833333334,1251.605,23.545666666666694,range_poc,spec,long,1224.06,1243.3640166666667,1239.2435249999999
GOOGL,2018-08-27,S1_contraction,1244.0347000000002,1260.4133000000002,1252.2240000000002,23.398000000000017,range_poc,spec,long,1256.27,1244.0347000000002,1239.9400500000002
GOOGL,2018-08-30,S1_contraction,1244.4864833333336,1260.5066833333335,1252.4965833333335,22.88600000000002,range_poc,spec,long,1254.44,1244.4864833333336,1240.4814333333336
GOOGL,2018-09-21,S1_contraction,1168.4653833333334,1183.5972833333333,1176.0313333333334,21.617000000000008,range_poc,spec,long,1172.12,1168.4653833333334,1164.6824083333336
GOOGL,2018-10-04,S1_contraction,1168.1321666666665,1184.0303333333334,1176.08125,22.71166666666667,range_poc,spec,long,1177.07,1168.1321666666665,1164.1576249999998
GOOGL,2018-10-26,S4_failed_break,1104.6221333333333,1126.9442,1115.7831666666666,31.888666666666648,range_poc,spec,long,1083.75,1104.6221333333333,1099.0416166666666
GOOGL,2018-10-29,S1_contraction,1105.5969333333335,1129.7450666666666,1117.671,34.497333333333316,range_poc,spec,long,1034.73,1105.5969333333335,1099.5599000000002
GOOGL,2018-12-14,S1_contraction,1043.6515166666668,1064.7873166666668,1054.2194166666668,30.194000000000017,range_poc,spec,long,1051.71,1043.6515166666668,1038.3675666666668
GOOGL,2018-12-18,S1_contraction,1043.3322,1065.1066333333335,1054.2194166666668,31.10633333333335,range_poc,spec,long,1043.41,1043.3322,1037.8885916666668
GOOGL,2018-12-20,S1_contraction,1042.9787000000001,1065.4601333333335,1054.2194166666668,32.11633333333336,range_poc,spec,long,1023.58,1042.9787000000001,1037.3583416666668
GOOGL,2019-01-04,S1_contraction,1039.9373796666666,1064.8555153333334,1052.3964475,35.59733666666668,range_poc,spec,long,1078.07,1039.9373796666666,1033.70784575
GOOGL,2019-01-07,S1_contraction,1040.113313,1064.679582,1052.3964475,35.094670000000015,range_poc,spec,long,1075.92,1040.113313,1033.97174575
GOOGL,2019-01-11,S1_contraction,1048.0465846666668,1072.4803203333333,1060.2634525,34.905336666666685,range_poc,spec,long,1064.47,1048.0465846666668,1041.9381507500002
GOOGL,2019-01-23,S1_contraction,1047.2051563333334,1069.5057586666667,1058.3554575,31.85800333333335,range_poc,spec,long,1084.41,1047.2051563333334,1041.6300057500002
GOOGL,2019-01-28,S1_contraction,1061.3877996666665,1083.3911353333333,1072.3894675,31.433336666666683,range_poc,spec,long,1079.86,1061.3877996666665,1055.88696575
GOOGL,2019-02-22,S1_contraction,1110.1191166666667,1125.8233833333334,1117.97125,22.43466666666669,range_poc,spec,long,1116.56,1110.1191166666667,1106.19305
GOOGL,2019-05-15,S4_failed_break,1177.85555,1193.5031166666665,1185.6793333333333,22.353666666666662,range_poc,spec,long,1170.8,1177.85555,1173.9436583333334
GOOGL,2019-07-02,S1_contraction,1105.2975,1119.7,1112.49875,20.575,range_poc,spec,long,1112.6,1105.2975,1101.6968749999999
GOOGL,2019-07-22,S1_contraction,1113.3446166666665,1125.2163833333332,1119.2804999999998,16.95966666666668,range_poc,spec,long,1139.21,1113.3446166666665,1110.376675
GOOGL,2019-07-26,S3_rejection,1260.8089583333335,1275.1671250000004,1267.988041666667,20.51166666666667,rejection_origin,spec,long,1245.22,1260.8089583333335,1257.2194166666668
GOOGL,2019-08-23,S1_contraction,1166.278842846723,1184.8284904866105,1175.5536666666667,26.499496628410824,range_poc,spec,long,1153.58,1166.278842846723,1161.641430936751
GOOGL,2019-08-26,S1_contraction,1166.1901761800561,1184.9171571532772,1175.5536666666667,26.752829961744155,range_poc,spec,long,1171.1801,1166.1901761800561,1161.5084309367508
GOOGL,2019-09-03,S1_contraction,1165.8231451800561,1185.2841881532772,1175.5536666666667,27.80148996174415,range_poc,spec,long,1169.55,1165.8231451800561,1160.9578844367509
GOOGL,2019-09-25,S1_contraction,1228.289166680056,1243.2458333199438,1235.7675,21.36666662841082,range_poc,spec,long,1245.9399,1228.289166680056,1224.550000020084
GOOGL,2019-10-01,S1_contraction,1225.1218376666668,1239.8784956666666,1232.5001666666667,21.08094000000001,range_poc,spec,long,1206.0,1225.1218376666668,1221.432673166667
GOOGL,2019-10-14,S1_contraction,1220.2476531666669,1234.7670135,1227.5073333333335,20.74194333333334,range_poc,spec,long,1217.77,1220.2476531666669,1216.6178130833337
GOOGL,2019-11-20,S1_contraction,1290.1193261666667,1302.8876738333333,1296.5035,18.240496666666672,range_poc,spec,long,1301.86,1290.1193261666667,1286.9272392500002
GOOGL,2019-12-27,S1_contraction,1345.7826488333333,1356.8503511666665,1351.3165,15.81100333333333,range_poc,spec,long,1354.64,1345.7826488333333,1343.01572325
GOOGL,2020-01-02,S1_contraction,1345.6648166666666,1356.5703500000002,1351.1175833333334,15.579333333333336,range_poc,spec,long,1368.68,1345.6648166666666,1342.9384333333333
GOOGL,2020-01-03,S1_contraction,1344.7930833333335,1355.9685833333333,1350.3808333333334,15.965000000000002,range_poc,spec,long,1361.52,1344.7930833333335,1341.9992083333336
GOOGL,2020-01-06,S1_contraction,1344.9603166666664,1356.6848499999999,1350.8225833333331,16.749333333333333,range_poc,spec,long,1397.81,1344.9603166666664,1342.029183333333
MSFT,1998-03-05,S1_contraction,12.778437905367044,12.996902589465767,12.887670247416406,0.3120924058553207,range_poc,spec,long,13.040699999999998,12.778437905367044,12.723821734342362
MSFT,1998-03-18,S1_contraction,13.154223606654876,13.382894380691168,13.268558993673022,0.3266725343375623,range_poc,spec,long,13.316,13.154223606654876,13.097055913145802
MSFT,1998-05-05,S1_contraction,14.44290788387437,14.740305771932206,14.591606827903288,0.4248541257969089,range_poc,spec,long,14.293300000000002,14.44290788387437,14.36855841185991
MSFT,1998-05-14,S1_contraction,14.605358464726503,14.922294697627635,14.763826581177069,0.45276604700161666,range_poc,spec,long,14.487099999999998,14.605358464726503,14.526124406501221
MSFT,1998-05-27,S1_contraction,13.85998591920398,14.16909631594091,14.014541117572445,0.441586281052756,range_poc,spec,long,14.0082,13.85998591920398,13.782708320019747
MSFT,1998-06-02,S1_contraction,13.86507695707659,14.1640052780683,14.014541117572445,0.42704045855958533,range_poc,spec,long,13.926799999999998,13.86507695707659,13.790344876828662
MSFT,1998-06-04,S1_contraction,13.840762899793306,14.134711099177286,13.987736999485296,0.4199259991199718,range_poc,spec,long,14.018,13.840762899793306,13.76727584994731
MSFT,1998-07-22,S1_contraction,18.95541374703702,19.336583946221047,19.145998846629034,0.5445288559771804,range_poc,spec,long,19.017,18.95541374703702,18.860121197241014
MSFT,1998-07-27,S1_contraction,18.852142324255492,19.26014543891846,19.056143881586976,0.5828615923756689,range_poc,spec,long,19.017,18.852142324255492,18.75014154558975
MSFT,1998-09-11,S1_contraction,16.770597492418418,17.20280942155339,16.986703456985904,0.6174456130499555,range_poc,spec,long,16.9809,16.770597492418418,16.662544510134673
MSFT,1998-10-21,S1_contraction,16.842999928915177,17.360460988203975,17.101730458559576,0.7392300846982878,range_poc,spec,long,17.3376,16.842999928915177,16.71363466409298
MSFT,1998-10-23,S1_contraction,17.060662090619427,17.5804807901168,17.320571440368113,0.7425981421390969,range_poc,spec,long,17.3262,17.060662090619427,16.930707415745083
MSFT,1998-11-16,S1_contraction,17.120260594118125,17.550155276831315,17.33520793547472,0.6141352610188401,range_poc,spec,long,17.7237,17.120260594118125,17.012786923439826
MSFT,1999-05-07,S1_contraction,25.78290867295375,26.624641827495015,26.203775250224382,1.2024759350589531,range_poc,spec,long,25.7556,25.78290867295375,25.57247538431843
MSFT,1999-05-17,S1_contraction,25.80257814402596,26.604972356422802,26.203775250224382,1.1462774462811975,range_poc,spec,long,25.7751,25.80257814402596,25.601979590926753
MSFT,1999-05-25,S1_contraction,25.663729019190463,26.427736583588583,26.045732801389523,1.0914393777115983,range_poc,spec,long,24.8402,25.663729019190463,25.47272712809093
MSFT,1999-06-04,S1_contraction,25.25263046743955,25.909385791101275,25.581008129270412,0.9382218909453267,range_poc,spec,long,25.9185,25.25263046743955,25.088441636524117
MSFT,1999-06-10,S1_contraction,25.563269772313458,26.181716234225956,25.872493003269707,0.8834949455892873,range_poc,spec,long,26.0195,25.563269772313458,25.408658156835333
MSFT,1999-06-14,S1_contraction,25.58920382154126,26.192675592836736,25.890939707189,0.8621025304221049,range_poc,spec,long,25.2669,25.58920382154126,25.438335878717393
MSFT,1999-06-15,S1_contraction,25.592092348076775,26.18978706630122,25.890939707189,0.8538495974634979,range_poc,spec,long,25.3093,25.592092348076775,25.442668668520664
MSFT,1999-06-16,S1_contraction,25.5925865144685,26.189292899909496,25.890939707189,0.8524376934871327,range_poc,spec,long,26.3876,25.5925865144685,25.44340991810825
MSFT,1999-07-15,S1_contraction,29.955565180375487,30.546189446512855,30.25087731344417,0.8437489516248159,range_poc,spec,long,30.7432,29.955565180375487,29.807909113841145
MSFT,1999-08-04,S1_contraction,27.74094127940462,28.35308015539685,28.047010717400735,0.8744841085603322,range_poc,spec,long,27.671099999999996,27.74094127940462,27.587906560406562
MSFT,1999-08-13,S1_contraction,27.584454905526258,28.19134858532042,27.88790174542334,0.8669909711345203,range_poc,spec,long,27.5897,27.584454905526258,27.43273148557772
MSFT,1999-09-23,S1_contraction,30.35184871648245,31.03270245174788,30.692275584115166,0.9726481932363303,range_poc,spec,long,29.7072,30.35184871648245,30.181635282666093
MSFT,1999-10-05,S1_contraction,30.33321087174584,31.027138654228672,30.680174762987257,0.9913254035468998,range_poc,spec,long,29.9092,30.33321087174584,30.159728926125133
MSFT,1999-10-06,S1_contraction,30.335116328690983,30.99202641424085,30.663571371465917,0.9384429793569541,range_poc,spec,long,30.521699999999996,30.335116328690983,30.170888807303516
MSFT,1999-11-22,S1_contraction,29.131299560114297,29.79748176704476,29.46439066357953,0.9516888670435262,range_poc,spec,long,29.2577,29.131299560114297,28.964754008381682
MSFT,2000-02-04,S1_contraction,35.208633439265164,36.24584691363187,35.72724017644852,1.4817335348095833,range_poc,spec,long,35.468,35.208633439265164,34.94933007067348
MSFT,2000-02-10,S1_contraction,34.91695214016593,36.010521608156495,35.463736874161214,1.5622420971293718,range_poc,spec,long,35.2816,34.91695214016593,34.64355977316829
MSFT,2000-03-03,S1_contraction,32.67949310194494,33.62792326374617,33.153708182845556,1.3549002311446179,range_poc,spec,long,31.9931,32.67949310194494,32.44238556149463
MSFT,2000-03-20,S1_contraction,31.206535411972354,32.18781777186486,31.697176591918605,1.4018319427035775,range_poc,spec,long,32.4092,31.206535411972354,30.961214821999228
MSFT,2000-04-03,S1_contraction,31.17460616560374,32.406817337823945,31.790711751713843,1.7603016746002873,range_poc,spec,long,30.245700000000003,31.17460616560374,30.86655337254869
MSFT,2000-05-02,S1_contraction,21.996400000590942,23.21517233309842,22.60578616684468,1.7411033321535434,range_poc,spec,long,23.2559,21.996400000590942,21.691706917464074
MSFT,2000-05-04,S1_contraction,22.024281383197685,23.187290950491676,22.60578616684468,1.6614422389914145,range_poc,spec,long,23.4456,22.024281383197685,21.733528991374186
MSFT,2000-06-14,S1_contraction,22.840609336190624,23.410592497087265,23.125600916638945,0.8142616584237762,range_poc,spec,long,23.4656,22.840609336190624,22.698113545966464
MSFT,2000-07-06,S1_contraction,26.263788961609627,26.876480891378996,26.570134926494312,0.8752741853848124,range_poc,spec,long,26.940499999999997,26.263788961609627,26.110615979167285
MSFT,2000-07-10,S1_contraction,26.227901728219305,26.816902997439147,26.522402362829226,0.8414303845997774,range_poc,spec,long,26.4413,26.227901728219305,26.080651410914342
MSFT,2000-08-16,S1_contraction,23.010679888260867,23.576771573774103,23.293725731017485,0.8087024078760537,range_poc,spec,long,23.632,23.010679888260867,22.869156966882557
MSFT,2000-08-18,S1_contraction,23.007532976791296,23.554208839614404,23.28087090820285,0.7809655183187274,range_poc,spec,long,23.632,23.007532976791296,22.87086401108552
MSFT,2000-09-07,S1_contraction,23.296374919287842,23.72290532733038,23.50964012330911,0.609329154346486,range_poc,spec,long,23.3192,23.296374919287842,23.189742317277208
MSFT,2000-11-14,S1_contraction,22.710815248970093,23.474020301637665,23.09241777530388,1.0902929323822486,range_poc,spec,long,22.9031,22.710815248970093,22.5200139858032
MSFT,2000-11-21,S1_contraction,22.70328203054486,23.4815535200629,23.09241777530388,1.1118164135972057,range_poc,spec,long,22.5503,22.70328203054486,22.508714158165347
MSFT,2001-02-02,S1_contraction,19.91868762486949,20.608889635095103,20.263788629982297,0.9860028717508698,range_poc,spec,long,20.2403,19.91868762486949,19.746137122313087
MSFT,2001-02-27,S1_contraction,19.98646232662877,20.618805124656486,20.30263372564263,0.9033468543253059,range_poc,spec,long,19.7644,19.98646232662877,19.82837662712184
MSFT,2001-03-06,S1_contraction,19.3366815376043,19.941838227504384,19.63925988255434,0.8645095570001181,range_poc,spec,long,19.7843,19.3366815376043,19.185392365129278
MSFT,2001-03-08,S1_contraction,19.215784558418132,19.814649902915033,19.515217230666583,0.8555219207098552,range_poc,spec,long,19.7211,19.215784558418132,19.066068222293907
MSFT,2001-04-05,S1_contraction,17.892389979731902,18.589343362442165,18.240866671087034,0.9956476895860893,range_poc,spec,long,18.889,17.892389979731902,17.718151634054337
MSFT,2001-04-06,S1_contraction,17.959968406430058,18.648689397038943,18.3043289017345,0.9838871294412692,range_poc,spec,long,18.7026,17.959968406430058,17.787788158777836
MSFT,2001-05-02,S1_contraction,22.461645809935074,23.121555186018572,22.791600497976823,0.9427276801192842,range_poc,spec,long,23.2193,22.461645809935074,22.296668465914202
MSFT,2001-05-11,S1_contraction,22.486910109772406,23.085778446077658,22.786344277925032,0.8555261947217903,range_poc,spec,long,23.0995,22.486910109772406,22.337193025696095
MSFT,2001-05-30,S1_contraction,22.712630830574312,23.235855098097673,22.974242964335993,0.7474632393190833,range_poc,spec,long,23.0296,22.712630830574312,22.581824763693472
MSFT,2001-06-13,S1_contraction,23.08740454943058,23.519375693756494,23.303390121593537,0.6171016347513003,range_poc,spec,long,23.5289,23.08740454943058,22.979411763349102
MSFT,2001-06-28,S1_contraction,23.046833573409945,23.539227720794155,23.29303064710205,0.7034202105488738,range_poc,spec,long,24.2112,23.046833573409945,22.92373503656389
MSFT,2001-08-03,S1_contraction,21.798416664487945,22.331037537508664,22.064727100998304,0.7608869614581724,range_poc,spec,long,22.264,21.798416664487945,21.665261446232766
MSFT,2001-08-09,S1_contraction,21.80715383592267,22.32230036607394,22.064727100998304,0.7359236145018107,range_poc,spec,long,21.6383,21.80715383592267,21.678367203384852
MSFT,2001-08-10,S1_contraction,21.825623936276365,22.320111783511386,22.072867859893876,0.7064112103357467,range_poc,spec,long,21.808,21.825623936276365,21.70200197446761
MSFT,2001-10-03,S1_contraction,16.878443626655766,17.5106274756564,17.194535551156083,0.9031197842866234,range_poc,spec,long,18.7159,16.878443626655766,16.72039766440561
MSFT,2001-10-17,S1_contraction,18.552392299001333,19.206475807128378,18.879434053064855,0.9344050116100673,range_poc,spec,long,18.6493,18.552392299001333,18.388871421969572
MSFT,2001-10-31,S1_contraction,18.868658715231042,19.462709810603037,19.16568426291704,0.8486444219599956,range_poc,spec,long,19.355,18.868658715231042,18.720145941388044
MSFT,2001-11-29,S1_contraction,21.034830930703098,21.538171123943822,21.28650102732346,0.719057418915317,range_poc,spec,long,21.5817,21.034830930703098,20.908995882392915
MSFT,2001-12-20,S1_contraction,22.34941518335622,22.785497464783482,22.567456324069852,0.6229746877532307,range_poc,spec,long,22.2208,22.34941518335622,22.240394612999406
MSFT,2001-12-21,S1_contraction,22.353842251561307,22.781070396578396,22.567456324069852,0.610325921452987,range_poc,spec,long,22.4804,22.353842251561307,22.247035215307037
MSFT,2002-01-11,S1_contraction,22.430315017821815,22.836263831157208,22.63328942448951,0.5799268761934203,range_poc,spec,long,22.8365,22.430315017821815,22.328827814487965
MSFT,2002-02-20,S1_contraction,19.990697945304685,20.419094621831615,20.20489628356815,0.6119952521813322,range_poc,spec,long,19.9375,19.990697945304685,19.883598776172953
MSFT,2002-02-27,S1_contraction,19.837658048469287,20.27382124131394,20.055739644891613,0.6230902754923657,range_poc,spec,long,19.4349,19.837658048469287,19.728617250258125
MSFT,2002-02-28,S1_contraction,19.836066252826228,20.275413036956998,20.055739644891613,0.6276382630439578,range_poc,spec,long,19.4182,19.836066252826228,19.726229556793534
MSFT,2002-03-01,S1_contraction,19.831833814673335,20.27964547510989,20.055739644891613,0.6397309434807954,range_poc,spec,long,20.4267,19.831833814673335,19.719880899564195
MSFT,2002-03-12,S1_contraction,20.65030621544229,21.095477086172313,20.8728916508073,0.6359583867571789,range_poc,spec,long,20.8162,20.65030621544229,20.539013497759782
MSFT,2002-03-21,S1_contraction,20.39729012584966,20.825919514194982,20.611604820022322,0.612327697636172,range_poc,spec,long,20.4234,20.39729012584966,20.29013277876333
MSFT,2002-04-17,S1_contraction,18.529480390018602,18.961216234506583,18.745348312262593,0.6167654921256909,range_poc,spec,long,18.849,18.529480390018602,18.421546428896605
MSFT,2002-05-22,S1_contraction,17.72411740107202,18.26295101935223,17.993534210212125,0.769762311828872,range_poc,spec,long,17.8705,17.72411740107202,17.58940899650197
MSFT,2002-05-30,S1_contraction,17.454575387551863,17.990378697887124,17.722477042719493,0.7654333004789466,range_poc,spec,long,17.521,17.454575387551863,17.320624559968046
MSFT,2002-06-20,S1_contraction,18.244982376915626,18.721680856120006,18.483331616517816,0.6809978274348273,range_poc,spec,long,18.0069,18.244982376915626,18.12580775711453
MSFT,2002-06-24,S1_contraction,17.925135529058668,18.396242258788792,18.16068889392373,0.6730096139001742,range_poc,spec,long,18.0269,17.925135529058668,17.807358846626137
MSFT,2002-06-26,S1_contraction,17.884922467846792,18.355794639352148,18.12035855359947,0.6726745307219344,range_poc,spec,long,18.0169,17.884922467846792,17.76720442497045
MSFT,2002-07-12,S1_contraction,17.794907220775443,18.28442337014824,18.03966529546184,0.6993087848182843,range_poc,spec,long,17.2614,17.794907220775443,17.67252818343224
MSFT,2002-08-15,S1_contraction,15.700185884539232,16.291212715197215,15.995699299868225,0.8443240437971193,range_poc,spec,long,16.5657,15.700185884539232,15.552429176874737
MSFT,2002-08-16,S1_contraction,15.706981881639598,16.284416718096853,15.995699299868225,0.8249069092246489,range_poc,spec,long,16.6423,15.706981881639598,15.562623172525283
MSFT,2002-08-29,S1_contraction,15.688031886924128,16.219727387878155,15.95387963740114,0.7595650013628951,range_poc,spec,long,16.8353,15.688031886924128,15.55510801168562
MSFT,2002-09-03,S1_contraction,15.69863324851888,16.209126026283403,15.95387963740114,0.7292753968064616,range_poc,spec,long,15.6504,15.69863324851888,15.571010054077748
MSFT,2002-09-25,S1_contraction,15.604533993713426,16.013522227489133,15.80902811060128,0.5842689053938676,range_poc,spec,long,15.4806,15.604533993713426,15.502286935269499
MSFT,2002-09-26,S1_contraction,15.608883853606107,16.009172367596452,15.80902811060128,0.5718407342719231,range_poc,spec,long,15.377500000000001,15.608883853606107,15.50881172510852
MSFT,2002-09-27,S1_contraction,15.60919447957498,16.008861741627584,15.80902811060128,0.5709532315037197,range_poc,spec,long,15.0613,15.60919447957498,15.509277664061829
MSFT,2002-10-11,S1_contraction,15.567916912459532,16.011072260907714,15.789494586683624,0.633079069211688,range_poc,spec,long,16.2662,15.567916912459532,15.457128075347487
MSFT,2002-11-01,S1_contraction,17.063766111304354,17.53184922052089,17.29780766591262,0.6686901560236257,range_poc,spec,long,17.6408,17.063766111304354,16.94674533400022
MSFT,2002-12-03,S1_contraction,18.735945968799623,19.118600184899424,18.927273076849524,0.5466488801425741,range_poc,spec,long,18.8757,18.735945968799623,18.640282414774674
MSFT,2002-12-19,S1_contraction,17.921570778558337,18.276805835277518,18.099188306917927,0.5074786524559691,range_poc,spec,long,17.6774,17.921570778558337,17.83276201437854
MSFT,2002-12-23,S1_contraction,17.88925090381583,18.237340936984506,18.06329592040017,0.49727147595524873,range_poc,spec,long,17.9737,17.88925090381583,17.802228395523663
MSFT,2003-01-02,S1_contraction,17.723829192355833,18.065395299587525,17.89461224597168,0.48795158175955927,range_poc,spec,long,17.8805,17.723829192355833,17.63843766554791
MSFT,2003-02-10,S1_contraction,15.659289605788134,16.022140301275996,15.840714953532064,0.5183581364112322,range_poc,spec,long,15.770199999999999,15.659289605788134,15.568576931916168
MSFT,2003-02-21,S1_contraction,15.47157143721124,15.841075816502387,15.656323626856814,0.5278633989873522,range_poc,spec,long,16.4494,15.47157143721124,15.379195342388453
MSFT,2003-02-24,S1_contraction,15.97430549827919,16.34307242531027,16.15868896179473,0.5268098957586872,range_poc,spec,long,16.0754,15.97430549827919,15.88211376652142
MSFT,2003-02-27,S1_contraction,15.965733159262662,16.3516447643268,16.15868896179473,0.5513022929487703,range_poc,spec,long,15.7482,15.965733159262662,15.869255257996628
MSFT,2003-03-05,S1_contraction,15.51009387820754,15.873678434641777,15.691886156424658,0.5194065091917677,range_poc,spec,long,15.6547,15.51009387820754,15.41919773909898
MSFT,2003-03-11,S1_contraction,15.492126858213895,15.833000433903733,15.662563646058814,0.48696225098548335,range_poc,spec,long,15.2273,15.492126858213895,15.406908464291437
MSFT,2003-03-12,S1_contraction,15.474515158433451,15.820404327731065,15.647459743082258,0.4941273847108768,range_poc,spec,long,15.621299999999998,15.474515158433451,15.388042866109048
MSFT,2003-04-16,S1_contraction,17.015783086825152,17.409734087207923,17.212758587016538,0.5627871434039566,range_poc,spec,long,16.6431,17.015783086825152,16.91729533672946
MSFT,2003-05-05,S1_contraction,16.936134056601908,17.29050227412189,17.1133181653619,0.5062403107428382,range_poc,spec,long,17.2709,16.936134056601908,16.847542002221914
MSFT,2003-05-07,S1_contraction,16.946296500081935,17.28663903845186,17.116467769266897,0.4862036262427536,range_poc,spec,long,17.3577,16.946296500081935,16.861210865489454
MSFT,2003-07-21,S1_contraction,17.217193605407214,17.53930571987131,17.378249662639263,0.46016016352014383,range_poc,spec,long,17.3911,17.217193605407214,17.136665576791188
MSFT,2003-07-29,S1_contraction,17.295817243679252,17.62167077541848,17.458744009548866,0.4655050453417568,range_poc,spec,long,17.6783,17.295817243679252,17.214353860744446
MSFT,2003-08-19,S1_contraction,17.574569786622646,17.84993118108318,17.712250483852912,0.3933734206579057,range_poc,spec,long,17.7785,17.574569786622646,17.505729438007513
MSFT,2003-10-10,S1_contraction,18.834607545117244,19.165131706787967,18.999869625952606,0.4721773738153208,range_poc,spec,long,19.3079,18.834607545117244,18.751976504699563
MSFT,2003-10-13,S1_contraction,18.826250704130235,19.1630082599011,18.994629482015668,0.4810822225298106,range_poc,spec,long,19.2211,18.826250704130235,18.74206131518752
MSFT,2003-10-14,S1_contraction,18.807174007939977,19.135672674753565,18.97142334134677,0.469283809733701,range_poc,spec,long,19.1543,18.807174007939977,18.72504934123658
MSFT,2003-10-17,S1_contraction,19.179761006306084,19.501192282921803,19.340476644613943,0.45918753802245266,range_poc,spec,long,19.4276,19.179761006306084,19.099403187152156
MSFT,2003-10-22,S1_contraction,19.1845322951726,19.49642099405529,19.340476644613943,0.44555528411813083,range_poc,spec,long,19.4007,19.1845322951726,19.106560120451924
MSFT,2003-11-14,S1_contraction,17.325618631700266,17.601364527921604,17.463491579810935,0.3939227088876213,range_poc,spec,long,17.1242,17.325618631700266,17.25668215764493
MSFT,2003-11-25,S1_contraction,16.92523207588144,17.207388875344762,17.0663104756131,0.403081142090465,range_poc,spec,long,17.0571,16.92523207588144,16.85469287601561
MSFT,2003-12-01,S1_contraction,16.92810704822755,17.204513902998652,17.0663104756131,0.39486693538729084,range_poc,spec,long,17.3525,16.92810704822755,16.85900533453477
MSFT,2004-01-28,S1_contraction,18.384180199123367,18.580042079086812,18.48211113910509,0.2798026856620691,range_poc,spec,long,18.6083,18.384180199123367,18.335214729132506
MSFT,2004-02-24,S1_contraction,17.983739014564737,18.185307149751676,18.084523082158206,0.28795447883848246,range_poc,spec,long,18.0509,17.983739014564737,17.933346980768
MSFT,2004-03-03,S1_contraction,17.786528288935067,17.984024234416516,17.88527626167579,0.2821370649734958,range_poc,spec,long,17.7085,17.786528288935067,17.737154302564704
MSFT,2004-03-05,S1_contraction,17.77782988817726,17.969998298357503,17.87391409326738,0.2745263002574919,range_poc,spec,long,17.695,17.77782988817726,17.729787785632197
MSFT,2004-05-14,S1_contraction,17.200593736230886,17.439424604513945,17.320009170372415,0.3411869546900829,range_poc,spec,long,17.366,17.200593736230886,17.14088601916012
MSFT,2004-05-27,S1_contraction,17.260459188011822,17.49864586112939,17.379552524570606,0.3402666758822375,range_poc,spec,long,17.5876,17.260459188011822,17.20091251973243
MSFT,2004-07-02,S1_contraction,18.95762072879666,19.158267256074442,19.05794399243555,0.28663789611111645,range_poc,spec,long,19.1858,18.95762072879666,18.907459096977213
MSFT,2004-07-07,S1_contraction,18.953469932999095,19.164301444781177,19.058885688890136,0.30118787397440333,range_poc,spec,long,18.8702,18.953469932999095,18.900762055053576
MSFT,2004-07-14,S1_contraction,18.938414435287534,19.16212757023517,19.050271002761352,0.3195901927823428,range_poc,spec,long,18.8904,18.938414435287534,18.882486151550623
MSFT,2004-07-15,S1_contraction,18.938385448810187,19.162156556712517,19.050271002761352,0.3196730112890415,range_poc,spec,long,18.7158,18.938385448810187,18.882442671834603
MSFT,2004-07-16,S1_contraction,18.93305790104118,19.167484104481524,19.050271002761352,0.33489457634334674,range_poc,spec,long,18.4539,18.93305790104118,18.874451350181097
MSFT,2004-07-19,S1_contraction,18.872655638738287,19.115071894292605,18.993863766515446,0.3463089365061657,range_poc,spec,long,18.7695,18.872655638738287,18.812051574849708
MSFT,2004-07-20,S1_contraction,18.90645555453376,19.153259037205085,19.029857295869423,0.3525764038161816,range_poc,spec,long,19.018,18.90645555453376,18.84475468386593
MSFT,2004-08-04,S1_contraction,18.917662837180472,19.18814194069995,19.05290238894021,0.386398719313535,range_poc,spec,long,18.8434,18.917662837180472,18.850043061300603
MSFT,2004-08-30,S1_contraction,18.158109356408584,18.414586690963734,18.28634802368616,0.36639619222163994,range_poc,spec,long,18.3868,18.158109356408584,18.093990022769795
MSFT,2004-09-03,S1_contraction,18.195270698008716,18.418128947232386,18.30669982262055,0.31836892746238343,range_poc,spec,long,18.2589,18.195270698008716,18.139556135702797
MSFT,2004-09-13,S1_contraction,18.20879826850046,18.419200429810644,18.31399934915555,0.30057451615740727,range_poc,spec,long,18.3532,18.20879826850046,18.156197728172913
MSFT,2004-09-15,S1_contraction,18.19659690757139,18.401539373362162,18.299068140466776,0.2927749511296786,range_poc,spec,long,18.3127,18.19659690757139,18.1453612911237
MSFT,2004-09-20,S1_contraction,18.294207563507918,18.48459799974048,18.3894027816242,0.27198633747509277,range_poc,spec,long,18.5283,18.294207563507918,18.246609954449777
MSFT,2004-09-21,S1_contraction,18.29341765833672,18.48538790491168,18.3894027816242,0.2742432093928045,range_poc,spec,long,18.3599,18.29341765833672,18.245425096692976
MSFT,2004-12-02,S1_contraction,20.005711370166193,20.241431448028283,20.123571409097238,0.33674296837441253,range_poc,spec,long,20.2971,20.005711370166193,19.946781350700668
MSFT,2004-12-07,S1_contraction,20.151268800332275,20.380760453405358,20.266014626868817,0.3278452186758372,range_poc,spec,long,20.2821,20.151268800332275,20.093895887064004
MSFT,2004-12-09,S1_contraction,20.151851573332515,20.38017768040512,20.266014626868817,0.3261801529608634,range_poc,spec,long,20.402,20.151851573332515,20.094770046564363
MSFT,2004-12-14,S1_contraction,20.149841647106072,20.366469366569646,20.25815550683786,0.309468170662252,range_poc,spec,long,20.402,20.149841647106072,20.09568471724018
MSFT,2004-12-28,S1_contraction,20.18846240470541,20.39378418273001,20.29112329371771,0.2933168257494284,range_poc,spec,long,20.1922,20.18846240470541,20.137131960199262
MSFT,2005-01-03,S1_contraction,20.186991729354872,20.383982718897656,20.285487224126264,0.2814156993468309,range_poc,spec,long,20.0348,20.186991729354872,20.137743981969177
MSFT,2005-01-04,S1_contraction,20.21737427218212,20.41803657093802,20.31770542156007,0.2866604267941494,range_poc,spec,long,20.1098,20.21737427218212,20.167208697493145
MSFT,2005-01-05,S1_contraction,20.220262060745625,20.391902210080474,20.30608213541305,0.245200213335495,range_poc,spec,long,20.0648,20.220262060745625,20.177352023411913
MSFT,2005-01-06,S1_contraction,20.193236887583357,20.366976661827234,20.280106774705295,0.248199677491251,range_poc,spec,long,20.0423,20.193236887583357,20.149801944022386
MSFT,2005-05-04,S1_contraction,18.75951376725714,18.984349008155043,18.87193138770609,0.32119320128271717,range_poc,spec,long,18.9468,18.75951376725714,18.703304957032664
MSFT,2005-06-07,S1_contraction,19.35716555742749,19.557224958180182,19.457195257803836,0.28579914393241335,range_poc,spec,long,19.2324,19.35716555742749,19.307150707239316
MSFT,2005-07-05,S1_contraction,18.87811298325981,19.0389410271394,18.958527005199606,0.22975434839941886,range_poc,spec,long,18.8328,18.87811298325981,18.837905972289914
MSFT,2005-07-05,S4_failed_break,18.866653163580636,19.027481207460227,18.94706718552043,0.22975434839941886,range_poc,spec,long,18.8328,18.866653163580636,18.82644615261074
MSFT,2005-07-06,S1_contraction,18.877584362874863,19.03946964752435,18.958527005199606,0.23126469235640623,range_poc,spec,long,18.6217,18.877584362874863,18.83711304171249
MSFT,2005-08-25,S1_contraction,20.3547287295692,20.593064254730795,20.473896492149997,0.3404793216594188,range_poc,spec,long,20.4385,20.3547287295692,20.295144848278802
MSFT,2005-09-01,S1_contraction,20.35811948247461,20.589673501825384,20.473896492149997,0.3307914562153928,range_poc,spec,long,20.567,20.35811948247461,20.300230977636915
MSFT,2005-10-13,S1_contraction,19.12049862288573,19.333023100032495,19.226760861459113,0.3036063959239457,range_poc,spec,long,18.5935,19.12049862288573,19.067367503599037
MSFT,2005-12-05,S1_contraction,20.978099458774203,21.177707957148137,21.07790370796117,0.28515499767704805,range_poc,spec,long,21.1198,20.978099458774203,20.92819733418072
MSFT,2006-02-15,S1_contraction,20.360490102067672,20.580822525079242,20.470656313573457,0.3147606043022455,range_poc,spec,long,20.4524,20.360490102067672,20.30540699631478
MSFT,2006-02-22,S1_contraction,20.278549110506095,20.498961627284228,20.38875536889516,0.3148750239687602,range_poc,spec,long,20.3307,20.278549110506095,20.223445981311563
MSFT,2006-02-28,S1_contraction,20.27717395289364,20.50033678489668,20.38875536889516,0.3188040457186272,range_poc,spec,long,20.4448,20.27717395289364,20.22138324489288
MSFT,2006-03-03,S1_contraction,20.222543989137115,20.44576548908214,20.33415473910963,0.3188878570643199,range_poc,spec,long,20.4905,20.222543989137115,20.16673861415086
MSFT,2006-03-06,S1_contraction,20.226427472744152,20.441882005475104,20.33415473910963,0.3077921896156467,range_poc,spec,long,20.4752,20.226427472744152,20.172563839561413
MSFT,2006-03-09,S1_contraction,20.350445527207864,20.573757343598796,20.46210143540333,0.3190168805584725,range_poc,spec,long,20.5437,20.350445527207864,20.29461757311013
MSFT,2006-03-13,S1_contraction,20.401929795522832,20.604577067929256,20.503253431726044,0.2894961034377488,range_poc,spec,long,20.6274,20.401929795522832,20.351267977421227
MSFT,2006-04-07,S1_contraction,20.518395798091266,20.741489509949293,20.62994265402028,0.3187053026543201,range_poc,spec,long,20.7339,20.518395798091266,20.46262237012676
MSFT,2006-04-18,S1_contraction,20.48100872312463,20.69771229072989,20.58936050692726,0.3095765251503702,range_poc,spec,long,20.7111,20.48100872312463,20.426832831223315
MSFT,2006-05-22,S4_failed_break,17.464401642418377,17.781695514744303,17.62304857858134,0.45327696046561267,range_poc,spec,long,17.4766,17.464401642418377,17.385078174336897
MSFT,2006-05-30,S1_contraction,17.46142817988122,17.80359248824767,17.632510334064445,0.48880615480920897,range_poc,spec,long,17.6828,17.46142817988122,17.37588710278961
MSFT,2006-07-12,S1_contraction,17.24725317116143,17.464162283649404,17.355707727405417,0.3098701606971075,range_poc,spec,long,17.2933,17.24725317116143,17.193025893039433
MSFT,2006-08-11,S1_contraction,18.38313726726088,18.61448371120039,18.498810489230635,0.3304949199135866,range_poc,spec,long,18.6605,18.38313726726088,18.325300656276006
MSFT,2006-09-08,S1_contraction,19.598956532856356,19.79118257900597,19.695069555931163,0.27460863735659324,range_poc,spec,long,19.6257,19.598956532856356,19.550900021318952
MSFT,2006-09-13,S1_contraction,19.627797507985743,19.824217204543526,19.726007356264635,0.28059956651112034,range_poc,spec,long,19.917,19.627797507985743,19.578692583846298
MSFT,2006-12-01,S1_contraction,22.310098862027534,22.50096928219008,22.405534072108807,0.2726720288036412,range_poc,spec,long,22.4006,22.310098862027534,22.2623812569869
MSFT,2006-12-08,S1_contraction,22.307026728951133,22.498909272240464,22.4029680005958,0.27411791898475607,range_poc,spec,long,22.616,22.307026728951133,22.259056093128798
MSFT,2006-12-11,S1_contraction,22.308796556950085,22.5025070541315,22.405651805540792,0.27672928168773725,range_poc,spec,long,22.7237,22.308796556950085,22.260368932654732
MSFT,2006-12-26,S1_contraction,22.4732574339444,22.677945828016117,22.57560163098026,0.2924119915310231,range_poc,spec,long,23.0699,22.4732574339444,22.422085335426473
MSFT,2007-01-03,S1_contraction,22.50898048169241,22.717094362737164,22.613037422214788,0.29730554434964584,range_poc,spec,long,22.9699,22.50898048169241,22.456952011431223
MSFT,2007-01-03,S3_rejection,22.434671629954206,22.64278551099896,22.538728570476582,0.29730554434964584,rejection_origin,spec,long,22.9699,22.434671629954206,22.382643159693018
MSFT,2007-01-05,S1_contraction,22.602300014018308,22.810953786583898,22.706626900301103,0.2980768179508446,range_poc,spec,long,22.8006,22.602300014018308,22.55013657087691
MSFT,2007-01-10,S1_contraction,22.631838991178522,22.85628639189274,22.744062691535632,0.3206391438774522,range_poc,spec,long,22.816,22.631838991178522,22.575727140999966
MSFT,2007-01-30,S1_contraction,22.969812054925665,23.248928626612955,23.10937034076931,0.3987379595532758,range_poc,spec,long,23.4468,22.969812054925665,22.900032912003844
MSFT,2007-03-27,S1_contraction,21.39776334881956,21.694935186703,21.54634926776128,0.42453119697633945,range_poc,spec,long,21.3972,21.39776334881956,21.3234703893487
MSFT,2007-04-11,S1_contraction,21.33346521809441,21.610924952458625,21.472195085276518,0.3963710490917304,range_poc,spec,long,21.6982,21.33346521809441,21.264100284503357
MSFT,2007-05-18,S1_contraction,23.55193368358958,23.799608730347728,23.675771206968655,0.3538214953687808,range_poc,spec,long,23.8748,23.55193368358958,23.490014921900045
MSFT,2007-05-21,S1_contraction,23.563791453628912,23.813292678038092,23.688542065833502,0.35643032058454505,range_poc,spec,long,24.0452,23.563791453628912,23.50141614752662
MSFT,2007-05-22,S1_contraction,23.564050080387293,23.81303405127971,23.688542065833502,0.35569138698916364,range_poc,spec,long,23.7664,23.564050080387293,23.50180408766419
MSFT,2007-05-24,S1_contraction,23.7419925042552,23.990140639917186,23.866066572086194,0.3544973366599758,range_poc,spec,long,23.3637,23.7419925042552,23.679955470339706
MSFT,2007-07-12,S1_contraction,23.060288053744934,23.312443711833673,23.186365882789303,0.360222368698203,range_poc,spec,long,23.2863,23.060288053744934,22.99724913922275
MSFT,2007-08-27,S1_contraction,21.761368074570317,22.14417537924155,21.952771726905933,0.5468675781017561,range_poc,spec,long,22.1407,21.761368074570317,21.66566624840251
MSFT,2007-09-04,S1_contraction,21.764455391417695,22.143490347343015,21.953972869380355,0.5414785084647415,range_poc,spec,long,22.3894,21.764455391417695,21.669696652436365
MSFT,2007-09-05,S1_contraction,21.836480478610778,22.20867266646494,22.022576572537858,0.5317031255059399,range_poc,spec,long,22.133,21.836480478610778,21.743432431647236
MSFT,2007-09-06,S1_contraction,22.271757186522635,22.63675383260339,22.454255509563012,0.5214237801153654,range_poc,spec,long,22.4671,22.271757186522635,22.180508025002446
MSFT,2007-09-07,S1_contraction,21.765175095919847,22.11918611892418,21.942180607422014,0.5057300328633296,range_poc,spec,long,22.1019,21.765175095919847,21.676672340168764
MSFT,2007-09-14,S1_contraction,22.165882499239384,22.490624547253585,22.328253523246484,0.46391721144885856,range_poc,spec,long,22.5682,22.165882499239384,22.084696987235834
MSFT,2007-09-17,S1_contraction,22.170025006614004,22.486482039878965,22.328253523246484,0.45208147609279575,range_poc,spec,long,22.3234,22.170025006614004,22.090910748297766
MSFT,2007-09-19,S1_contraction,22.07531604010275,22.388154548477985,22.231735294290367,0.4469121548217635,range_poc,spec,long,22.2806,22.07531604010275,21.99710641300894
MSFT,2007-11-29,S1_contraction,26.428319471742977,26.97555413689513,26.701936804319054,0.7817638073602162,range_poc,spec,long,26.1875,26.428319471742977,26.29151080545494
MSFT,2007-11-30,S1_contraction,26.42530055673843,26.978573051899676,26.701936804319054,0.7903892788017775,range_poc,spec,long,26.1953,26.42530055673843,26.286982432948122
MSFT,2007-12-05,S1_contraction,26.544259798585035,27.117309646725264,26.83078472265515,0.8186426402003325,range_poc,spec,long,26.6241,26.544259798585035,26.400997336549977
MSFT,2007-12-17,S1_contraction,26.467456795321574,26.95531613491658,26.711386465119077,0.6969419137071496,range_poc,spec,long,26.8112,26.467456795321574,26.345491960422823
MSFT,2007-12-19,S1_contraction,26.457684244789167,26.949622280158106,26.703653262473637,0.7027686219556233,range_poc,spec,long,27.123,26.457684244789167,26.334699735946934
MSFT,2008-01-04,S1_contraction,26.616614713720264,27.078171121435705,26.847392917577984,0.6593662967363441,range_poc,spec,long,26.8034,26.616614713720264,26.501225611791405
MSFT,2008-01-14,S1_contraction,26.671670359867452,27.129405282254222,26.900537821060837,0.6539070319811044,range_poc,spec,long,26.8112,26.671670359867452,26.55723662927076
MSFT,2008-02-25,S1_contraction,21.875796316704065,22.400733591648017,22.13826495417604,0.7499103927770777,range_poc,spec,long,21.7894,21.875796316704065,21.744561997968077
MSFT,2008-03-05,S1_contraction,21.874872858151928,22.375440342698507,22.125156600425218,0.7150964064951164,range_poc,spec,long,22.0085,21.874872858151928,21.749730987015283
MSFT,2008-03-07,S1_contraction,21.779825934096827,22.261939320279772,22.0208826271883,0.6887334088327806,range_poc,spec,long,21.8129,21.779825934096827,21.65929758755109
MSFT,2008-03-14,S1_contraction,21.80978391972622,22.2891568925346,22.04947040613041,0.6848185325833949,range_poc,spec,long,21.8833,21.80978391972622,21.689940676524127
MSFT,2008-03-27,S1_contraction,21.82609141216038,22.256834152727123,22.04146278244375,0.6153467722382006,range_poc,spec,long,21.9538,21.82609141216038,21.718405727018695
MSFT,2008-04-16,S1_contraction,22.486997648792038,22.897039142750028,22.692018395771033,0.5857735627971312,range_poc,spec,long,22.6582,22.486997648792038,22.38448727530254
MSFT,2008-05-07,S1_contraction,22.483731310108702,22.91754946739041,22.700640388749555,0.6197402246881519,range_poc,spec,long,22.8617,22.483731310108702,22.375276770788275
MSFT,2008-05-20,S1_contraction,22.48932736098876,22.916648600047118,22.70298798051794,0.6104589129405109,range_poc,spec,long,22.5926,22.48932736098876,22.38249705122417
MSFT,2008-06-10,S1_contraction,22.02418501815405,22.410407903051457,22.217296460602753,0.55174697842487,range_poc,spec,long,21.9092,22.02418501815405,21.927629296929698
MSFT,2008-06-12,S1_contraction,22.011871976665944,22.416874981295663,22.214373478980804,0.5785757208996,range_poc,spec,long,22.1841,22.011871976665944,21.910621225508514
MSFT,2008-06-25,S1_contraction,22.02099472556261,22.407752232398998,22.214373478980804,0.5525107240519829,range_poc,spec,long,22.2705,22.02099472556261,21.924305348853512
MSFT,2008-06-30,S1_contraction,21.959734626743554,22.343832776458783,22.15178370160117,0.5487116424503248,range_poc,spec,long,21.6107,21.959734626743554,21.863710089314747
MSFT,2008-07-28,S1_contraction,19.904250571796837,20.357106343262046,20.13067845752944,0.6469368163788715,range_poc,spec,long,20.0317,19.904250571796837,19.791036628930534
MSFT,2008-07-30,S1_contraction,19.898934957846862,20.36242195721202,20.13067845752944,0.6621242848073696,range_poc,spec,long,20.6052,19.898934957846862,19.783063208005572
MSFT,2008-08-05,S1_contraction,20.12434166342252,20.59103451831566,20.35768809086909,0.6667040784187701,range_poc,spec,long,20.5894,20.12434166342252,20.007668449699235
MSFT,2008-09-11,S1_contraction,21.59490109728051,21.96936047822246,21.782130787751484,0.5349419727742184,range_poc,spec,long,21.5636,21.59490109728051,21.50128625204502
MSFT,2008-11-04,S1_contraction,18.173917446855523,19.099840796661017,18.63687912175827,1.3227476425792764,range_poc,spec,long,18.5586,18.173917446855523,17.942436609404147
MSFT,2008-11-13,S1_contraction,16.335330462783457,17.242445405478957,16.788887934131207,1.2958784895650035,range_poc,spec,long,16.7603,16.335330462783457,16.10855172710958
MSFT,2008-11-13,S4_failed_break,16.34504591780826,17.25216086050376,16.79860338915601,1.2958784895650035,range_poc,spec,long,16.7603,16.34504591780826,16.118267182134385
MSFT,2008-11-26,S1_contraction,16.20637122351415,16.99994232291893,16.60315677321654,1.1336729991496846,range_poc,spec,long,16.268,16.20637122351415,16.007978448662953
MSFT,2008-12-08,S1_contraction,16.183760883003583,16.866559704022382,16.525160293512982,0.9754268871697155,range_poc,spec,long,16.6808,16.183760883003583,16.01306117774888
MSFT,2009-01-09,S1_contraction,15.075509134098636,15.540370086508853,15.307939610303745,0.6640870748717382,range_poc,spec,long,15.497799999999998,15.075509134098636,14.959293895996083
MSFT,2009-01-15,S1_contraction,15.307187324654663,15.750129735282258,15.52865852996846,0.6327748723251356,range_poc,spec,long,15.2755,15.307187324654663,15.196451721997764
MSFT,2009-01-20,S1_contraction,15.1094957427592,15.546325892989756,15.327910817874479,0.6240430717579386,range_poc,spec,long,14.672099999999999,15.1094957427592,15.000288205201562
MSFT,2009-01-21,S1_contraction,15.114312326463365,15.541509309285592,15.327910817874479,0.6102814040317532,range_poc,spec,long,15.3867,15.114312326463365,15.007513080757807
MSFT,2009-04-17,S1_contraction,15.111566307800109,15.56124623548216,15.336406271641135,0.642399896688644,range_poc,spec,long,15.3533,15.111566307800109,14.999146325879597
MSFT,2009-05-21,S1_contraction,15.800585996852156,16.176257944114848,15.988421970483502,0.5366742103752754,range_poc,spec,long,15.9505,15.800585996852156,15.706668010036484
MSFT,2009-05-27,S1_contraction,15.794388271972911,16.182455668994095,15.988421970483502,0.5543819957445455,range_poc,spec,long,16.2,15.794388271972911,15.697371422717616
MSFT,2009-06-26,S1_contraction,18.66604137519876,19.00159014505239,18.833815760125574,0.4793553855051836,range_poc,spec,long,18.7914,18.66604137519876,18.58215418273535
MSFT,2009-07-02,S1_contraction,18.92097186426355,19.271370601347037,19.096171232805293,0.5005696244049845,range_poc,spec,long,18.8075,18.92097186426355,18.83337217999268
MSFT,2009-07-15,S1_contraction,18.783012436914337,19.12496054852664,18.95398649272049,0.4884973023032927,range_poc,spec,long,19.411,18.783012436914337,18.697525409011263
MSFT,2009-08-12,S1_contraction,18.94621361145684,19.307691834386063,19.12695272292145,0.5163974613274644,range_poc,spec,long,18.9362,18.94621361145684,18.855844055724535
MSFT,2009-08-18,S1_contraction,18.804673072459792,19.14985897445527,18.97726602345753,0.4931227171363954,range_poc,spec,long,19.0811,18.804673072459792,18.718376596960923
MSFT,2009-09-15,S1_contraction,19.88122023601971,20.151269348216235,20.016244792117973,0.38578444599503714,range_poc,spec,long,20.392,19.88122023601971,19.81370795797058
MSFT,2009-10-01,S1_contraction,19.879734442835943,20.15479404000384,20.01726424141989,0.3929422816684214,range_poc,spec,long,20.1331,19.879734442835943,19.81096954354397
MSFT,2009-11-05,S1_contraction,22.803821953958916,23.170495653733738,22.987158803846327,0.5238195711068898,range_poc,spec,long,23.0381,22.803821953958916,22.71215352901521
MSFT,2009-12-09,S1_contraction,24.10001212748191,24.38851331722514,24.244262722353525,0.41214455677604106,range_poc,spec,long,24.1457,24.10001212748191,24.027886830046103
MSFT,2009-12-18,S1_contraction,24.21848748450592,24.472679931236357,24.34558370787114,0.36313206675776694,range_poc,spec,long,24.674,24.21848748450592,24.154939372823314
MSFT,2010-01-11,S1_contraction,24.216384804149776,24.488891253844606,24.35263802899719,0.3892949281354769,range_poc,spec,long,24.6008,24.216384804149776,24.148258191726068
MSFT,2010-01-12,S1_contraction,24.233441323815224,24.495519037404723,24.364480180609974,0.3743967336992837,range_poc,spec,long,24.4383,24.233441323815224,24.167921895417848
MSFT,2010-02-23,S1_contraction,22.733710670210833,23.12319338865158,22.928452029431206,0.5564038834867786,range_poc,spec,long,23.1297,22.733710670210833,22.636339990600646
MSFT,2010-02-25,S1_contraction,22.73404174059589,23.12286231826652,22.928452029431206,0.5554579681008958,range_poc,spec,long,23.3502,22.73404174059589,22.636836596178235
MSFT,2010-03-02,S1_contraction,22.7335789739041,23.123325084958314,22.928452029431206,0.5567801586488803,range_poc,spec,long,23.2359,22.7335789739041,22.636142446140546
MSFT,2010-05-03,S1_contraction,25.135455028754663,25.423985055224662,25.279720041989663,0.412185752099996,range_poc,spec,long,25.1953,25.135455028754663,25.063322522137163
MSFT,2010-07-16,S1_contraction,20.410391452325264,20.79725577478297,20.603823613554116,0.552663317796722,range_poc,spec,long,20.4136,20.410391452325264,20.313675371710836
MSFT,2010-07-21,S1_contraction,20.416181058202646,20.791466168905586,20.603823613554116,0.5361215867184811,range_poc,spec,long,20.6022,20.416181058202646,20.32235978052691
MSFT,2010-07-23,S1_contraction,20.695714157691835,21.08056744515059,20.888140801421212,0.5497904106553618,range_poc,spec,long,21.1681,20.695714157691835,20.599500835827147
MSFT,2010-07-30,S1_contraction,20.59201059786882,20.956817254679926,20.774413926274374,0.5211523668730075,range_poc,spec,long,21.1681,20.59201059786882,20.500808933666043
MSFT,2010-08-03,S1_contraction,21.132577522948473,21.490686324500864,21.31163192372467,0.5115840022176995,range_poc,spec,long,21.4552,21.132577522948473,21.043050322560376
MSFT,2010-08-04,S1_contraction,20.800972572450117,21.161186433497083,20.9810795029736,0.514591230067097,range_poc,spec,long,21.1025,20.800972572450117,20.710919107188374
MSFT,2010-09-03,S1_contraction,19.84061256982789,20.113215022436925,19.976913796132408,0.3894320751557616,range_poc,spec,long,20.0263,19.84061256982789,19.77246195667563
MSFT,2010-09-08,S1_contraction,19.839039327742842,20.114788264521973,19.976913796132408,0.3939270525416175,range_poc,spec,long,19.7295,19.839039327742842,19.77010209354806
MSFT,2010-09-09,S1_contraction,19.83979137440861,20.114036217856206,19.976913796132408,0.39177834778228043,range_poc,spec,long,19.7954,19.83979137440861,19.77123016354671
MSFT,2010-09-13,S1_contraction,19.830319343564344,20.108369490015324,19.969344416789834,0.3972144949299698,range_poc,spec,long,20.7023,19.830319343564344,19.7608068069516
MSFT,2010-09-22,S1_contraction,19.839789089999762,20.101308229225403,19.970548659612582,0.3735987703223393,range_poc,spec,long,20.2901,19.839789089999762,19.774409305193352
MSFT,2010-09-29,S1_contraction,19.996257664507464,20.248511598564757,20.12238463153611,0.3603627629389862,range_poc,spec,long,20.1994,19.996257664507464,19.93319418099314
MSFT,2010-10-04,S1_contraction,19.660294334896967,19.916396651711736,19.78834549330435,0.36586045259252686,range_poc,spec,long,19.713,19.660294334896967,19.596268755693274
MSFT,2010-12-23,S1_contraction,23.076535152892777,23.323778933710503,23.20015704330164,0.35320540116818505,range_poc,spec,long,23.477,23.076535152892777,23.014724207688346
MSFT,2010-12-27,S1_contraction,23.078817942201987,23.321496144401294,23.20015704330164,0.3466831459990117,range_poc,spec,long,23.2862,23.078817942201987,23.01814839165216
MSFT,2011-01-21,S1_contraction,23.09193559138457,23.32450431452431,23.20821995295444,0.3322410330567783,range_poc,spec,long,23.2448,23.09193559138457,23.033793410599635
MSFT,2011-01-25,S1_contraction,23.10717073022895,23.344578445829264,23.225874588029107,0.33915387942901914,range_poc,spec,long,23.6015,23.10717073022895,23.047818801328873
MSFT,2011-04-12,S1_contraction,21.130360413904903,21.376336453111364,21.253348433508133,0.351394341723518,range_poc,spec,long,21.3966,21.130360413904903,21.06886640410329
MSFT,2011-06-13,S1_contraction,20.061368155578077,20.30398390187698,20.182676028727528,0.34659392328415123,range_poc,spec,long,20.1923,20.061368155578077,20.00071421900335
MSFT,2011-06-15,S1_contraction,20.046110477784325,20.290406747835902,20.168258612810114,0.34899467150225644,range_poc,spec,long,19.9403,20.046110477784325,19.98503641027143
MSFT,2011-06-16,S1_contraction,20.061816547044685,20.305975269204986,20.183895908124835,0.3487981745147104,range_poc,spec,long,20.1545,20.061816547044685,20.00077686650461
MSFT,2011-06-20,S1_contraction,20.057875593414952,20.3011649357321,20.179520264573526,0.34755620331020853,range_poc,spec,long,20.5535,20.057875593414952,19.997053257835667
MSFT,2011-08-02,S1_contraction,22.331840034415748,22.678726081753666,22.505283058084707,0.49555149619702316,range_poc,spec,long,22.5105,22.331840034415748,22.24511852258127
MSFT,2011-09-22,S1_contraction,21.018415211826156,21.44580484091423,21.232110026370194,0.6105566129829688,range_poc,spec,long,21.1819,21.018415211826156,20.91156780455414
MSFT,2011-10-27,S1_contraction,22.653366395251876,23.05935587185274,22.85636113355231,0.5799849665726673,range_poc,spec,long,23.033,22.653366395251876,22.55186902610166
MSFT,2011-11-07,S1_contraction,22.66828787621194,23.0443962774631,22.85634207683752,0.5372977160730857,range_poc,spec,long,22.6526,22.66828787621194,22.574260775899152
MSFT,2011-11-11,S1_contraction,22.670753584350518,23.041930569324524,22.85634207683752,0.5302528356771555,range_poc,spec,long,22.7456,22.670753584350518,22.577959338107014
MSFT,2011-12-19,S1_contraction,21.67292509555951,21.972591274101756,21.822758184830633,0.42809454077463394,range_poc,spec,long,21.7406,21.67292509555951,21.59800855092395
MSFT,2011-12-21,S1_contraction,21.684878006630562,21.987006365097194,21.83594218586388,0.4316119406666201,range_poc,spec,long,21.9364,21.684878006630562,21.609345917013904
MSFT,2011-12-28,S1_contraction,21.69789741416611,21.973986957561646,21.83594218586388,0.39441363342219493,range_poc,spec,long,21.9875,21.69789741416611,21.628875028317225
MSFT,2012-03-20,S1_contraction,27.239316618029108,27.522878092093592,27.38109735506135,0.4050878200921204,range_poc,spec,long,27.4218,27.239316618029108,27.168426249512986
MSFT,2012-03-28,S1_contraction,27.206028391749015,27.489548827974247,27.34778860986163,0.4050291946074701,range_poc,spec,long,27.5932,27.206028391749015,27.135148282692708
MSFT,2012-03-29,S1_contraction,27.213064546374227,27.496985008371084,27.355024777372655,0.40560065999551503,range_poc,spec,long,27.5332,27.213064546374227,27.142084430875013
MSFT,2012-04-02,S1_contraction,27.29079923004126,27.554917027269724,27.42285812865549,0.37731113889780316,range_poc,spec,long,27.679,27.29079923004126,27.224769780734142
MSFT,2012-04-03,S1_contraction,27.289098178722007,27.556618078588976,27.42285812865549,0.38217128552424373,range_poc,spec,long,27.3789,27.289098178722007,27.222218203755265
MSFT,2012-04-20,S1_contraction,27.402863671308083,27.72647726632976,27.56467046881892,0.462305135745256,range_poc,spec,long,27.7904,27.402863671308083,27.321960272552666
MSFT,2012-05-03,S1_contraction,27.3306756167265,27.64979208142412,27.49023384907531,0.45588066385374193,range_poc,spec,long,27.2247,27.3306756167265,27.250896500552095
MSFT,2012-06-11,S1_contraction,25.109299372556546,25.459136196099298,25.28421778432792,0.4997668907753649,range_poc,spec,long,24.9328,25.109299372556546,25.021840166670856
MSFT,2012-06-28,S1_contraction,25.07583783961992,25.460159853078178,25.267998846349048,0.5490314477975116,range_poc,spec,long,25.8086,25.07583783961992,24.979757336255354
MSFT,2012-08-31,S1_contraction,26.460364288279028,26.74027707257194,26.600320680425483,0.39987540613273326,range_poc,spec,long,26.7703,26.460364288279028,26.3903860922058
MSFT,2012-09-05,S1_contraction,26.46608707601514,26.734554284835827,26.600320680425483,0.3835245840295495,range_poc,spec,long,26.3968,26.46608707601514,26.398970273809965
MSFT,2012-09-24,S1_contraction,26.57128501619178,26.837957687149867,26.704621351670824,0.3809609585115491,range_poc,spec,long,26.7356,26.57128501619178,26.504616848452258
MSFT,2012-11-01,S1_contraction,25.65257366947596,25.972085274695655,25.812329472085807,0.4564451503138534,range_poc,spec,long,25.6368,25.65257366947596,25.572695768171037
MSFT,2012-11-28,S1_contraction,23.297448369541776,23.64618199214901,23.471815180845393,0.4981908894389061,range_poc,spec,long,23.9667,23.297448369541776,23.21026496388997
MSFT,2012-12-04,S1_contraction,23.29463420994082,23.641458320464626,23.468046265202723,0.49546301503401036,range_poc,spec,long,23.0995,23.29463420994082,23.20792818230987
MSFT,2012-12-05,S1_contraction,23.290368360728273,23.63072213687279,23.460545248800532,0.4862196802064504,range_poc,spec,long,23.3623,23.290368360728273,23.20527991669214
MSFT,2012-12-10,S1_contraction,23.294662227930132,23.62642826967093,23.460545248800532,0.4739514882011438,range_poc,spec,long,23.5988,23.294662227930132,23.211720717494934
MSFT,2012-12-13,S1_contraction,23.29299857462712,23.628091922973944,23.460545248800532,0.47870478335261013,range_poc,spec,long,23.7477,23.29299857462712,23.209225237540416
MSFT,2012-12-14,S1_contraction,23.29894061438873,23.622149883212334,23.460545248800532,0.46172752689086255,range_poc,spec,long,23.4849,23.29894061438873,23.21813829718283
MSFT,2012-12-21,S1_contraction,23.331781741570694,23.654245338915217,23.493013540242956,0.46066228192074943,range_poc,spec,long,24.0456,23.331781741570694,23.251165842234563
MSFT,2012-12-24,S1_contraction,23.62774136923383,23.951601389779682,23.789671379506757,0.46265717220836194,range_poc,spec,long,23.7039,23.62774136923383,23.54677636409737
MSFT,2012-12-28,S1_contraction,23.238122225662966,23.53979205921433,23.38895714243865,0.4309569050733779,range_poc,spec,long,23.2572,23.238122225662966,23.162704767275123
MSFT,2013-01-02,S1_contraction,23.649587735432593,23.96608021932712,23.807833977379858,0.45213211984932433,range_poc,spec,long,24.1945,23.649587735432593,23.570464614458963
MSFT,2013-01-31,S1_contraction,23.709365864212266,24.01166949598246,23.860517680097363,0.4318623311002779,range_poc,spec,long,24.0456,23.709365864212266,23.633789956269716
MSFT,2013-02-06,S1_contraction,23.713811031470588,24.00722432872414,23.860517680097363,0.41916185321936167,range_poc,spec,long,23.9492,23.713811031470588,23.6404577071572
MSFT,2013-02-20,S4_failed_break,24.33774215851315,24.59303723160808,24.465389695060615,0.36470724727846965,range_poc,spec,long,24.6137,24.33774215851315,24.27391839023942
MSFT,2013-02-26,S1_contraction,24.32603580692843,24.581438145584187,24.45373697625631,0.3648604837939326,range_poc,spec,long,24.1721,24.32603580692843,24.262185222264492
MSFT,2013-02-27,S1_contraction,24.316503439922485,24.579171902424385,24.447837671173435,0.37524066071700257,range_poc,spec,long,24.5607,24.316503439922485,24.250836324297012
MSFT,2013-03-21,S1_contraction,24.594721095815085,24.81403687445567,24.704378985135378,0.31330825520083444,range_poc,spec,long,24.8256,24.594721095815085,24.539892151154937
MSFT,2013-03-28,S1_contraction,24.77003044333763,24.989738449858805,24.87988444659822,0.31386858074453733,range_poc,spec,long,25.2628,24.77003044333763,24.71510344170734
MSFT,2013-04-04,S1_contraction,24.759064836334208,24.983534268621067,24.871299552477637,0.3206706175526527,range_poc,spec,long,25.254,24.759064836334208,24.702947478262494
MSFT,2013-04-05,S1_contraction,24.75153705656658,24.976624716904137,24.86408088673536,0.32155380048222815,range_poc,spec,long,25.3467,24.75153705656658,24.69526514148219
MSFT,2013-06-11,S1_contraction,30.77262388026709,31.150771324480694,30.961697602373892,0.5402106345908576,range_poc,spec,long,30.980399999999996,30.77262388026709,30.67808701921369
MSFT,2013-07-10,S1_contraction,30.72942003610682,31.14281361734501,30.936116826725915,0.590562258911697,range_poc,spec,long,30.8559,30.72942003610682,30.62607164079727
MSFT,2013-10-03,S1_contraction,29.610634898796626,30.07508304050547,29.842858969651047,0.663497345298349,range_poc,spec,long,30.3238,29.610634898796626,29.494522863369415
MSFT,2013-10-07,S1_contraction,29.65079088279751,30.0600709567873,29.855430919792404,0.5846858199854206,range_poc,spec,long,29.8223,29.65079088279751,29.54847086430006
MSFT,2013-10-09,S1_contraction,29.65912580480589,30.051686378939714,29.8554060918728,0.5608008201911827,range_poc,spec,long,29.6163,29.65912580480589,29.560985661272433
MSFT,2013-11-21,S1_contraction,33.57200321473077,33.98274299556921,33.77737310514999,0.5867711154834868,range_poc,spec,long,33.7494,33.57200321473077,33.46931826952116
MSFT,2013-12-05,S1_contraction,33.641678778725726,34.06796191038688,33.8548203445563,0.6089759023730806,range_poc,spec,long,34.2908,33.641678778725726,33.535107995810435
MSFT,2013-12-05,S3_rejection,33.62130578113548,34.047588912796634,33.83444734696606,0.6089759023730806,rejection_origin,spec,long,34.2908,33.62130578113548,33.51473499822019
MSFT,2014-01-24,S1_contraction,32.82541955670497,33.26186483548314,33.043642196094055,0.6234932553973745,range_poc,spec,long,33.2125,32.82541955670497,32.71630823701043
MSFT,2014-03-03,S1_contraction,33.89427047688702,34.337825905307874,34.11604819109745,0.6336506120297933,range_poc,spec,long,34.3474,33.89427047688702,33.78338161978181
MSFT,2014-03-07,S1_contraction,33.95676604008357,34.390557050320204,34.17366154520189,0.6197014431951847,range_poc,spec,long,34.4565,33.95676604008357,33.848318287524414
MSFT,2014-03-12,S1_contraction,33.97354994906899,34.37377314133479,34.17366154520189,0.5717474175225782,range_poc,spec,long,34.7929,33.97354994906899,33.87349415100254
MSFT,2014-03-13,S1_contraction,34.11416129248346,34.510902934220795,34.31253211335213,0.566773773910474,range_poc,spec,long,34.4474,34.11416129248346,34.01497588204913
MSFT,2014-04-15,S1_contraction,36.0651757268663,36.600114338207376,36.33264503253684,0.7641980162015342,range_poc,spec,long,36.1384,36.0651757268663,35.93144107403103
MSFT,2014-04-17,S1_contraction,36.0574866594529,36.60780340562078,36.33264503253684,0.7861667802398303,range_poc,spec,long,36.3748,36.0574866594529,35.91990747291093
MSFT,2014-04-30,S1_contraction,36.039891643832725,36.57328390229333,36.30658777306303,0.7619889406580076,range_poc,spec,long,36.7293,36.039891643832725,35.90654357921757
MSFT,2014-05-01,S1_contraction,36.04190803976299,36.57126750636307,36.30658777306303,0.7562278094286974,range_poc,spec,long,36.3657,36.04190803976299,35.909568173112966
MSFT,2014-05-12,S1_contraction,36.08777176166639,36.559447853787745,36.32360980772707,0.6738229887447912,range_poc,spec,long,36.3384,36.08777176166639,35.96985273863605
MSFT,2014-05-22,S1_contraction,36.122793826197615,36.55305126522067,36.33792254570914,0.6146534843186413,range_poc,spec,long,36.7091,36.122793826197615,36.01522946644185
MSFT,2014-05-28,S1_contraction,36.26721370369574,36.66137175606307,36.4642927298794,0.5630829319533355,range_poc,spec,long,36.6267,36.26721370369574,36.16867419060391
MSFT,2014-06-03,S1_contraction,36.4925386576251,36.87184128690452,36.68218997226481,0.5418608989705985,range_poc,spec,long,36.8831,36.4925386576251,36.397713000305245
MSFT,2014-06-17,S1_contraction,36.74625025512648,37.13408864624469,36.94016945068559,0.554054844454577,range_poc,spec,long,38.1555,36.74625025512648,36.64929065734693
MSFT,2014-06-26,S1_contraction,37.867348686141405,38.230369437901295,38.04885906202135,0.5186010739426999,range_poc,spec,long,38.1921,37.867348686141405,37.776593498201436
MSFT,2014-06-30,S1_contraction,37.864527724621325,38.224771815455114,38.04464977003822,0.5146344154768345,range_poc,spec,long,38.1738,37.864527724621325,37.77446670191288
MSFT,2014-08-06,S1_contraction,38.25125694486521,38.68380234037759,38.4675296426214,0.6179219935891157,range_poc,spec,long,39.1259,38.25125694486521,38.143120595987114
MSFT,2014-09-02,S1_contraction,41.13707674211821,41.49272186318359,41.3148993026509,0.508064458664835,range_poc,spec,long,41.5321,41.13707674211821,41.048165461851866
MSFT,2014-09-05,S1_contraction,41.24341859167934,41.596757729676916,41.42008816067813,0.5047701971394064,range_poc,spec,long,42.2874,41.24341859167934,41.15508380717994
MSFT,2014-09-25,S1_contraction,42.839997727230966,43.20532567528109,43.02266170125603,0.5218970686430292,range_poc,spec,long,42.4072,42.839997727230966,42.748665740218435
MSFT,2014-10-08,S1_contraction,42.69770802829618,43.11511997679925,42.90641400254771,0.5963027835758207,range_poc,spec,long,43.0888,42.69770802829618,42.59335504117041
MSFT,2014-12-01,S1_contraction,44.78753321965539,45.29455595881157,45.04104458923348,0.7243181987945441,range_poc,spec,long,45.0684,44.78753321965539,44.66077753486634
MSFT,2014-12-04,S1_contraction,44.70541672428206,45.20107117820211,44.95324395124209,0.7080777913143594,range_poc,spec,long,45.2724,44.70541672428206,44.581503110802046
MSFT,2015-01-08,S1_contraction,43.670341575045946,44.26165162352648,43.965996599286214,0.8447286406864765,range_poc,spec,long,44.1137,43.670341575045946,43.52251406292581
MSFT,2015-01-13,S1_contraction,43.6472527175189,44.284740481053525,43.965996599286214,0.9106968050494594,range_poc,spec,long,42.9689,43.6472527175189,43.48788077663525
MSFT,2015-03-06,S1_contraction,39.278148430506675,39.83970733756345,39.558927884035064,0.8022270100811101,range_poc,spec,long,39.545,39.278148430506675,39.13775870374248
MSFT,2015-03-10,S1_contraction,39.20974344309361,39.77643843206189,39.49309093757775,0.8095642699546829,range_poc,spec,long,39.237,39.20974344309361,39.068069695851534
MSFT,2015-04-06,S1_contraction,38.43376088868616,38.88041939952691,38.65709014410653,0.6380835869153475,range_poc,spec,long,38.7842,38.43376088868616,38.32209626097597
MSFT,2015-04-17,S1_contraction,38.42475254131346,38.90321274388027,38.663982642596864,0.6835145750954303,range_poc,spec,long,38.8495,38.42475254131346,38.305137490671754
MSFT,2015-05-18,S1_contraction,44.26919375096883,44.92028174895949,44.59473774996416,0.9301257114152257,range_poc,spec,long,44.8196,44.26919375096883,44.10642175147117
MSFT,2015-05-27,S1_contraction,44.151970957125926,44.82339289900558,44.487681928065754,0.959174202685234,range_poc,spec,long,44.7357,44.151970957125926,43.98411547165601
MSFT,2015-06-04,S1_contraction,44.17842170243385,44.85670315873408,44.517562430583965,0.9689735090003178,range_poc,spec,long,43.5612,44.17842170243385,44.008851338358795
MSFT,2015-06-25,S1_contraction,43.18774295670707,43.70773145589564,43.447737206301355,0.7428407131265206,range_poc,spec,long,42.8941,43.18774295670707,43.057745831909926
MSFT,2015-06-26,S1_contraction,43.1870548411398,43.70841957146291,43.447737206301355,0.7448067576044395,range_poc,spec,long,42.5276,43.1870548411398,43.05671365855902
MSFT,2015-07-16,S1_contraction,43.17575792266093,43.706113938720314,43.44093593069062,0.7576514515134011,range_poc,spec,long,43.8431,43.17575792266093,43.04316891864608
MSFT,2015-07-22,S1_contraction,43.157545645607755,43.71546205908176,43.43650385234476,0.7970234478200001,range_poc,spec,long,42.7907,43.157545645607755,43.018066542239254
MSFT,2015-08-11,S1_contraction,43.55004336543217,44.156609674438435,43.8533265199353,0.8665232985803742,range_poc,spec,long,43.6082,43.55004336543217,43.3984017881806
MSFT,2015-08-18,S1_contraction,43.575489692585414,44.17547395866685,43.87548182562613,0.8571203801163446,range_poc,spec,long,44.7075,43.575489692585414,43.425493626065055
MSFT,2015-08-19,S1_contraction,43.56360137542597,44.16591705218466,43.864759213805314,0.860450966798132,range_poc,spec,long,44.0833,43.56360137542597,43.41302245623629
MSFT,2015-09-18,S1_contraction,40.621652881025,41.439422805932,41.0305378434785,1.1682427498671477,range_poc,spec,long,41.123,40.621652881025,40.41721039979825
MSFT,2015-09-22,S1_contraction,40.61582359897925,41.44525208797775,41.0305378434785,1.1848978414264302,range_poc,spec,long,41.5202,40.61582359897925,40.40846647672962
MSFT,2015-10-02,S1_contraction,41.16250669026826,41.99382480685266,41.57816574856046,1.1875973094062753,range_poc,spec,long,43.0997,41.16250669026826,40.95467716112216
MSFT,2015-10-22,S3_rejection,44.06059187687525,44.64944352351306,44.35501770019415,0.8412166380540097,rejection_origin,spec,long,45.4263,44.06059187687525,43.9133789652158
MSFT,2015-11-16,S1_contraction,50.704042818266615,51.444616968932266,51.07432989359944,1.0579630723794977,range_poc,spec,long,50.8505,50.704042818266615,50.5188992806002
MSFT,2015-11-23,S1_contraction,50.541746076132846,51.276657629803616,50.90920185296823,1.0498736481011093,range_poc,spec,long,51.6007,50.541746076132846,50.35801818771515
MSFT,2015-11-24,S1_contraction,50.53848054299602,51.27992316294044,50.90920185296823,1.0592037427777377,range_poc,spec,long,51.6579,50.53848054299602,50.353119888009914
MSFT,2015-12-03,S1_contraction,50.63935854912497,51.41270112655224,51.02602983783861,1.1047751106103951,range_poc,spec,long,51.6103,50.63935854912497,50.44602290476816
MSFT,2015-12-11,S1_contraction,50.86448496841702,51.52470055677412,51.19459276259557,0.943165126224432,range_poc,spec,long,51.477,50.86448496841702,50.69943107132774
MSFT,2015-12-31,S1_contraction,52.65388070661831,53.34091601057243,52.99739835859537,0.9814790056487416,range_poc,spec,long,52.8291,52.65388070661831,52.48212188062978
MSFT,2016-02-16,S1_contraction,48.60778994824239,49.68025556573482,49.144022756988605,1.5320937392748921,range_poc,spec,long,48.9917,48.60778994824239,48.33967354386928
MSFT,2016-02-23,S1_contraction,48.92439697505062,49.9682691769683,49.44633307600946,1.4912460027395436,range_poc,spec,long,49.078,48.92439697505062,48.6634289245712
MSFT,2016-03-01,S1_contraction,49.06381609380858,50.047861704293354,49.55583889905097,1.4057794435496658,range_poc,spec,long,50.4205,49.06381609380858,48.81780469118739
MSFT,2016-03-02,S1_contraction,49.07280709245872,50.03887070564322,49.55583889905097,1.3800908759778585,range_poc,spec,long,50.7753,49.07280709245872,48.83129118916259
MSFT,2016-03-03,S1_contraction,49.084822994123755,50.02685480397818,49.55583889905097,1.345759728363461,range_poc,spec,long,50.1999,49.084822994123755,48.84931504166015
MSFT,2016-03-10,S1_contraction,49.078686139906985,50.03299165819495,49.55583889905097,1.3632935975542315,range_poc,spec,long,49.9122,49.078686139906985,48.840109760335
MSFT,2016-03-14,S1_contraction,49.648777692631576,50.55795833588541,50.10336801425849,1.2988294903626276,range_poc,spec,long,50.9862,49.648777692631576,49.421482531818114
MSFT,2016-03-15,S1_contraction,49.71673889086322,50.631718317320654,50.17422860409194,1.3071134663677597,range_poc,spec,long,51.389,49.71673889086322,49.48799403424886
MSFT,2016-04-07,S1_contraction,51.67079129253051,52.397861621401006,52.03432645696576,1.0386718983864207,range_poc,spec,long,52.2233,51.67079129253051,51.489023710312885
MSFT,2016-04-18,S1_contraction,52.533986856206376,53.211998344452304,52.87299260032934,0.9685878403513217,range_poc,spec,long,54.1411,52.533986856206376,52.3644839841449
MSFT,2016-05-24,S1_contraction,48.564310702762434,49.283859189037834,48.924084945900134,1.027926408964855,range_poc,spec,long,49.8237,48.564310702762434,48.38442358119359
MSFT,2016-06-13,S1_contraction,48.630261688300465,49.23800709710042,48.93413439270044,0.8682077268570729,range_poc,spec,long,48.4234,48.630261688300465,48.478325336100475
MSFT,2016-08-26,S1_contraction,55.86571951356296,56.34839693987988,56.10705822672142,0.6895391804527603,range_poc,spec,long,56.3945,55.86571951356296,55.74505015698372
MSFT,2016-08-30,S1_contraction,55.8151775617275,56.28291898349544,56.04904827261147,0.6682020310970546,range_poc,spec,long,56.2584,55.8151775617275,55.698242206285514
MSFT,2016-09-27,S1_contraction,55.771634555707465,56.2675958295911,56.01961519264928,0.7085161055480552,range_poc,spec,long,56.3167,55.771634555707465,55.647644237236555
MSFT,2016-10-05,S1_contraction,55.863060168485,56.376365676254004,56.1197129223695,0.7332935825271406,range_poc,spec,long,56.0155,55.863060168485,55.73473379154275
MSFT,2016-10-11,S1_contraction,55.64940241116981,56.173250932407505,55.91132667178866,0.748355030339566,range_poc,spec,long,55.5782,55.64940241116981,55.51844028086039
MSFT,2016-11-10,S1_contraction,55.516261511298325,56.150039408872274,55.8331504600853,0.9053969965342171,range_poc,spec,long,57.0456,55.516261511298325,55.357817036904834
MSFT,2016-11-30,S1_contraction,58.3393985552483,59.05340653607089,58.696402545659595,1.0200114011751216,range_poc,spec,long,58.9496,58.3393985552483,58.16089656004266
MSFT,2017-01-03,S1_contraction,61.16292463119575,61.74323793606415,61.45308128362995,0.8290190069548496,range_poc,spec,long,61.2191,61.16292463119575,61.01784630497865
MSFT,2017-01-12,S1_contraction,60.977948561604435,61.58257040414564,61.28025948287504,0.8637454893445898,range_poc,spec,long,61.2485,60.977948561604435,60.826793100969134
MSFT,2017-03-01,S1_contraction,63.21145643409683,63.702904423971134,63.45718042903398,0.7020685569632855,range_poc,spec,long,63.9115,63.21145643409683,63.088594436628256
MSFT,2017-03-02,S1_contraction,63.22606898612832,63.72861789547225,63.47734344080028,0.7179270133484754,range_poc,spec,long,62.9963,63.22606898612832,63.10043175879234
MSFT,2017-03-03,S1_contraction,63.21683013482843,63.716616815585525,63.466723475206976,0.7139809725101406,range_poc,spec,long,63.2325,63.21683013482843,63.09188346463915
MSFT,2017-03-09,S1_contraction,63.21766928160117,63.7265061142001,63.47208769790063,0.7269097608556223,range_poc,spec,long,63.7049,63.21766928160117,63.09046007345144
MSFT,2017-03-13,S1_contraction,63.30385857024905,63.77918410219203,63.54152133622054,0.6790364742042743,range_poc,spec,long,63.6852,63.30385857024905,63.1850271872633
MSFT,2017-03-21,S1_contraction,63.21027901621068,63.66471712974801,63.437498072979345,0.6491973050533398,range_poc,spec,long,63.1931,63.21027901621068,63.09666948782635
MSFT,2017-03-27,S1_contraction,63.22768883105898,63.69327559807686,63.46048221456792,0.6651239528826928,range_poc,spec,long,64.069,63.22768883105898,63.11129213930451
MSFT,2017-03-29,S1_contraction,63.50733957524581,63.96868278450076,63.73801117987328,0.6590617275070791,range_poc,spec,long,64.4331,63.50733957524581,63.39200377293207
MSFT,2017-04-11,S1_contraction,63.51114401399301,63.99751477055519,63.7543293922741,0.6948153665174039,range_poc,spec,long,64.443,63.51114401399301,63.38955132485246
MSFT,2017-06-28,S1_contraction,68.85033912717057,69.64150299202805,69.24592105959931,1.130234092653543,range_poc,spec,long,69.0805,68.85033912717057,68.6525481609562
MSFT,2017-07-07,S1_contraction,68.78517955771129,69.62807490082703,69.20662722926916,1.204136204451063,range_poc,spec,long,68.744,68.78517955771129,68.57445572193235
MSFT,2017-08-01,S1_contraction,72.1733497523861,72.91555203414056,72.54445089326333,1.0602889739349208,range_poc,spec,long,71.8319,72.1733497523861,71.98779918194748
MSFT,2017-08-08,S1_contraction,72.17969968907016,72.9092020974565,72.54445089326333,1.0421462976947562,range_poc,spec,long,72.0397,72.17969968907016,71.99732408697358
MSFT,2017-08-14,S1_contraction,72.18547270728878,72.90342907923788,72.54445089326333,1.0256519599272873,range_poc,spec,long,72.8315,72.18547270728878,72.0059836143015
MSFT,2017-08-22,S1_contraction,72.0488628827225,72.73703783004642,72.39295035638446,0.9831070676055902,range_poc,spec,long,72.7916,72.0488628827225,71.87681914589152
MSFT,2017-09-25,S1_contraction,73.16239161296403,73.83480277677262,73.49859719486832,0.9605873768694309,range_poc,spec,long,72.8911,73.16239161296403,72.99428882201188
MSFT,2017-11-21,S1_contraction,82.75705409999972,83.50555213109385,83.13130311554679,1.0692829015630323,range_poc,spec,long,83.72,82.75705409999972,82.56992959222619
MSFT,2017-11-29,S1_contraction,82.9451804720183,83.74355217891112,83.3443663254647,1.1405310098468804,range_poc,spec,long,83.34,82.9451804720183,82.74558754529508
MSFT,2017-12-01,S1_contraction,82.96994889667826,83.80834516215222,83.38914702941524,1.1977089506770837,range_poc,spec,long,84.26,82.96994889667826,82.76034983030976
MSFT,2017-12-04,S1_contraction,82.93873816250748,83.839555896323,83.38914702941524,1.2868824768793425,range_poc,spec,long,81.08,82.93873816250748,82.7135337290536
MSFT,2018-03-01,S1_contraction,91.4730500091469,93.11894999085308,92.29599999999999,2.3512856881516933,range_poc,spec,long,92.85,91.4730500091469,91.06157501372036
MSFT,2018-03-06,S1_contraction,91.44961167581357,93.14238832418641,92.29599999999999,2.418252354818359,range_poc,spec,long,93.32,91.44961167581357,91.02641751372036
MSFT,2018-04-09,S1_contraction,93.02985966666665,94.84614033333332,93.93799999999999,2.594686666666663,range_poc,spec,long,90.77,93.02985966666665,92.57578949999998
MSFT,2018-04-10,S1_contraction,93.01679299999999,94.85920699999998,93.93799999999999,2.6320199999999967,range_poc,spec,long,92.88,93.01679299999999,92.55618949999999
MSFT,2018-04-24,S1_contraction,92.14573833333333,94.03692833333332,93.09133333333332,2.7016999999999984,range_poc,spec,long,93.12,92.14573833333333,91.67294083333333
MSFT,2018-04-27,S4_failed_break,92.17758833333333,94.13691166666668,93.15725,2.7990333333333326,range_poc,spec,long,95.82,92.17758833333333,91.6877575
MSFT,2018-05-22,S1_contraction,95.91806487726689,97.28510326853882,96.60158407290285,1.9529119875313408,range_poc,spec,long,97.5,95.91806487726689,95.5763052794489
MSFT,2018-05-29,S1_contraction,95.90538080436404,97.26961919563597,96.5875,1.9489119875313405,range_poc,spec,long,98.01,95.90538080436404,95.56432120654605
MSFT,2018-06-18,S1_contraction,100.66838852144869,101.62609858483697,101.14724355314283,1.3681572334118377,range_poc,spec,long,100.86,100.66838852144869,100.42896100560162
MSFT,2018-07-03,S1_contraction,100.59945816666666,101.7017085,101.15058333333333,1.5746433333333318,range_poc,spec,long,99.05,100.59945816666666,100.32389558333333
MSFT,2018-07-06,S1_contraction,100.43239033333333,101.51760966666666,100.975,1.5503133333333319,range_poc,spec,long,101.16,100.43239033333333,100.1610855
MSFT,2018-08-15,S1_contraction,107.41202929568102,108.62591903765234,108.01897416666668,1.7341282028161578,range_poc,spec,long,107.66,107.41202929568102,107.1085568601882
MSFT,2018-08-21,S1_contraction,107.26175629568101,108.50574370431897,107.88374999999999,1.7771248694828239,range_poc,spec,long,105.98,107.26175629568101,106.95075944352152
MSFT,2018-08-22,S1_contraction,107.22643962901435,108.477893704319,107.85216666666668,1.7877915361494905,range_poc,spec,long,107.06,107.22643962901435,106.91357611018819
MSFT,2018-10-02,S1_contraction,113.05636321808123,114.19513678191879,113.62575000000001,1.6268193769108061,range_poc,spec,long,114.1575,113.05636321808123,112.77166982712184
MSFT,2018-11-12,S1_contraction,105.05565423774087,107.51136865573872,106.2835114467398,3.5081634542826383,range_poc,spec,long,105.9489,105.05565423774087,104.4417256332414
MSFT,2018-11-15,S1_contraction,105.20631743205529,107.74585476742278,106.47608609973904,3.6279104790964207,range_poc,spec,long,106.8214,105.20631743205529,104.57143309821342
MSFT,2018-12-06,S1_contraction,105.05051151951488,107.51303120581602,106.28177136266545,3.517885266144495,range_poc,spec,long,108.7232,105.05051151951488,104.43488159793961
MSFT,2018-12-07,S1_contraction,105.07049005008375,107.49305267524716,106.28177136266545,3.460803750233444,range_poc,spec,long,104.3719,105.07049005008375,104.46484939379289
MSFT,2018-12-14,S1_contraction,105.18786177427116,107.37568095105975,106.28177136266545,3.125455966840833,range_poc,spec,long,105.5768,105.18786177427116,104.640906980074
MSFT,2019-01-04,S1_contraction,100.81981707656718,103.41298587416588,102.11640147536653,3.704526853712438,range_poc,spec,long,101.4943,100.81981707656718,100.1715248771675
MSFT,2019-01-29,S1_contraction,100.9829803863704,103.14570832748655,102.06434435692847,3.0896113444516486,range_poc,spec,long,102.5,100.9829803863704,100.44229840109136
MSFT,2019-01-31,S1_contraction,100.93983973529633,103.06469921498449,102.00226947514041,3.0355135424116377,range_poc,spec,long,103.9836,100.93983973529633,100.40862486537429
MSFT,2019-02-01,S1_contraction,100.93879361374144,103.06574533653938,102.00226947514041,3.038502461139903,range_poc,spec,long,102.3406,100.93879361374144,100.40705568304196
MSFT,2019-02-14,S1_contraction,104.43870484963927,105.9995655189723,105.21913518430578,2.229800956190064,range_poc,spec,long,106.443,104.43870484963927,104.04848968230601
MSFT,2019-03-11,S1_contraction,111.53644723720068,112.85215615636194,112.19430169678131,1.8795841702303833,range_poc,spec,long,112.83,111.53644723720068,111.20752000741035
MSFT,2019-06-03,S1_contraction,124.20151078134121,125.9724892186588,125.087,2.5299691961679596,range_poc,spec,long,119.84,124.20151078134121,123.75876617201182
MSFT,2019-07-16,S1_contraction,136.1400375,137.58841916666665,136.86422833333333,2.0691166666666674,range_poc,spec,long,137.08,136.1400375,135.77794208333336
MSFT,2019-07-19,S4_failed_break,135.91875916666666,137.3529075,136.63583333333332,2.0487833333333345,range_poc,spec,long,136.62,135.91875916666666,135.56022208333331
MSFT,2019-07-31,S1_contraction,135.81884349999999,137.2486565,136.53375,2.0425900000000015,range_poc,spec,long,136.27,135.81884349999999,135.46139024999997
MSFT,2019-08-19,S1_contraction,137.00759151665696,138.90407515000973,137.95583333333335,2.709262333361092,range_poc,spec,long,138.41,137.00759151665696,136.53347060831877
MSFT,2019-08-29,S1_contraction,137.2726926833236,139.3656406500097,138.31916666666666,2.989925666694424,range_poc,spec,long,138.12,137.2726926833236,136.7494556916521
MSFT,2019-09-06,S1_contraction,136.19095851665696,138.2673748166764,137.22916666666669,2.9663090000277577,range_poc,spec,long,139.1,136.19095851665696,135.6718544416521
MSFT,2019-09-09,S1_contraction,135.89054184999029,138.0089581500097,136.94975,3.0263090000277573,range_poc,spec,long,137.52,135.89054184999029,135.36093777498542
MSFT,2019-10-18,S1_contraction,136.11426666666668,137.79823333333334,136.95625,2.4056666666666633,range_poc,spec,long,137.41,136.11426666666668,135.69327500000003
MSFT,2019-10-24,S1_contraction,139.15878333333336,140.85371666666668,140.00625000000002,2.421333333333329,range_poc,spec,long,139.94,139.15878333333336,138.73505000000003
MSFT,2019-11-11,S1_contraction,143.55889866666666,145.1011013333333,144.32999999999998,2.203146666666662,range_poc,spec,long,146.11,143.55889866666666,143.173348
MSFT,2020-02-27,S2_trend_cluster,164.80481401227,168.0605193210633,166.43266666666665,4.651007583990445,trend_cluster,spec,long,158.18,164.80481401227,163.99088768507164
MSFT,2020-03-24,S1_contraction,142.18939317893668,149.03160682106332,145.6105,9.774590917323776,range_poc,spec,long,148.34,142.18939317893668,140.478839768405
MSFT,2020-05-01,S1_contraction,171.26091900000003,175.973081,173.61700000000002,6.73166,range_poc,spec,long,174.57,171.26091900000003,170.08287850000005
MSFT,2020-05-14,S1_contraction,171.7630091626282,175.39449083737182,173.57875,5.187830963919449,range_poc,spec,long,180.0355,171.7630091626282,170.8551387439423
MSFT,2020-05-15,S1_contraction,174.7466140432062,178.49271929012713,176.61966666666666,5.35157892417278,range_poc,spec,long,182.6582,174.7466140432062,173.81008773147596
MSFT,2020-05-29,S1_contraction,182.13253332183328,185.39753667816674,183.765035,4.664290509047834,range_poc,spec,long,183.25,182.13253332183328,181.3162824827499
MSFT,2020-06-08,S1_contraction,182.0827459884999,185.1179206781667,183.6003333333333,4.335963842381167,range_poc,spec,long,188.36,182.0827459884999,181.3239523160832
MSFT,2020-08-12,S1_contraction,209.46204416666666,213.40445583333332,211.43325,5.632016666666667,range_poc,spec,long,209.19,209.46204416666666,208.47644125
MSFT,2020-09-22,S1_contraction,207.16605848403938,211.57110818262728,209.36858333333333,6.292928140839873,range_poc,spec,long,207.42,207.16605848403938,206.0647960593924
MSFT,2020-09-25,S1_contraction,207.09920848403937,211.6379581826273,209.36858333333333,6.483928140839873,range_poc,spec,long,207.82,207.09920848403937,205.96452105939238
MSFT,2020-10-02,S1_contraction,205.7901996666667,210.50630033333334,208.14825000000002,6.737286666666669,range_poc,spec,long,206.19,205.7901996666667,204.61117450000003
MSFT,2020-10-26,S1_contraction,206.20353566666665,209.947131,208.07533333333333,5.347993333333338,range_poc,spec,long,210.08,206.20353566666665,205.2676368333333
MSFT,2020-10-28,S1_contraction,206.14100233333332,210.00966433333335,208.07533333333333,5.526660000000003,range_poc,spec,long,202.68,206.14100233333332,205.17383683333333
MSFT,2020-11-19,S1_contraction,212.5547545426355,216.61024545736447,214.58249999999998,5.793558449612856,range_poc,spec,long,212.42,212.5547545426355,211.54088181395326
MSFT,2020-11-24,S1_contraction,212.1416462093022,216.07335379069784,214.10750000000002,5.616725116279522,range_poc,spec,long,213.86,212.1416462093022,211.15871931395327
MSFT,2020-12-11,S1_contraction,212.43842404263552,215.7765759573645,214.10750000000002,4.768788449612851,range_poc,spec,long,213.26,212.43842404263552,211.60388606395327
MSFT,2021-02-16,S1_contraction,240.47728735447956,244.0003793121871,242.23883333333333,5.032988511010809,range_poc,spec,long,243.1424,240.47728735447956,239.59651436505266
MSFT,2021-03-09,S1_contraction,231.15375568781286,235.05524431218709,233.10449999999997,5.573555177677477,range_poc,spec,long,233.78,231.15375568781286,230.1783835317193
MSFT,2021-03-15,S1_contraction,231.30215568781284,234.9068443121871,233.10449999999997,5.149555177677477,range_poc,spec,long,234.81,231.30215568781284,230.40098353171928
MSFT,2021-03-17,S1_contraction,231.34409735447952,234.86490264552043,233.10449999999997,5.029721844344144,range_poc,spec,long,237.04,231.34409735447952,230.4638960317193
MSFT,2021-03-18,S1_contraction,231.33383068781285,234.8751693121871,233.10449999999997,5.059055177677477,range_poc,spec,long,230.72,231.33383068781285,230.4484960317193
MSFT,2021-03-29,S1_contraction,231.42230186145534,235.20851215249624,233.3154070069758,5.4088718443441435,range_poc,spec,long,235.24,231.42230186145534,230.4757492886951
MSFT,2021-03-30,S1_contraction,230.5430425,234.3511241666667,232.44708333333335,5.440116666666671,range_poc,spec,long,231.85,230.5430425,229.59102208333334
MSFT,2021-04-28,S1_contraction,256.2190666666667,259.4448066666667,257.8319366666667,4.608200000000002,range_poc,spec,long,254.56,256.2190666666667,255.41263166666673
MSFT,2021-06-04,S1_contraction,249.65701910346385,252.8589808965361,251.25799999999998,4.574231132960346,range_poc,spec,long,250.79,249.65701910346385,248.8565286551958
MSFT,2021-06-08,S1_contraction,249.64331077013054,252.87268922986942,251.25799999999998,4.6133977996270135,range_poc,spec,long,252.57,249.64331077013054,248.83596615519582
NFLX,2002-07-26,S1_contraction,0.9587630174808365,1.0226288163451618,0.9906959169129991,0.09123685552046462,range_poc,spec,long,0.8713999999999998,0.9587630174808365,0.9427965677647552
NFLX,2002-08-26,S1_contraction,0.9134942696043707,0.9642582664185603,0.9388762680114655,0.07251999544884206,range_poc,spec,long,0.9678999999999999,0.9134942696043707,0.9008032704008233
NFLX,2002-08-29,S1_contraction,0.895949925571156,0.9479976977392632,0.9219738116552096,0.07435396024015324,range_poc,spec,long,0.9036,0.895949925571156,0.8829379825291293
NFLX,2002-09-12,S1_contraction,0.902022375687649,0.945302696673915,0.923662536180782,0.06182902998037995,range_poc,spec,long,0.925,0.902022375687649,0.8912022954410825
NFLX,2002-10-01,S1_contraction,0.7012281686752561,0.7387564647765651,0.7199923167259106,0.05361185157329858,range_poc,spec,long,0.6786,0.7012281686752561,0.6918460946499287
NFLX,2002-10-28,S1_contraction,0.6786222384907231,0.7305719396097469,0.704597089050235,0.07421385874146241,range_poc,spec,long,0.6857,0.6786222384907231,0.6656348132109672
NFLX,2002-11-13,S1_contraction,0.5914915706720215,0.6399292992008815,0.6157104349364515,0.06919675504122841,range_poc,spec,long,0.6414,0.5914915706720215,0.5793821385398066
NFLX,2002-12-18,S1_contraction,0.7585206226016911,0.8048081216093318,0.7816643721055114,0.06612499858234384,range_poc,spec,long,0.7857000000000001,0.7585206226016911,0.7469487478497809
NFLX,2003-01-29,S1_contraction,0.838802746867799,0.8789371917005773,0.8588699692841881,0.057334921189683245,range_poc,spec,long,0.8963999999999999,0.838802746867799,0.8287691356596044
NFLX,2003-02-04,S1_contraction,0.8398357094876223,0.8779042290807539,0.8588699692841881,0.0543835994187596,range_poc,spec,long,0.8786,0.8398357094876223,0.8303185795893394
NFLX,2003-03-13,S1_contraction,1.1406430251894608,1.199476655747646,1.1700598404685534,0.08404804365455018,range_poc,spec,long,1.1607,1.1406430251894608,1.1259346175499145
NFLX,2003-04-11,S1_contraction,1.4200199185423223,1.4781014140853814,1.4490606663138519,0.08297356506151327,range_poc,spec,long,1.4836,1.4200199185423223,1.4054995446565575
NFLX,2003-05-08,S1_contraction,1.5947827574140692,1.6623766286815815,1.6285796930478253,0.09656267323930352,range_poc,spec,long,1.6343,1.5947827574140692,1.5778842895971912
NFLX,2003-07-31,S1_contraction,1.7459283022708696,1.8207419589231602,1.7833351305970149,0.10687665236041524,range_poc,spec,long,1.8714,1.7459283022708696,1.727224888107797
NFLX,2003-08-01,S1_contraction,1.745511474627113,1.8211587865669168,1.7833351305970149,0.10806758848543421,range_poc,spec,long,1.7821,1.745511474627113,1.726599646642162
NFLX,2003-09-25,S1_contraction,2.4332382166243995,2.5338542551189054,2.4835462358716525,0.14373719784929448,range_poc,spec,long,2.4864,2.4332382166243995,2.408084207000773
NFLX,2003-11-06,S1_contraction,3.74531612335733,3.9131510661153093,3.8292335947363196,0.23976420393997014,range_poc,spec,long,3.6307,3.74531612335733,3.703357387667835
NFLX,2003-11-18,S1_contraction,3.2703697875744155,3.4360537383250995,3.3532117629497575,0.23669135821526305,range_poc,spec,long,3.3264000000000005,3.2703697875744155,3.2289487998867443
NFLX,2003-12-04,S1_contraction,3.2955714640481615,3.436318092799098,3.36594477842363,0.20106661250133856,range_poc,spec,long,3.4314,3.2955714640481615,3.2603848068604275
NFLX,2003-12-10,S1_contraction,3.2963826764348307,3.435506880412429,3.36594477842363,0.1987488628251407,range_poc,spec,long,3.2179000000000006,3.2963826764348307,3.261601625440431
NFLX,2003-12-17,S1_contraction,3.274016508766795,3.4203237270232454,3.34717011789502,0.2090103117949291,range_poc,spec,long,3.6064,3.274016508766795,3.237439704202682
NFLX,2004-02-06,S1_contraction,5.299461064411198,5.4808958458293775,5.390178455120288,0.2591925448831139,range_poc,spec,long,5.4736,5.299461064411198,5.254102369056653
NFLX,2004-02-12,S1_contraction,5.29183099906881,5.488525911171766,5.390178455120288,0.28099273157565074,range_poc,spec,long,5.3286,5.29183099906881,5.242657271043071
NFLX,2004-03-17,S1_contraction,4.310226497635659,4.499488159713698,4.404857328674678,0.2703738029686278,range_poc,spec,long,4.36,4.310226497635659,4.262911082116149
NFLX,2004-03-29,S1_contraction,4.320236464917314,4.49937171804008,4.409804091478697,0.2559075044610953,range_poc,spec,long,4.77,4.320236464917314,4.2754526516366225
NFLX,2004-04-16,S1_contraction,4.210207360332288,4.399372749712513,4.3047900550224005,0.27023627054317767,range_poc,spec,long,4.3929,4.210207360332288,4.162916012987232
NFLX,2004-04-27,S1_contraction,4.133583858613877,4.33214971677536,4.232866787694618,0.28366551165926257,range_poc,spec,long,4.0057,4.133583858613877,4.083942394073506
NFLX,2004-05-11,S1_contraction,4.122994637769499,4.317391399379878,4.2201930185746885,0.2777096594433984,range_poc,spec,long,4.2,4.122994637769499,4.0743954473669035
NFLX,2004-05-14,S1_contraction,4.125927970820574,4.314458066328803,4.2201930185746885,0.26932870786889934,range_poc,spec,long,4.3914,4.125927970820574,4.078795446943516
NFLX,2004-06-09,S1_contraction,4.4095068754554285,4.537007392113268,4.473257133784348,0.18214359522548465,range_poc,spec,long,4.4714,4.4095068754554285,4.377631746290969
NFLX,2004-06-23,S1_contraction,4.303751301135731,4.4219875482154185,4.362869424675575,0.1689089243995534,range_poc,spec,long,4.3843,4.303751301135731,4.274192239365808
NFLX,2004-07-27,S1_contraction,2.7803635197138323,2.9786962219397175,2.879529870826775,0.28333243175126516,range_poc,spec,long,2.9086,2.7803635197138323,2.730780344157361
NFLX,2004-09-07,S1_contraction,2.2273005918711606,2.3333712978919303,2.2803359448815455,0.15152958002967148,range_poc,spec,long,2.2014,2.2273005918711606,2.200782915365968
NFLX,2004-09-28,S1_contraction,2.192451801503295,2.2807863126004735,2.2366190570518842,0.12619215871025521,range_poc,spec,long,2.3414,2.192451801503295,2.1703681737290004
NFLX,2004-09-29,S1_contraction,2.2334405312690495,2.320740352578174,2.2770904419236118,0.12471403044160674,range_poc,spec,long,2.34,2.2334405312690495,2.211615575941768
NFLX,2004-10-01,S1_contraction,2.22962433011517,2.3245565537320534,2.2770904419236118,0.13561746230983346,range_poc,spec,long,2.3329,2.22962433011517,2.2058912742109493
NFLX,2004-11-02,S1_contraction,1.3811625156519831,1.4835607589553979,1.4323616373036905,0.1462832047191641,range_poc,spec,long,1.4157,1.3811625156519831,1.3555629548261294
NFLX,2004-11-10,S1_contraction,1.3829958011976258,1.4817274734097552,1.4323616373036905,0.1410452460173276,range_poc,spec,long,1.4829,1.3829958011976258,1.3583128831445934
NFLX,2004-11-16,S1_contraction,1.3985915151645716,1.4800569748396106,1.439324245002091,0.11637922810719861,range_poc,spec,long,1.5457,1.3985915151645716,1.3782251502458118
NFLX,2004-11-17,S1_contraction,1.397595968855296,1.4784281005778928,1.4380120347165943,0.11547447388942421,range_poc,spec,long,1.4943,1.397595968855296,1.3773879359246468
NFLX,2004-12-08,S1_contraction,1.5704537712795033,1.6279893825629175,1.5992215769212104,0.08219373040487762,range_poc,spec,long,1.6157,1.5704537712795033,1.5560698684586498
NFLX,2004-12-22,S1_contraction,1.5961720270481494,1.6627082840671428,1.629440155557646,0.09505179574141925,range_poc,spec,long,1.6714,1.5961720270481494,1.5795379627934012
NFLX,2005-01-04,S1_contraction,1.5941804791176502,1.6591809872102576,1.626680733163954,0.0928578687037253,range_poc,spec,long,1.6657000000000002,1.5941804791176502,1.5779303520944983
NFLX,2005-01-12,S1_contraction,1.600150084460027,1.6669173090924028,1.6335336967762148,0.09538174947482281,range_poc,spec,long,1.5357,1.600150084460027,1.5834582783019329
NFLX,2005-01-14,S1_contraction,1.5998000451518153,1.6672673484006144,1.6335336967762148,0.09638186178399896,range_poc,spec,long,1.6186,1.5998000451518153,1.5829332193396155
NFLX,2005-02-07,S1_contraction,1.595185300384884,1.6538887426414508,1.6245370215131674,0.08386206036652442,range_poc,spec,long,1.6471,1.595185300384884,1.5805094398207422
NFLX,2005-02-25,S1_contraction,1.5567318150571847,1.606867927201568,1.5817998711293764,0.07162301734911887,range_poc,spec,long,1.5699999999999998,1.5567318150571847,1.5441977870210888
NFLX,2005-03-02,S1_contraction,1.5569151649444988,1.606684577314254,1.5817998711293764,0.07109916052822145,range_poc,spec,long,1.5257,1.5569151649444988,1.54447281185206
NFLX,2005-04-18,S3_rejection,1.5226107520509615,1.570634065254702,1.5466224086528317,0.06860473314820084,rejection_origin,spec,long,1.6186,1.5226107520509615,1.5106049237500265
NFLX,2005-06-03,S1_contraction,2.0178717264975465,2.0949041160614246,2.0563879212794856,0.11004627080554001,range_poc,spec,long,2.0957,2.0178717264975465,1.998613629106577
NFLX,2005-06-09,S1_contraction,2.0174510478805954,2.0978174347994964,2.057634241340046,0.11480912416985882,range_poc,spec,long,2.2357,2.0174510478805954,1.99735945115087
NFLX,2005-06-24,S1_contraction,2.040755446617494,2.1308219552955343,2.085788700956514,0.1286664409686294,range_poc,spec,long,2.2529,2.040755446617494,2.018238819447984
NFLX,2005-07-08,S1_contraction,2.3154062421682813,2.3855394150211193,2.3504728285947003,0.10019024693262606,range_poc,spec,long,2.3871,2.3154062421682813,2.2978729489550718
NFLX,2005-07-13,S1_contraction,2.317860747011203,2.3892972646069253,2.353579005809064,0.10205216799388876,range_poc,spec,long,2.3614,2.317860747011203,2.3000016176122724
NFLX,2005-07-21,S1_contraction,2.320568869954855,2.389238725896321,2.354903797925588,0.09809979420209484,range_poc,spec,long,2.3786,2.320568869954855,2.3034014059694883
NFLX,2005-08-30,S1_contraction,3.0059553977079365,3.101849490073666,3.0539024438908013,0.13699156052247127,range_poc,spec,long,3.0570999999999997,3.0059553977079365,2.981981874616504
NFLX,2005-11-18,S1_contraction,3.9201878541409965,4.063317937269346,3.9917528957051713,0.20447154732621356,range_poc,spec,long,4.06,3.9201878541409965,3.884405333358909
NFLX,2005-11-28,S1_contraction,3.924453390866912,4.059052400543431,3.9917528957051713,0.19228429953788448,range_poc,spec,long,3.9400000000000004,3.924453390866912,3.890803638447782
NFLX,2005-11-30,S1_contraction,3.9258200335459352,4.057685757864407,3.9917528957051713,0.1883796061692455,range_poc,spec,long,3.9343,3.9258200335459352,3.8928536024663174
NFLX,2005-12-02,S1_contraction,3.9308870230202224,4.05261876839012,3.9917528957051713,0.17390249338556898,range_poc,spec,long,3.9557,3.9308870230202224,3.900454086677748
NFLX,2006-01-17,S1_contraction,3.519061173615644,3.6187849242822536,3.5689230489489487,0.14246250095230018,range_poc,spec,long,3.68,3.519061173615644,3.494130235948991
NFLX,2006-01-18,S1_contraction,3.5186278355874747,3.6192182623104228,3.5689230489489487,0.14370060960421166,range_poc,spec,long,3.55,3.5186278355874747,3.493480228906738
NFLX,2006-02-08,S1_contraction,3.5273168971190274,3.6389812747667336,3.5831490859428805,0.15952053949672262,range_poc,spec,long,3.5913999999999997,3.5273168971190274,3.499400802707101
NFLX,2006-02-23,S1_contraction,3.527415325704055,3.638882846181706,3.5831490859428805,0.15923931496807325,range_poc,spec,long,3.6729,3.527415325704055,3.499548445584642
NFLX,2006-03-06,S1_contraction,3.6274884943814265,3.733958358527906,3.680723426454666,0.1520998059235426,range_poc,spec,long,3.66,3.6274884943814265,3.6008710283448067
NFLX,2006-03-10,S1_contraction,3.628920893483809,3.7193566711937254,3.6741387823387672,0.12919396815702272,range_poc,spec,long,3.65,3.628920893483809,3.6063119490563302
NFLX,2006-04-17,S1_contraction,4.044080220794132,4.141111438944051,4.092595829869092,0.13861602592845626,range_poc,spec,long,4.1714,4.044080220794132,4.019822416256653
NFLX,2006-04-18,S1_contraction,4.039380402454283,4.134411587718295,4.086895995086289,0.13575883609144762,range_poc,spec,long,4.2571,4.039380402454283,4.01562260613828
NFLX,2006-05-10,S1_contraction,4.252569251607013,4.362070647523862,4.3073199495654375,0.1564305655954982,range_poc,spec,long,4.4157,4.252569251607013,4.225193902627801
NFLX,2006-05-11,S1_contraction,4.252469293340362,4.362170605790513,4.3073199495654375,0.15671616064307112,range_poc,spec,long,4.2514,4.252469293340362,4.225043965227824
NFLX,2006-06-13,S1_contraction,3.9309755068378527,4.032936912351425,3.981956209594639,0.1456591507336748,range_poc,spec,long,3.9343,3.9309755068378527,3.9054851554594596
NFLX,2006-06-19,S1_contraction,3.9133350189984815,4.020196334666662,3.966765676832572,0.15265902238311527,range_poc,spec,long,4.0021,3.9133350189984815,3.8866196900814365
NFLX,2006-06-22,S1_contraction,3.9125907331879834,4.018134385471878,3.9653625593299306,0.15077664611984923,range_poc,spec,long,3.9529,3.9125907331879834,3.8862048201170096
NFLX,2006-06-30,S1_contraction,3.907210945481407,4.006416202715104,3.9568135740982555,0.14172179604813853,range_poc,spec,long,3.8871000000000007,3.907210945481407,3.8824096311729828
NFLX,2006-07-07,S1_contraction,3.8232954429324946,3.917473717611665,3.8703845802720798,0.13454039239881427,range_poc,spec,long,3.8071,3.8232954429324946,3.7997508742627017
NFLX,2006-07-25,S1_contraction,2.7087094417571005,2.814947089465513,2.7618282656113067,0.15176806815487465,range_poc,spec,long,2.6829,2.7087094417571005,2.682150029829997
NFLX,2006-08-21,S1_contraction,2.6907233433100544,2.7887881835166635,2.739755763413359,0.14009262886658483,range_poc,spec,long,2.7886,2.6907233433100544,2.666207133258402
NFLX,2006-10-12,S1_contraction,3.2563099337377426,3.3222108664637147,3.2892604001007286,0.09414418960853177,range_poc,spec,long,3.3443,3.2563099337377426,3.2398347005562496
NFLX,2006-10-13,S1_contraction,3.2561432641256736,3.3223775360757837,3.2892604001007286,0.09462038850015739,range_poc,spec,long,3.3142999999999994,3.2561432641256736,3.239584696138146
NFLX,2006-10-23,S1_contraction,3.2849445911097166,3.3561097162350513,3.320527153672384,0.10166446446476327,range_poc,spec,long,3.2970999999999995,3.2849445911097166,3.267153309828383
NFLX,2006-10-23,S3_rejection,3.2816978554480944,3.352862980573429,3.317280418010762,0.10166446446476327,rejection_origin,spec,long,3.2970999999999995,3.2816978554480944,3.2639065741667608
NFLX,2006-11-07,S1_contraction,3.9284396132353914,4.016856481540089,3.9726480473877404,0.12630981186385418,range_poc,spec,long,3.9485999999999994,3.9284396132353914,3.906335396159217
NFLX,2007-02-26,S1_contraction,3.205675681125109,3.286019087899476,3.2458473845122926,0.11477629539195286,range_poc,spec,long,3.3043,3.205675681125109,3.1855898294315175
NFLX,2007-04-18,S1_contraction,2.991966144073518,3.064833970542118,3.028400057307818,0.10409689495514285,range_poc,spec,long,3.1000000000000005,2.991966144073518,2.9737491874563684
NFLX,2007-06-06,S1_contraction,3.1093171287720267,3.169360500713526,3.1393388147427763,0.08577624563071273,range_poc,spec,long,3.2285999999999997,3.1093171287720267,3.0943062857866517
NFLX,2007-06-07,S3_rejection,3.1939224456263013,3.262765874957409,3.2283441602918552,0.09834775618729644,rejection_origin,spec,long,3.4186,3.1939224456263013,3.176711588293524
NFLX,2007-06-27,S1_contraction,2.817138974679075,2.9066557787638185,2.861897376721447,0.12788114869249104,range_poc,spec,long,2.9686,2.817138974679075,2.7947597736578893
NFLX,2007-06-28,S1_contraction,2.8167551596590816,2.907039593783812,2.861897376721447,0.12897776303532937,range_poc,spec,long,2.8356999999999997,2.8167551596590816,2.794184051127899
NFLX,2007-07-02,S1_contraction,2.815871805743574,2.9079229476993196,2.861897376721447,0.131501631365351,range_poc,spec,long,2.7829,2.815871805743574,2.792859020254638
NFLX,2007-07-03,S1_contraction,2.8163221430000234,2.9074726104428703,2.861897376721447,0.13021495348978193,range_poc,spec,long,2.8243,2.8163221430000234,2.793534526139312
NFLX,2007-08-27,S1_contraction,2.4176738834613616,2.501974420729187,2.4598241520952744,0.12042933895403621,range_poc,spec,long,2.4486,2.4176738834613616,2.396598749144405
NFLX,2007-09-10,S1_contraction,2.4241173163724943,2.4963483777375197,2.460232847055007,0.10318723052146503,range_poc,spec,long,2.4857,2.4241173163724943,2.406059551031238
NFLX,2007-09-12,S1_contraction,2.4354028625870576,2.506200943352334,2.4708019029696957,0.10114011537896653,range_poc,spec,long,2.48,2.4354028625870576,2.417703342395739
NFLX,2007-11-01,S1_contraction,3.6362475938368344,3.740818840034955,3.6885332169358946,0.149387494568744,range_poc,spec,long,3.7557,3.6362475938368344,3.610104782287304
NFLX,2007-11-02,S1_contraction,3.624787839450352,3.7273261105778563,3.676056975014104,0.14648324446786348,range_poc,spec,long,3.7514000000000003,3.624787839450352,3.5991532716684755
NFLX,2007-11-07,S1_contraction,3.6898593410671072,3.79113095582262,3.7404951484448636,0.14467373536501887,range_poc,spec,long,3.84,3.6898593410671072,3.664541437378229
NFLX,2007-11-08,S1_contraction,3.689044857772703,3.792015501105611,3.740530179439157,0.14710091904701075,range_poc,spec,long,3.8843,3.689044857772703,3.663302196939476
NFLX,2007-11-09,S1_contraction,3.6863608853110486,3.7946994735672654,3.740530179439157,0.15476941179459516,range_poc,spec,long,3.6071,3.6863608853110486,3.6592762382469943
NFLX,2008-01-24,S1_contraction,3.1494261384850444,3.3135949577237214,3.231510548104383,0.2345268846266812,range_poc,spec,long,3.1343,3.1494261384850444,3.108383933675375
NFLX,2008-01-28,S1_contraction,3.1474761547468333,3.3155449414619325,3.231510548104383,0.24009826673585638,range_poc,spec,long,3.2843,3.1474761547468333,3.1054589580680583
NFLX,2008-05-08,S1_contraction,4.373241537270175,4.559006357416317,4.466123947343246,0.2653783144944878,range_poc,spec,long,4.3071,4.373241537270175,4.32680033223364
NFLX,2008-05-19,S1_contraction,4.300528030444747,4.468144002761802,4.3843360166032745,0.2394513890243649,range_poc,spec,long,4.4257,4.300528030444747,4.258624037365483
NFLX,2008-06-18,S1_contraction,4.292699619417599,4.415313274598956,4.3540064470082775,0.17516236454479522,range_poc,spec,long,4.3114,4.292699619417599,4.262046205622259
NFLX,2008-06-20,S1_contraction,4.290166301388077,4.417846592628478,4.3540064470082775,0.1824004160577149,range_poc,spec,long,4.4857,4.290166301388077,4.258246228577978
NFLX,2008-06-24,S1_contraction,4.282152982698727,4.415567022220219,4.348860002459473,0.1905914850307025,range_poc,spec,long,4.1429,4.282152982698727,4.248799472818353
NFLX,2008-07-17,S1_contraction,3.8364163760417225,3.9637121560139117,3.900064266027817,0.18185111424598435,range_poc,spec,long,3.9685999999999995,3.8364163760417225,3.8045924310486754
NFLX,2008-07-24,S1_contraction,3.8457487161971637,3.965125095009093,3.9054369056031284,0.1705376840170416,range_poc,spec,long,3.8186000000000004,3.8457487161971637,3.815904621494181
NFLX,2008-08-29,S1_contraction,4.293530075065197,4.408137920208864,4.3508339976370305,0.16372549306238185,range_poc,spec,long,4.4057,4.293530075065197,4.264878113779281
NFLX,2008-09-18,S1_contraction,4.3158845362384435,4.44337223099028,4.379628383614362,0.18212527821691046,range_poc,spec,long,4.4343,4.3158845362384435,4.284012612550484
NFLX,2008-09-30,S1_contraction,4.279283608702803,4.420505140801602,4.3498943747522025,0.20174504585542655,range_poc,spec,long,4.4114,4.279283608702803,4.243978225678104
NFLX,2008-10-30,S1_contraction,3.195495768701617,3.411091587089864,3.3032936778957405,0.3079940262689243,range_poc,spec,long,3.2543000000000006,3.195495768701617,3.141596814104555
NFLX,2008-11-11,S1_contraction,3.185376238322361,3.3949378327537407,3.290157035538051,0.29937370633054233,range_poc,spec,long,3.1457,3.185376238322361,3.1329858397145163
NFLX,2008-11-13,S1_contraction,3.18147489667433,3.398839174401772,3.290157035538051,0.3105203967534878,range_poc,spec,long,3.4799999999999995,3.18147489667433,3.12713382724247
NFLX,2008-11-14,S1_contraction,3.185136835114364,3.402768724310523,3.2939527797124435,0.31090269885165595,range_poc,spec,long,3.1470999999999996,3.185136835114364,3.130728862815324
NFLX,2008-12-03,S1_contraction,3.053995886835258,3.231828884694954,3.142912385765106,0.2540471397995654,range_poc,spec,long,3.4014,3.053995886835258,3.009537637370334
NFLX,2008-12-05,S1_contraction,3.0501125235502338,3.2357122479799783,3.142912385765106,0.265142463471063,range_poc,spec,long,3.61,3.0501125235502338,3.0037125924427976
NFLX,2008-12-26,S1_contraction,3.9584726767621863,4.130173374404759,4.044323025583473,0.24528671091796114,range_poc,spec,long,4.0657,3.9584726767621863,3.915547502351543
NFLX,2009-01-14,S1_contraction,3.9635265120700343,4.124654877491036,4.044090694780535,0.23018337917285964,range_poc,spec,long,4.22,3.9635265120700343,3.923244420714784
NFLX,2009-02-06,S1_contraction,5.083447410414305,5.264073063306341,5.173760236860323,0.2580366469886241,range_poc,spec,long,5.2857,5.083447410414305,5.038290997191296
NFLX,2009-02-18,S1_contraction,5.086443376667876,5.266035273405024,5.17623932503645,0.2565598524816417,range_poc,spec,long,5.2857,5.086443376667876,5.041545402483589
NFLX,2009-03-03,S1_contraction,5.150444923527783,5.335534578516451,5.242989751022117,0.2644137928409529,range_poc,spec,long,5.194300000000001,5.150444923527783,5.104172509780616
NFLX,2009-03-03,S3_rejection,5.162687095296987,5.347776750285655,5.255231922791321,0.2644137928409529,rejection_origin,spec,long,5.194300000000001,5.162687095296987,5.11641468154982
NFLX,2009-04-23,S1_contraction,6.102895179291632,6.3212733404185535,6.212084259855093,0.31196880160988777,range_poc,spec,long,6.4743,6.102895179291632,6.048300639009902
NFLX,2009-05-01,S1_contraction,6.146370354574072,6.3695734806116775,6.257971917592875,0.3188616086251497,range_poc,spec,long,6.3543,6.146370354574072,6.090569573064672
NFLX,2009-05-05,S1_contraction,6.14912868424968,6.36681515093607,6.257971917592875,0.31098066669484187,range_poc,spec,long,6.4443,6.14912868424968,6.094707067578083
NFLX,2009-05-06,S1_contraction,6.145385374089286,6.370558461096464,6.257971917592875,0.32167583858168264,range_poc,spec,long,6.1414,6.145385374089286,6.089092102337491
NFLX,2009-06-03,S1_contraction,5.498037100191589,5.713027492034132,5.605532296112861,0.3071291312036312,range_poc,spec,long,5.785699999999999,5.498037100191589,5.444289502230953
NFLX,2009-06-04,S1_contraction,5.492759944786321,5.704250306747476,5.5985051257668985,0.3021290885159368,range_poc,spec,long,5.8157,5.492759944786321,5.439887354296031
NFLX,2009-06-05,S1_contraction,5.4934437826102,5.703566468923597,5.5985051257668985,0.3001752661619971,range_poc,spec,long,5.5986,5.4934437826102,5.4409131110318505
NFLX,2009-06-11,S1_contraction,5.452543429080451,5.643366870875542,5.547955149977996,0.2726049168501314,range_poc,spec,long,5.3914,5.452543429080451,5.404837568631677
NFLX,2009-06-15,S1_contraction,5.460206753905953,5.649196779959051,5.554701766932502,0.2699857515044266,range_poc,spec,long,5.451399999999999,5.460206753905953,5.412959247392679
NFLX,2009-06-17,S1_contraction,5.509232866464601,5.70360521613702,5.606419041300811,0.2776747852463117,range_poc,spec,long,5.771399999999999,5.509232866464601,5.460639779046497
NFLX,2009-06-30,S1_contraction,5.656358233556882,5.820727334602368,5.738542784079625,0.23481300149355153,range_poc,spec,long,5.9057,5.656358233556882,5.615265958295511
NFLX,2009-07-01,S1_contraction,5.682961052324359,5.848981547411984,5.765971299868172,0.23717213583946392,range_poc,spec,long,5.802899999999999,5.682961052324359,5.641455928552452
NFLX,2009-08-10,S1_contraction,6.235133039026338,6.391306764141659,6.313219901583999,0.22310532159331622,range_poc,spec,long,6.5428999999999995,6.235133039026338,6.196089607747508
NFLX,2009-08-14,S1_contraction,6.237100084405793,6.389339718762204,6.313219901583999,0.21748519193772892,range_poc,spec,long,6.3557,6.237100084405793,6.199040175816691
NFLX,2009-08-24,S1_contraction,6.1852183135319265,6.3333925813375025,6.2593054474347145,0.2116775254365379,range_poc,spec,long,6.3314,6.1852183135319265,6.1481747465805325
NFLX,2009-08-28,S1_contraction,6.286156535298993,6.430725775807932,6.358441155553463,0.20652748644134136,range_poc,spec,long,6.3171,6.286156535298993,6.250014225171758
NFLX,2009-09-01,S1_contraction,6.284272537292169,6.4326097738147565,6.358441155553463,0.2119103378894101,range_poc,spec,long,6.021399999999999,6.284272537292169,6.247188228161521
NFLX,2009-10-01,S1_contraction,6.315926295684477,6.456216948968773,6.386071622326625,0.20041521897756542,range_poc,spec,long,6.374299999999999,6.315926295684477,6.280853632363403
NFLX,2009-10-12,S1_contraction,6.527277451183371,6.6701181476492,6.598697799416286,0.20405813780832585,range_poc,spec,long,6.58,6.527277451183371,6.491567277066914
NFLX,2009-10-23,S3_rejection,6.975689212037739,7.146625127678565,7.061157169858152,0.2441941652011792,rejection_origin,spec,long,7.8414,6.975689212037739,6.932955233127533
NFLX,2009-11-06,S1_contraction,7.660480518397512,7.856630624755328,7.75855557157642,0.2802144376540229,range_poc,spec,long,7.980000000000001,7.660480518397512,7.611442991808058
NFLX,2009-11-27,S1_contraction,7.642747761469584,7.857983205322496,7.75036548339604,0.3074792055041589,range_poc,spec,long,8.2643,7.642747761469584,7.588938900506356
NFLX,2010-01-13,S1_contraction,7.590958911646188,7.767724160534991,7.67934153609059,0.2525217841268608,range_poc,spec,long,7.7086,7.590958911646188,7.546767599423988
NFLX,2010-01-14,S1_contraction,7.477126778227967,7.657259004185856,7.567192891206911,0.25733175136841413,range_poc,spec,long,7.284300000000001,7.477126778227967,7.432093721738495
NFLX,2010-01-20,S1_contraction,7.483535246858597,7.654534544581459,7.569034895720028,0.24428471103265992,range_poc,spec,long,7.32,7.483535246858597,7.440785422427882
NFLX,2010-01-22,S1_contraction,7.482318596942466,7.65575119449759,7.569034895720028,0.2477608536501778,range_poc,spec,long,7.27,7.482318596942466,7.4389604475536855
NFLX,2010-02-12,S1_contraction,8.745340474880267,8.977068684996796,8.861204579938532,0.3310403001664686,range_poc,spec,long,9.0257,8.745340474880267,8.687408422351135
NFLX,2010-05-06,S1_contraction,14.17377122586464,14.604562640300573,14.389166933082606,0.61541630633705,range_poc,spec,long,13.8528,14.17377122586464,14.066073372255655
NFLX,2010-07-16,S1_contraction,16.568660789514958,17.11081116558106,16.83973597754801,0.7745005372372901,range_poc,spec,long,16.9128,16.568660789514958,16.433123195498432
NFLX,2010-09-30,S4_failed_break,23.078921645648755,23.63843476567566,23.35867820566221,0.7993044571812937,range_poc,spec,long,23.1657,23.078921645648755,22.93904336564203
NFLX,2010-10-20,S1_contraction,21.71232932321899,22.30432271951211,22.00832602136555,0.8457048518473124,range_poc,spec,long,21.8785,21.71232932321899,21.56433097414571
NFLX,2010-11-12,S1_contraction,23.95322121031524,24.645472716526236,24.29934696342074,0.988930723158561,range_poc,spec,long,24.7143,23.95322121031524,23.780158333762493
NFLX,2010-11-17,S1_contraction,23.87637145971952,24.544272968568098,24.210322214143808,0.9541450126408332,range_poc,spec,long,23.8114,23.87637145971952,23.709396082507375
NFLX,2010-12-23,S1_contraction,25.564087319371545,26.28077952929121,25.922433424331377,1.0238460141709467,range_poc,spec,long,26.3685,25.564087319371545,25.384914266891627
NFLX,2011-01-03,S1_contraction,25.541029382880417,26.25173691556781,25.896383149224114,1.0152964752677043,range_poc,spec,long,25.487100000000005,25.541029382880417,25.36335249970857
NFLX,2011-01-20,S1_contraction,25.3968891977275,25.980604107048325,25.688746652387913,0.833878441886897,range_poc,spec,long,26.428499999999996,25.3968891977275,25.250960470397295
NFLX,2011-01-21,S1_contraction,25.404439045302873,25.973054259472953,25.688746652387913,0.8123074488143975,range_poc,spec,long,26.012799999999995,25.404439045302873,25.262285241760353
NFLX,2011-03-04,S1_contraction,29.755779575338973,30.591186853232454,30.173483214285714,1.1934389684192597,range_poc,spec,long,30.102800000000002,29.755779575338973,29.546927755865603
NFLX,2011-05-05,S1_contraction,33.232851180512434,34.013983135944464,33.62341715822845,1.1159027934743302,range_poc,spec,long,32.9014,33.232851180512434,33.03756819165443
NFLX,2011-05-06,S1_contraction,33.23728433340826,34.009549983048636,33.62341715822845,1.1032366423433821,range_poc,spec,long,32.7814,33.23728433340826,33.044217920998165
NFLX,2011-05-09,S1_contraction,33.23411798150166,34.012716334955236,33.62341715822845,1.1122833620765447,range_poc,spec,long,33.7728,33.23411798150166,33.039468393138264
NFLX,2011-07-25,S1_contraction,40.21346072519502,41.17225720725075,40.692858966222886,1.3697092600796192,range_poc,spec,long,40.2185,40.21346072519502,39.97376160468109
NFLX,2011-09-12,S4_failed_break,29.77085931157527,30.967276301374408,30.36906780647484,1.7091671282844845,range_poc,spec,long,30.0071,29.77085931157527,29.47175506412548
NFLX,2011-10-10,S1_contraction,17.791937493318343,18.955711239594905,18.373824366456624,1.6625339232522316,range_poc,spec,long,15.9457,17.791937493318343,17.500994056749203
NFLX,2011-11-16,S1_contraction,10.95750308420496,11.677513324963462,11.317508204584211,1.0285860582264321,range_poc,spec,long,11.5971,10.95750308420496,10.777500524015334
NFLX,2011-12-08,S1_contraction,9.689466395471749,10.153641194840189,9.921553795155969,0.6631068562406275,range_poc,spec,long,9.9171,9.689466395471749,9.573422695629638
NFLX,2011-12-14,S1_contraction,9.682484096626332,10.160623493685605,9.921553795155969,0.6830562815132489,range_poc,spec,long,10.1486,9.682484096626332,9.562949247361514
NFLX,2011-12-27,S1_contraction,9.71060369796658,10.1310711257223,9.92083741184444,0.600667753936742,range_poc,spec,long,10.0851,9.71060369796658,9.605486841027648
NFLX,2012-01-04,S2_trend_cluster,9.87341857563116,10.293704315881282,10.08356144575622,0.6004082003573165,trend_cluster,spec,long,11.4928,9.87341857563116,9.768347140568629
NFLX,2012-04-03,S1_contraction,15.43105327782408,15.908276177557521,15.669664727690801,0.6817469996191997,range_poc,spec,long,16.1371,15.43105327782408,15.31174755289072
NFLX,2012-04-17,S1_contraction,14.886176328731064,15.342417719448388,15.114297024089726,0.6517734153104603,range_poc,spec,long,15.288599999999999,14.886176328731064,14.772115981051734
NFLX,2012-07-19,S1_contraction,11.697555975664294,12.022224294824724,11.859890135244509,0.463811884514899,range_poc,spec,long,11.874299999999998,11.697555975664294,11.616388895874186
NFLX,2012-09-04,S1_contraction,7.9782721039450815,8.310779239663848,8.144525671804464,0.4750101938839518,range_poc,spec,long,7.989999999999999,7.9782721039450815,7.89514532001539
NFLX,2012-09-21,S1_contraction,7.996459583389966,8.245810165085642,8.121134874237804,0.35621511670810685,range_poc,spec,long,8.2557,7.996459583389966,7.934121937966047
NFLX,2012-10-23,S1_contraction,9.31055153036429,9.628651755501032,9.46960164293266,0.4544288930524916,range_poc,spec,long,9.7457,9.31055153036429,9.231026474080103
NFLX,2012-10-31,S3_rejection,9.275921808728672,9.695709609356896,9.485815709042784,0.5996968580403226,rejection_origin,spec,long,11.3199,9.275921808728672,9.170974858571615
NFLX,2012-11-26,S1_contraction,11.046437857879278,11.453877132458194,11.250157495168736,0.5820561065413098,range_poc,spec,long,11.722800000000001,11.046437857879278,10.94457803923455
NFLX,2012-11-30,S1_contraction,11.047903530870933,11.45241145946654,11.250157495168736,0.5778684694222938,range_poc,spec,long,11.6728,11.047903530870933,10.946776548722031
NFLX,2012-12-03,S1_contraction,11.042420422239333,11.457894568098139,11.250157495168736,0.593534494084006,range_poc,spec,long,10.857100000000003,11.042420422239333,10.938551885774633
NFLX,2012-12-04,S1_contraction,11.070965449117795,11.521806163047524,11.29638580608266,0.644058162756754,range_poc,spec,long,12.3784,11.070965449117795,10.958255270635362
NFLX,2013-03-04,S1_contraction,25.662629798652002,26.710850032002266,26.186739915327134,1.4974574762146584,range_poc,spec,long,25.8871,25.662629798652002,25.400574740314436
NFLX,2013-03-15,S1_contraction,25.640775593474576,26.425524642478944,26.03315011797676,1.1210700700062444,range_poc,spec,long,26.4071,25.640775593474576,25.444588331223486
NFLX,2013-04-01,S1_contraction,25.885249130814024,26.618604394331008,26.251926762572516,1.0476503764528293,range_poc,spec,long,26.0614,25.885249130814024,25.70191031493478
NFLX,2013-05-28,S1_contraction,30.619939644143027,31.567719508554628,31.093829576348828,1.3539712348737183,range_poc,spec,long,30.598500000000005,30.619939644143027,30.382994678040127
NFLX,2013-06-06,S1_contraction,30.5901661687049,31.436980251272292,31.013573209988596,1.2097344036677067,range_poc,spec,long,31.1057,30.5901661687049,30.378462648063053
NFLX,2013-06-13,S1_contraction,30.78492515705267,31.669176255282963,31.227050706167816,1.2632158546147048,range_poc,spec,long,30.770000000000003,30.78492515705267,30.563862382495095
NFLX,2013-07-01,S1_contraction,32.052061575295994,32.973379548537395,32.512720561916694,1.316168533202005,range_poc,spec,long,32.04,32.052061575295994,31.821732081985644
NFLX,2013-08-07,S1_contraction,34.78586203078834,35.651740268433585,35.21880114961096,1.2369689109217816,range_poc,spec,long,35.6014,34.78586203078834,34.56939247137703
NFLX,2013-09-23,S1_contraction,43.241874044291556,44.13310761008476,43.68749082718816,1.2731908082760097,range_poc,spec,long,43.14849999999999,43.241874044291556,43.01906565284325
NFLX,2013-09-23,S4_failed_break,43.34362844259628,44.23486200838948,43.78924522549288,1.2731908082760097,range_poc,spec,long,43.14849999999999,43.34362844259628,43.12082005114797
NFLX,2013-09-30,S1_contraction,43.321893222890864,44.191119437007956,43.75650632994941,1.2417517344529856,range_poc,spec,long,44.1728,43.321893222890864,43.104586669361595
NFLX,2013-11-25,S1_contraction,50.13909936354796,51.298120301917486,50.718609832732724,1.6557441976707534,range_poc,spec,long,50.0342,50.13909936354796,49.84934412895558
NFLX,2013-12-03,S1_contraction,50.124590318481644,51.22927951895959,50.67693491872062,1.5781274292542091,range_poc,spec,long,51.8485,50.124590318481644,49.84841801836215
NFLX,2014-01-23,S1_contraction,53.29855976400174,54.45223327004891,53.87539651702532,1.6481050086388138,range_poc,spec,long,55.531400000000005,53.29855976400174,53.010141387489945
NFLX,2014-03-10,S1_contraction,60.9926261495893,62.161351510294836,61.57698882994207,1.669607658150768,range_poc,spec,long,62.8499,60.9926261495893,60.700444809412915
NFLX,2014-03-12,S1_contraction,61.18575166325903,62.26534348408665,61.72554757367284,1.542274029753745,range_poc,spec,long,62.3685,61.18575166325903,60.915853708052126
NFLX,2014-03-18,S1_contraction,60.8909152695845,61.97932478148131,61.4351200255329,1.554870731281153,range_poc,spec,long,60.0357,60.8909152695845,60.61881289161029
NFLX,2014-03-20,S1_contraction,61.251580054361995,62.33938454638677,61.79548230037438,1.5540064171782417,range_poc,spec,long,60.6099,61.251580054361995,60.979628931355805
NFLX,2014-03-21,S1_contraction,60.944913908907424,62.073085009110144,61.508999459008784,1.6116730002895985,range_poc,spec,long,57.99850000000001,60.944913908907424,60.66287113385674
NFLX,2014-05-12,S1_contraction,48.26638230655217,49.899501013122084,49.082941659837125,2.3330267236713014,range_poc,spec,long,49.35000000000001,48.26638230655217,47.85810262990969
NFLX,2014-05-15,S1_contraction,48.28116637782567,49.88471694184858,49.082941659837125,2.290786520032726,range_poc,spec,long,49.169999999999995,48.28116637782567,47.880278736819946
NFLX,2014-07-22,S1_contraction,62.55793552677628,63.767852424400864,63.162893975588574,1.728452710892249,range_poc,spec,long,61.58420000000001,62.55793552677628,62.255456302370135
NFLX,2014-08-07,S1_contraction,62.62118692011095,63.837599621066495,63.22939327058872,1.7377324299364962,range_poc,spec,long,64.2385,62.62118692011095,62.317083744872065
NFLX,2014-09-11,S1_contraction,67.6918900727997,68.63089754230204,68.16139380755087,1.3414392421462047,range_poc,spec,long,68.7942,67.6918900727997,67.45713820542412
NFLX,2015-01-05,S1_contraction,48.202547420402,49.23541623319488,48.71898182679844,1.4755268754183968,range_poc,spec,long,47.3114,48.202547420402,47.94433021720378
NFLX,2015-01-16,S1_contraction,47.1306255307099,48.173422422024565,47.65202397636723,1.4897098447352337,range_poc,spec,long,48.1914,47.1306255307099,46.86992630788123
NFLX,2015-02-11,S1_contraction,63.20088337046249,64.55842801297166,63.879655691717076,1.9393494892988195,range_poc,spec,long,64.9842,63.20088337046249,62.8614972098352
NFLX,2015-02-12,S1_contraction,63.19441337114559,64.56489801228857,63.879655691717076,1.9578352016328127,range_poc,spec,long,65.2471,63.19441337114559,62.85179221085985
NFLX,2015-05-01,S1_contraction,79.81651952724158,81.21582267981813,80.51617110352986,1.9990045036807986,range_poc,spec,long,79.5756,79.81651952724158,79.46669373909745
NFLX,2015-05-05,S1_contraction,79.92037368265015,81.36843247940966,80.6444030810299,2.0686554239421646,range_poc,spec,long,80.7928,79.92037368265015,79.55835898346027
NFLX,2015-06-08,S1_contraction,88.55988249135142,89.69362674898015,89.12675462016578,1.619634653755315,range_poc,spec,long,89.6042,88.55988249135142,88.27644642694423
NFLX,2015-06-08,S4_failed_break,88.51731184470728,89.65105610233601,89.08418397352165,1.619634653755315,range_poc,spec,long,89.6042,88.51731184470728,88.2338757803001
NFLX,2015-06-10,S3_rejection,92.1055973582986,93.39218980248292,92.74889358039076,1.8379892059775969,rejection_origin,spec,long,95.8713,92.1055973582986,91.78394924725251
NFLX,2015-07-17,S4_failed_break,115.16856296073561,117.33731681856639,116.252939889651,3.0982197969010943,range_poc,spec,long,114.77,115.16856296073561,114.62637449627792
NFLX,2015-08-20,S1_contraction,110.02493266763257,113.46582354624734,111.74537810693995,4.915558398021091,range_poc,spec,long,112.49,110.02493266763257,109.16470994797888
NFLX,2015-09-16,S1_contraction,100.32920666666666,104.97296,102.65108333333333,6.633933333333332,range_poc,spec,long,104.08,100.32920666666666,99.16826833333333
NFLX,2015-10-02,S1_contraction,100.458135,104.95603166666666,102.70708333333333,6.4255666666666675,range_poc,spec,long,106.11,100.458135,99.33366083333334
NFLX,2015-10-27,S1_contraction,97.95729000000001,101.41221,99.68475000000001,4.935600000000002,range_poc,spec,long,103.07,97.95729000000001,97.09356000000002
NFLX,2015-11-12,S1_contraction,107.79138333333334,111.14811666666667,109.46975,4.795333333333334,range_poc,spec,long,108.92,107.79138333333334,106.9522
NFLX,2015-11-16,S1_contraction,107.7488,111.1907,109.46975,4.917000000000002,range_poc,spec,long,111.35,107.7488,106.88832500000001
NFLX,2015-12-07,S1_contraction,121.7025,125.06833333333334,123.38541666666667,4.808333333333334,range_poc,spec,long,125.36,121.7025,120.86104166666667
NFLX,2015-12-09,S1_contraction,121.30685000000001,124.81665000000002,123.06175000000002,5.014,range_poc,spec,long,124.2,121.30685000000001,120.42940000000002
NFLX,2016-02-18,S1_contraction,89.32665200000001,93.79984800000001,91.56325000000001,6.390280000000001,range_poc,spec,long,90.49,89.32665200000001,88.20835300000002
NFLX,2016-05-18,S1_contraction,89.14090216666666,91.47759783333332,90.30924999999999,3.3381366666666676,range_poc,spec,long,90.5,89.14090216666666,88.55672824999999
NFLX,2016-09-13,S1_contraction,94.85249699999999,96.29583633333333,95.57416666666666,2.061913333333334,range_poc,spec,long,96.09,94.85249699999999,94.49166216666666
NFLX,2016-09-19,S1_contraction,97.12148583333332,98.52184749999999,97.82166666666666,2.0005166666666665,range_poc,spec,long,98.06,97.12148583333332,96.77139541666665
NFLX,2016-12-05,S1_contraction,117.15996066666666,119.398206,118.27908333333333,3.1974933333333335,range_poc,spec,long,119.16,117.15996066666666,116.60039933333333
NFLX,2017-01-03,S1_contraction,124.816425,126.84024166666667,125.82833333333333,2.8911666666666664,range_poc,spec,long,127.49,124.816425,124.31047083333333
NFLX,2017-01-04,S1_contraction,124.68930833333333,126.72969166666665,125.70949999999999,2.914833333333333,range_poc,spec,long,129.41,124.68930833333333,124.1792125
NFLX,2017-01-30,S1_contraction,138.36838683333335,140.65877983333334,139.51358333333334,3.2719899999999997,range_poc,spec,long,141.22,138.36838683333335,137.79578858333335
NFLX,2017-01-31,S1_contraction,138.3958035,140.6313631666667,139.51358333333334,3.193656666666667,range_poc,spec,long,140.71,138.3958035,137.83691358333334
NFLX,2017-02-14,S1_contraction,138.54082083333333,140.73584583333331,139.63833333333332,3.135749999999999,range_poc,spec,long,140.82,138.54082083333333,137.99206458333333
NFLX,2017-02-16,S1_contraction,139.52713749999998,141.61202916666667,140.56958333333333,2.9784166666666665,range_poc,spec,long,142.01,139.52713749999998,139.00591458333332
NFLX,2017-02-23,S1_contraction,139.5848875,141.55427916666665,140.56958333333333,2.813416666666666,range_poc,spec,long,142.78,139.5848875,139.09253958333335
NFLX,2017-02-24,S1_contraction,139.58771666666667,141.55145,140.56958333333333,2.805333333333332,range_poc,spec,long,143.25,139.58771666666667,139.09678333333335
NFLX,2017-03-02,S1_contraction,139.74845,141.59621666666663,140.6723333333333,2.6396666666666646,range_poc,spec,long,139.53,139.74845,139.28650833333333
NFLX,2017-03-06,S1_contraction,139.82988333333333,141.5147833333333,140.6723333333333,2.4069999999999983,range_poc,spec,long,141.94,139.82988333333333,139.40865833333334
NFLX,2017-03-07,S1_contraction,139.83174999999997,141.51291666666665,140.6723333333333,2.401666666666665,range_poc,spec,long,141.43,139.83174999999997,139.41145833333331
NFLX,2017-03-09,S1_contraction,140.97258333333332,142.59658333333334,141.78458333333333,2.319999999999999,range_poc,spec,long,140.53,140.97258333333332,140.5665833333333
NFLX,2017-03-10,S1_contraction,140.98635,142.58281666666667,141.78458333333333,2.2806666666666655,range_poc,spec,long,140.89,140.98635,140.5872333333333
NFLX,2017-03-14,S1_contraction,141.00933333333333,142.55983333333333,141.78458333333333,2.2150000000000007,range_poc,spec,long,143.19,141.00933333333333,140.62170833333334
NFLX,2017-03-21,S4_failed_break,141.63106666666667,143.26626666666667,142.44866666666667,2.3360000000000003,range_poc,spec,long,142.42,141.63106666666667,141.22226666666666
NFLX,2017-04-10,S1_contraction,141.03403333333333,142.67413333333334,141.85408333333334,2.343000000000001,range_poc,spec,long,143.85,141.03403333333333,140.62400833333334
NFLX,2017-04-17,S1_contraction,143.67270000000002,145.3548,144.51375000000002,2.403000000000002,range_poc,spec,long,147.25,143.67270000000002,143.25217500000002
NFLX,2017-04-18,S1_contraction,143.62953333333334,145.3979666666667,144.51375000000002,2.526333333333335,range_poc,spec,long,143.36,143.62953333333334,143.18742500000002
NFLX,2017-04-18,S3_rejection,143.72569722222224,145.49413055555559,144.6099138888889,2.526333333333335,rejection_origin,spec,long,143.36,143.72569722222224,143.28358888888891
NFLX,2017-06-09,S1_contraction,156.63679999999997,158.78369999999998,157.71024999999997,3.066999999999999,range_poc,spec,long,158.03,156.63679999999997,156.10007499999995
NFLX,2017-06-27,S1_contraction,152.34343333333337,154.97706666666667,153.66025000000002,3.7623333333333346,range_poc,spec,long,151.03,152.34343333333337,151.68502500000005
NFLX,2017-06-28,S1_contraction,152.31741666666667,155.00308333333336,153.66025000000002,3.8366666666666673,range_poc,spec,long,153.41,152.31741666666667,151.64600000000002
NFLX,2017-07-10,S1_contraction,151.35840000000002,154.10660000000001,152.73250000000002,3.926,range_poc,spec,long,152.67,151.35840000000002,150.67135000000002
NFLX,2017-08-01,S1_contraction,183.1397833333333,186.47271666666666,184.80624999999998,4.761333333333329,range_poc,spec,long,182.03,183.1397833333333,182.30654999999996
NFLX,2017-10-04,S1_contraction,181.15274999999997,184.0355833333333,182.59416666666664,4.118333333333334,range_poc,spec,long,184.45,181.15274999999997,180.43204166666663
NFLX,2017-10-17,S1_contraction,196.88795,200.12288333333333,198.50541666666666,4.621333333333333,range_poc,spec,long,199.48,196.88795,196.07921666666664
NFLX,2017-10-26,S1_contraction,196.0349666666667,199.2738666666667,197.6544166666667,4.626999999999998,range_poc,spec,long,195.21,196.0349666666667,195.2252416666667
NFLX,2017-10-27,S1_contraction,196.01233333333334,199.29650000000004,197.6544166666667,4.691666666666665,range_poc,spec,long,199.54,196.01233333333334,195.19129166666667
NFLX,2017-11-08,S1_contraction,196.5682,199.6818,198.125,4.447999999999997,range_poc,spec,long,196.44,196.5682,195.78979999999999
NFLX,2017-11-16,S1_contraction,196.7892,199.8188,198.304,4.327999999999998,range_poc,spec,long,195.51,196.7892,196.03179999999998
NFLX,2017-11-21,S1_contraction,197.11618333333334,199.98781666666665,198.552,4.1023333333333305,range_poc,spec,long,196.23,197.11618333333334,196.398275
NFLX,2017-11-29,S1_contraction,193.88239999999996,196.85226666666665,195.3673333333333,4.242666666666666,range_poc,spec,long,188.15,193.88239999999996,193.1399333333333
NFLX,2017-11-29,S3_rejection,193.82196944444442,196.7918361111111,195.30690277777776,4.242666666666666,rejection_origin,spec,long,188.15,193.82196944444442,193.07950277777775
NFLX,2018-03-01,S1_contraction,276.63285866666666,284.416308,280.52458333333334,11.119213333333331,range_poc,spec,long,290.39,276.63285866666666,274.68699633333335
NFLX,2018-03-02,S1_contraction,275.76687533333336,283.8751246666667,279.821,11.583213333333333,range_poc,spec,long,301.05,275.76687533333336,273.739813
NFLX,2018-03-14,S1_contraction,319.29521616666665,327.45961716666665,323.37741666666665,11.663430000000002,range_poc,spec,long,321.55,319.29521616666665,317.25411591666665
NFLX,2018-03-20,S1_contraction,316.2457761666667,323.9843905,320.11508333333336,11.055163333333333,range_poc,spec,long,317.5,316.2457761666667,314.3111225833334
NFLX,2018-03-26,S1_contraction,315.48379500000004,322.73320500000005,319.10850000000005,10.3563,range_poc,spec,long,320.35,315.48379500000004,313.6714425
NFLX,2018-04-13,S1_contraction,315.3873955,324.33235950000005,319.85987750000004,12.778519999999995,range_poc,spec,long,311.65,315.3873955,313.1511545
NFLX,2018-04-17,S1_contraction,318.9171288333334,327.9946261666667,323.45587750000004,12.96785333333333,range_poc,spec,long,336.06,318.9171288333334,316.6477545
NFLX,2018-07-13,S1_contraction,388.97275383333334,397.61068616666665,393.29172,12.339903333333329,range_poc,spec,long,395.8,388.97275383333334,386.81327075
NFLX,2018-09-05,S1_contraction,337.059126,345.1873323333333,341.12322916666665,11.611723333333341,range_poc,spec,long,341.18,337.059126,335.02707441666666
NFLX,2018-10-04,S1_contraction,363.2787693333333,372.09360566666663,367.68618749999996,12.592623333333334,range_poc,spec,long,363.65,363.2787693333333,361.07506025
NFLX,2018-12-12,S1_contraction,277.90935,289.09806833333334,283.5037091666667,15.983883333333337,range_poc,spec,long,274.88,277.90935,275.1121704166667
NFLX,2018-12-13,S1_contraction,278.04754983333333,288.9598685,283.5037091666667,15.58902666666667,range_poc,spec,long,276.02,278.04754983333333,275.31947016666663
NFLX,2018-12-18,S1_contraction,266.014214,276.3782343333333,271.19622416666664,14.805743333333337,range_poc,spec,long,270.94,266.014214,263.4232089166667
NFLX,2019-02-13,S1_contraction,347.75217399999997,356.734826,352.2435,12.832360000000005,range_poc,spec,long,351.77,347.75217399999997,345.50651099999993
NFLX,2019-02-15,S1_contraction,347.7861228333333,356.68687716666665,352.2365,12.715363333333334,range_poc,spec,long,356.87,347.7861228333333,345.56093424999995
NFLX,2019-02-26,S1_contraction,352.13725050000005,359.9902495,356.06375,11.218570000000003,range_poc,spec,long,364.97,352.13725050000005,350.17400075000006
NFLX,2019-02-27,S1_contraction,352.1399338333334,359.9875661666667,356.06375,11.210903333333336,range_poc,spec,long,362.87,352.1399338333334,350.1780257500001
NFLX,2019-02-28,S1_contraction,352.3219221666667,359.80557783333336,356.06375,10.690936666666667,range_poc,spec,long,358.1,352.3219221666667,350.45100825000003
NFLX,2019-03-05,S1_contraction,355.92113166666667,363.2583683333333,359.58975,10.481766666666669,range_poc,spec,long,354.3,355.92113166666667,354.08682250000004
NFLX,2019-03-06,S1_contraction,356.036515,363.14298499999995,359.58975,10.152099999999999,range_poc,spec,long,359.61,356.036515,354.2598975
NFLX,2019-03-11,S1_contraction,356.10499,363.03856,359.571775,9.905100000000001,range_poc,spec,long,358.86,356.10499,354.3715975
NFLX,2019-03-22,S1_contraction,356.77004300000004,363.6466236666667,360.20833333333337,9.823686666666664,range_poc,spec,long,361.01,356.77004300000004,355.05089783333335
NFLX,2019-03-26,S1_contraction,356.36129416666665,363.28220583333336,359.82175,9.887016666666666,range_poc,spec,long,359.97,356.36129416666665,354.63106625
NFLX,2019-04-12,S1_contraction,358.9298713333334,365.58429533333333,362.25708333333336,9.506319999999997,range_poc,spec,long,351.14,358.9298713333334,357.2662653333334
NFLX,2019-05-07,S1_contraction,362.50136783333335,369.40196549999996,365.95166666666665,9.857996666666663,range_poc,spec,long,370.46,362.50136783333335,360.77621841666667
NFLX,2019-05-21,S1_contraction,350.63359099999997,358.16307566666666,354.3983333333333,10.756406666666662,range_poc,spec,long,354.27,350.63359099999997,348.75121983333327
NFLX,2019-07-12,S1_contraction,367.30436083333336,373.55513916666666,370.42975,8.92968333333334,range_poc,spec,long,373.25,367.30436083333336,365.74166625000004
NFLX,2019-09-05,S4_failed_break,293.62759016666666,300.17990983333334,296.90375,9.360456666666659,range_poc,spec,long,293.25,293.62759016666666,291.98951024999997
NFLX,2019-09-09,S1_contraction,295.18761366666666,301.6648863333333,298.42625,9.253246666666659,range_poc,spec,long,294.34,295.18761366666666,293.5682955
NFLX,2019-09-11,S1_contraction,289.58903033333337,296.19346966666666,292.89125,9.434913333333325,range_poc,spec,long,288.27,289.58903033333337,287.9379205
NFLX,2019-09-18,S1_contraction,289.402477,295.7391896666667,292.5708333333333,9.052446666666663,range_poc,spec,long,291.56,289.402477,287.8182988333333
NFLX,2019-11-05,S1_contraction,284.9508833333333,291.26161666666667,288.10625,9.015333333333341,range_poc,spec,long,288.03,284.9508833333333,283.3732
NFLX,2019-11-12,S1_contraction,285.4049333333333,291.5654,288.48516666666666,8.800666666666674,range_poc,spec,long,292.01,285.4049333333333,283.8648166666666
NFLX,2019-11-14,S1_contraction,285.41394999999994,291.5877166666666,288.5008333333333,8.819666666666675,range_poc,spec,long,289.62,285.41394999999994,283.8705083333333
NFLX,2020-03-30,S1_contraction,364.24093849999997,379.7698948333333,372.00541666666663,22.184223333333332,range_poc,spec,long,370.96,364.24093849999997,360.35869941666664
NFLX,2020-05-04,S1_contraction,418.1651068333333,431.2173931666666,424.69124999999997,18.64612333333334,range_poc,spec,long,428.15,418.1651068333333,414.90203525
NFLX,2020-05-08,S1_contraction,421.9419595,433.6640405,427.803,16.745830000000005,range_poc,spec,long,435.55,421.9419595,419.01143924999997
NFLX,2020-05-12,S1_contraction,421.58759399999997,432.980906,427.28425,16.276160000000004,range_poc,spec,long,431.82,421.58759399999997,418.73926599999993
NFLX,2020-05-21,S1_contraction,425.19678733333336,436.77821266666666,430.9875,16.544893333333338,range_poc,spec,long,436.25,425.19678733333336,422.30143100000004
NFLX,2020-06-05,S1_contraction,416.587579,426.176921,421.38225,13.69906,range_poc,spec,long,419.6,416.587579,414.1902435
NFLX,2020-07-27,S1_contraction,489.58289816666667,503.8766718333333,496.729785,20.41967666666666,range_poc,spec,long,495.65,489.58289816666667,486.00945475000003
NFLX,2020-08-07,S1_contraction,485.8756398333333,500.14986016666666,493.01275,20.391743333333334,range_poc,spec,long,494.73,485.8756398333333,482.30708474999994
NFLX,2020-08-13,S1_contraction,484.20000566666664,497.8689943333333,491.0345,19.527126666666664,range_poc,spec,long,481.33,484.20000566666664,480.7827585
NFLX,2020-08-14,S1_contraction,487.9281296666667,501.395537,494.66183333333333,19.239153333333334,range_poc,spec,long,482.68,487.9281296666667,484.56127783333335
NFLX,2020-08-18,S1_contraction,488.12074633333333,501.20292033333334,494.66183333333333,18.688819999999996,range_poc,spec,long,491.87,488.12074633333333,484.85020283333336
NFLX,2020-08-26,S2_trend_cluster,486.19771383333335,497.7711195,491.9844166666667,16.533436666666663,trend_cluster,spec,long,547.53,486.19771383333335,483.30436241666666
NFLX,2020-09-04,S1_contraction,487.06082716666674,499.0288811666667,493.0448541666667,17.097219999999993,range_poc,spec,long,516.05,487.06082716666674,484.06881366666676
NFLX,2020-09-21,S1_contraction,478.6863908333334,492.8478341666667,485.76711250000005,20.23063333333333,range_poc,spec,long,487.35,478.6863908333334,475.1460300000001
NFLX,2020-09-25,S1_contraction,478.6799426666667,492.8542823333334,485.76711250000005,20.249056666666664,range_poc,spec,long,482.88,478.6799426666667,475.13635775
NFLX,2020-10-07,S1_contraction,514.044872,529.9349863333333,521.9899291666667,22.70016333333333,range_poc,spec,long,534.66,514.044872,510.07234341666674
NFLX,2020-10-30,S1_contraction,481.8586823333333,495.0188176666666,488.43874999999997,18.800193333333333,range_poc,spec,long,475.74,481.8586823333333,478.5686485
NFLX,2020-11-02,S1_contraction,483.16465733333337,496.0878426666667,489.62625,18.461693333333333,range_poc,spec,long,484.12,483.16465733333337,479.93386100000004
NFLX,2020-11-09,S1_contraction,483.9602548333333,497.9132451666666,490.93674999999996,19.932843333333334,range_poc,spec,long,470.5,483.9602548333333,480.47200724999993
NFLX,2021-02-24,S1_contraction,549.7731113333334,563.2635953333333,556.5183533333334,19.272119999999997,range_poc,spec,long,553.41,549.7731113333334,546.4004903333334
NFLX,2021-03-01,S1_contraction,542.4951141666667,555.9722025,549.2336583333333,19.25298333333333,range_poc,spec,long,550.64,542.4951141666667,539.1258420833333
NFLX,2021-04-21,S1_contraction,507.3884615,518.2968718333334,512.8426666666667,15.583443333333344,range_poc,spec,long,508.9,507.3884615,504.66135891666664
NFLX,2021-05-07,S1_contraction,503.20143866666666,512.0240613333333,507.61275,12.603746666666673,range_poc,spec,long,503.84,503.20143866666666,500.995783
NFLX,2021-05-24,S1_contraction,500.4242801666667,509.08471983333334,504.7545,12.372056666666676,range_poc,spec,long,502.9,500.4242801666667,498.25917025
NFLX,2021-06-04,S1_contraction,499.6467541666667,506.5987458333334,503.12275000000005,9.931416666666669,range_poc,spec,long,494.74,499.6467541666667,497.90875625
NVDA,1999-03-26,S1_contraction,1.5647256624975152,1.6484409164498532,1.6065832894736842,0.11959321993191138,range_poc,spec,long,1.6135,1.5647256624975152,1.5437968490094307
NVDA,1999-03-31,S1_contraction,1.606511102342065,1.6888596871316188,1.647685394736842,0.11764083541364823,range_poc,spec,long,1.6282,1.606511102342065,1.5859239561446765
NVDA,1999-04-07,S1_contraction,1.6077958096425264,1.6875749798311575,1.647685394736842,0.11397024312661594,range_poc,spec,long,1.6182,1.6077958096425264,1.5878510170953688
NVDA,1999-05-10,S1_contraction,1.3699116483606981,1.4305429778199996,1.4002273130903489,0.08661618494185927,range_poc,spec,long,1.3485000000000003,1.3699116483606981,1.3547538159958727
NVDA,1999-05-11,S1_contraction,1.3679029130531732,1.429216126760909,1.398559519907041,0.0875903052967652,range_poc,spec,long,1.4209,1.3679029130531732,1.3525746096262394
NVDA,1999-05-17,S1_contraction,1.4318382891422792,1.4885487149425736,1.4601935020424264,0.08101489400042056,range_poc,spec,long,1.4548,1.4318382891422792,1.4176606826922056
NVDA,1999-05-19,S1_contraction,1.4305446072724703,1.4898423968123824,1.4601935020424264,0.08471112791416004,range_poc,spec,long,1.4548,1.4305446072724703,1.4157201598874924
NVDA,1999-06-03,S1_contraction,1.2921981172549426,1.3463547348090321,1.3192764260319874,0.07736659650584202,range_poc,spec,long,1.3053,1.2921981172549426,1.2786589628664202
NVDA,1999-06-11,S1_contraction,1.2943140310195937,1.3424490734170964,1.318381552218345,0.06876434628214684,range_poc,spec,long,1.3677,1.2943140310195937,1.282280270420218
NVDA,1999-06-14,S1_contraction,1.2944312436599374,1.3423318607767527,1.318381552218345,0.06842945302402167,range_poc,spec,long,1.3099,1.2944312436599374,1.2824560893807337
NVDA,1999-06-21,S1_contraction,1.2941106626229024,1.3394400224053464,1.3167753425141244,0.06475622826063435,range_poc,spec,long,1.3292,1.2941106626229024,1.2827783226772915
NVDA,1999-07-01,S3_rejection,1.300890079032079,1.3412965037687625,1.3210932914004208,0.057723463909548106,rejection_origin,spec,long,1.397,1.300890079032079,1.290788472847908
NVDA,1999-10-19,S1_contraction,1.6068042510271594,1.6942444445990423,1.6505243478131009,0.1249145622455472,range_poc,spec,long,1.4979,1.6068042510271594,1.5849442026341887
NVDA,1999-10-26,S1_contraction,1.6153654477387698,1.7085393322435842,1.661952389991177,0.13310554929259202,range_poc,spec,long,1.7337,1.6153654477387698,1.5920719766125662
NVDA,1999-10-27,S1_contraction,1.6090557589719274,1.703344401661316,1.6562000803166217,0.13469806098484075,range_poc,spec,long,1.6567,1.6090557589719274,1.5854835982995803
NVDA,1999-10-29,S1_contraction,1.6075368159429526,1.7048633446902908,1.6562000803166217,0.13903789821048299,range_poc,spec,long,1.7052,1.6075368159429526,1.583205183756118
NVDA,1999-12-17,S1_contraction,2.873285471683197,3.0246218607792534,2.9489536662312252,0.21619484156579533,range_poc,spec,long,2.8996000000000004,2.873285471683197,2.8354513744091827
NVDA,2000-01-18,S1_contraction,3.4569931884520404,3.5954861061134613,3.526239647282751,0.19784702523060105,range_poc,spec,long,3.5397,3.4569931884520404,3.4223699590366854
NVDA,2000-02-10,S1_contraction,3.430015438248491,3.5821550941939835,3.506085266221237,0.21734236563641776,range_poc,spec,long,3.8055,3.430015438248491,3.3919805242621175
NVDA,2000-03-09,S3_rejection,6.380770737789666,6.687669155993792,6.534219946891729,0.4384263117201789,rejection_origin,spec,long,7.7501,6.380770737789666,6.304046133238634
NVDA,2000-03-10,S3_rejection,8.159608844278795,8.539996341537877,8.349802592908336,0.5434107103701166,rejection_origin,spec,long,9.1178,8.159608844278795,8.064511969964023
NVDA,2000-05-03,S1_contraction,5.851848377439265,6.464128058924373,6.157988218181819,0.8746852592644391,range_poc,spec,long,6.7224,5.851848377439265,5.698778457067988
NVDA,2000-05-10,S1_contraction,5.859177576319943,6.456798860043695,6.157988218181819,0.8537446910339316,range_poc,spec,long,6.095,5.859177576319943,5.709772255389005
NVDA,2000-07-24,S1_contraction,8.914841591827022,9.658742700136672,9.286792145981847,1.0627158690137881,range_poc,spec,long,9.62,8.914841591827022,8.72886631474961
NVDA,2000-08-30,S1_contraction,11.281623744588407,11.804046422691675,11.54283508364004,0.7463181115761,range_poc,spec,long,12.131300000000001,11.281623744588407,11.15101807506259
NVDA,2000-09-07,S1_contraction,11.783614130273373,12.292262286960193,12.037938208616783,0.7266402238383141,range_poc,spec,long,12.074099999999998,11.783614130273373,11.656452091101666
NVDA,2000-09-25,S1_contraction,11.282947959670107,11.794875910738096,11.538911935204101,0.7313256443828408,range_poc,spec,long,11.697,11.282947959670107,11.15496597190311
NVDA,2000-10-11,S4_failed_break,10.313146236282819,10.910751278673175,10.611948757477997,0.8537214891290824,range_poc,spec,long,10.0744,10.313146236282819,10.16374497568523
NVDA,2000-10-31,S1_contraction,9.392784600955624,10.062905359644779,9.727844980300201,0.9573153695559333,range_poc,spec,long,9.603,9.392784600955624,9.225254411283334
NVDA,2000-11-21,S1_contraction,9.338671038001808,10.086867224112757,9.712769131057282,1.0688516944442128,range_poc,spec,long,8.8674,9.338671038001808,9.15162199147407
NVDA,2000-11-27,S1_contraction,9.075887987700183,9.808759537676197,9.44232376268819,1.0469593571085902,range_poc,spec,long,8.5862,9.075887987700183,8.892670100206178
NVDA,2000-12-20,S1_contraction,5.865713873777126,6.602622634752843,6.2341682542649846,1.0527268013938824,range_poc,spec,long,4.9267,5.865713873777126,5.681486683533196
NVDA,2000-12-22,S1_contraction,5.491066247611238,6.243516449982719,5.867291348796979,1.0749288605306866,range_poc,spec,long,5.4181,5.491066247611238,5.302953697018368
NVDA,2000-12-27,S1_contraction,5.5124853367759306,6.222097360818027,5.867291348796979,1.0137314629172807,range_poc,spec,long,5.5449,5.5124853367759306,5.335082330765406
NVDA,2001-01-03,S1_contraction,5.54850816165211,6.2388985522024605,5.893703356927285,0.9862719865005006,range_poc,spec,long,6.0471,5.54850816165211,5.375910564014523
NVDA,2001-02-13,S1_contraction,6.944021533955223,7.489270948197659,7.216646241076441,0.7789277346320508,range_poc,spec,long,6.867699999999999,6.944021533955223,6.807709180394614
NVDA,2001-02-28,S1_contraction,8.0389494410577,8.599810806029307,8.319380123543503,0.8012305213880123,range_poc,spec,long,6.9063,8.0389494410577,7.8987340998147975
NVDA,2001-04-03,S1_contraction,9.906854741769601,10.536843998415668,10.221849370092635,0.8999846523515209,range_poc,spec,long,9.9291,9.906854741769601,9.749357427608086
NVDA,2001-05-09,S1_contraction,12.382589323859996,13.114373421989647,12.748481372924822,1.0454058544709304,range_poc,spec,long,12.8236,12.382589323859996,12.199643299327583
NVDA,2001-05-29,S1_contraction,12.70379072167348,13.432583892155241,13.06818730691436,1.041133100688233,range_poc,spec,long,13.5901,12.70379072167348,12.52159242905304
NVDA,2001-06-15,S1_contraction,13.676328960932622,14.271665670210592,13.973997315571607,0.8504810132542407,range_poc,spec,long,14.688899999999999,13.676328960932622,13.527494783613129
NVDA,2001-06-27,S1_contraction,13.630933874131829,14.231964250620832,13.93144906237633,0.8586148235557196,range_poc,spec,long,14.0399,13.630933874131829,13.480676280009579
NVDA,2001-08-13,S1_contraction,13.251866527555269,13.760408114663353,13.50613732110931,0.7264879815829782,range_poc,spec,long,13.6288,13.251866527555269,13.124731130778247
NVDA,2001-08-14,S1_contraction,13.013813671319364,13.515070845030126,13.264442258174745,0.7160816767296588,range_poc,spec,long,13.267200000000003,13.013813671319364,12.888499377891673
NVDA,2001-08-17,S1_contraction,13.010370771387226,13.518513744962263,13.264442258174745,0.7259185336786247,range_poc,spec,long,12.9457,13.010370771387226,12.883335027993468
NVDA,2001-08-21,S1_contraction,13.008459657276038,13.52042485907345,13.264442258174745,0.7313788597105886,range_poc,spec,long,12.5856,13.008459657276038,12.880468356826686
NVDA,2001-08-22,S1_contraction,13.006764834173708,13.52211968217578,13.264442258174745,0.7362212114315325,range_poc,spec,long,13.1034,13.006764834173708,12.87792612217319
NVDA,2001-08-28,S1_contraction,12.895238058019839,13.391951395395083,13.14359472670746,0.7095904819646327,range_poc,spec,long,13.4572,12.895238058019839,12.771059723676029
NVDA,2001-11-26,S1_contraction,15.699049238054426,16.430182027829105,16.064615632941766,1.0444754139638266,range_poc,spec,long,16.5418,15.699049238054426,15.516266040610757
NVDA,2001-11-28,S1_contraction,15.700831200634534,16.412131519309376,16.056481359971954,1.0161433123926298,range_poc,spec,long,15.874200000000002,15.700831200634534,15.523006120965823
NVDA,2001-11-29,S1_contraction,16.183465518324443,16.89628219114641,16.539873854735426,1.0183095326028073,range_poc,spec,long,16.5697,16.183465518324443,16.00526135011895
NVDA,2002-01-25,S1_contraction,19.230485439311014,19.903417727882324,19.56695158359667,0.9613318408161559,range_poc,spec,long,20.2353,19.230485439311014,19.062252367168185
NVDA,2002-01-29,S1_contraction,19.48742124479643,20.178094811413473,19.83275802810495,0.9866765237386298,range_poc,spec,long,19.985,19.48742124479643,19.314752853142167
NVDA,2002-02-01,S1_contraction,19.493551460517473,20.17196459569243,19.83275802810495,0.9691616216785114,range_poc,spec,long,19.8212,19.493551460517473,19.323948176723732
NVDA,2002-02-13,S1_contraction,19.38415008152196,20.120043121198364,19.75209660136016,1.0512757709662888,range_poc,spec,long,18.9774,19.38415008152196,19.20017682160286
NVDA,2002-03-14,S1_contraction,15.443932325720551,16.17556863946028,15.809750482590417,1.0451947339139012,range_poc,spec,long,15.6486,15.443932325720551,15.26102324728562
NVDA,2002-05-08,S1_contraction,10.772552508818839,11.385990491181163,11.0792715,0.8763399748033218,range_poc,spec,long,11.1268,10.772552508818839,10.619193013228259
NVDA,2002-05-10,S1_contraction,10.816046255714507,11.424363848623766,11.120205052169137,0.869025132727513,range_poc,spec,long,9.8534,10.816046255714507,10.663966857487193
NVDA,2002-05-14,S1_contraction,10.800811197043055,11.405739314795381,11.103275255919218,0.864183025360468,range_poc,spec,long,11.4884,10.800811197043055,10.649579167604973
NVDA,2002-05-23,S1_contraction,10.809996258838037,11.374176753075588,11.092086505956813,0.8059721346250749,range_poc,spec,long,11.0433,10.809996258838037,10.66895113527865
NVDA,2002-07-30,S1_contraction,5.006605851134442,5.433979724701352,5.220292787917897,0.6105341050955871,range_poc,spec,long,5.0132,5.006605851134442,4.899762382742714
NVDA,2002-08-16,S1_contraction,2.6447687889742375,2.986176018091672,2.815472403532955,0.48772461302490605,range_poc,spec,long,3.304,2.6447687889742375,2.559416981694879
NVDA,2002-09-03,S1_contraction,2.6965443041427664,2.9693645069037453,2.832954405523256,0.38974314680139804,range_poc,spec,long,2.9301000000000004,2.6965443041427664,2.6283392534525216
NVDA,2002-09-24,S1_contraction,2.8126724489323127,3.0025963827897257,2.9076344158610192,0.27131990551059015,range_poc,spec,long,2.7446,2.8126724489323127,2.7651914654679595
NVDA,2002-09-25,S1_contraction,2.8128160790979733,3.002452752624065,2.9076344158610192,0.27090953360870323,range_poc,spec,long,2.8961,2.8128160790979733,2.7654069107164503
NVDA,2002-10-01,S1_contraction,2.789312003367799,2.956448272085395,2.872880137726597,0.23876609816799382,range_poc,spec,long,2.7879,2.789312003367799,2.7475279361884004
NVDA,2002-10-15,S1_contraction,2.7863791089838115,2.9475825275997325,2.866980818291772,0.23029059802274401,range_poc,spec,long,2.9177,2.7863791089838115,2.746078254329831
NVDA,2002-12-16,S1_contraction,4.157328410652409,4.440898816783604,4.299113613718006,0.4051005801874212,range_poc,spec,long,4.3333,4.157328410652409,4.08643580911961
NVDA,2003-01-13,S1_contraction,3.993988924850572,4.199669385812789,4.0968291553316805,0.29382922994602473,range_poc,spec,long,3.7924,3.993988924850572,3.9425688096100178
NVDA,2003-02-05,S1_contraction,3.1536067823751566,3.3122769825603093,3.232941882467733,0.22667171455021817,range_poc,spec,long,3.134,3.1536067823751566,3.1139392323288684
NVDA,2003-02-11,S1_contraction,3.16785426847983,3.326164069794736,3.247009169137283,0.22615685902129373,range_poc,spec,long,2.9981,3.16785426847983,3.128276818151104
NVDA,2003-03-11,S1_contraction,3.809238399619438,3.9511031323354495,3.880170765977444,0.20266390388001593,range_poc,spec,long,3.7800000000000002,3.809238399619438,3.7737722164404355
NVDA,2003-03-12,S1_contraction,3.8115100929613863,3.9488314389935013,3.880170765977444,0.19617335147445047,range_poc,spec,long,3.8851,3.8115100929613863,3.7771797564533576
NVDA,2003-04-07,S1_contraction,4.256630438026808,4.39889522465663,4.327762831341719,0.20323540947117427,range_poc,spec,long,4.1818,4.256630438026808,4.221064241369353
NVDA,2003-04-09,S1_contraction,4.196088630550248,4.335404390181425,4.265746510365837,0.19902251375882382,range_poc,spec,long,4.12,4.196088630550248,4.161259690642454
NVDA,2003-04-11,S1_contraction,4.202064119694349,4.338278745025864,4.270171432360106,0.19459232190216552,range_poc,spec,long,4.0953,4.202064119694349,4.16801046336147
NVDA,2003-04-24,S1_contraction,4.249108850778567,4.390010447458966,4.319559649118767,0.201287995257712,range_poc,spec,long,4.3487,4.249108850778567,4.213883451608467
NVDA,2003-04-28,S1_contraction,4.251056662440054,4.388062635797479,4.319559649118767,0.19572281908203706,range_poc,spec,long,4.3147,4.251056662440054,4.216805169100698
NVDA,2003-05-05,S3_rejection,4.880193888060333,5.015915427951818,4.948054658006075,0.1938879141306926,rejection_origin,spec,long,5.0349,4.880193888060333,4.846263503087462
NVDA,2003-05-20,S1_contraction,6.2863152383102285,6.472702390817037,6.379508814563633,0.26626736072401175,range_poc,spec,long,6.243400000000001,6.2863152383102285,6.239718450183526
NVDA,2003-05-21,S1_contraction,6.284836808674096,6.47418082045317,6.379508814563633,0.27049144539867764,range_poc,spec,long,6.4628000000000005,6.284836808674096,6.2375008057293275
NVDA,2003-07-09,S1_contraction,7.827418665294769,8.12460184856921,7.97601025693199,0.424547404677773,range_poc,spec,long,7.832,7.827418665294769,7.753122869476159
NVDA,2003-09-24,S1_contraction,5.450296959956353,5.651840509676021,5.551068734816187,0.28791935674238367,range_poc,spec,long,5.495400000000001,5.450296959956353,5.399911072526436
NVDA,2003-10-15,S1_contraction,5.037926898253247,5.231876400409403,5.134901649331325,0.2770707173659391,range_poc,spec,long,5.2512,5.037926898253247,4.989439522714207
NVDA,2003-10-17,S1_contraction,5.0408116999755626,5.228991598687087,5.134901649331325,0.26882842673074975,range_poc,spec,long,5.1492,5.0408116999755626,4.993766725297681
NVDA,2003-11-25,S1_contraction,6.560441176273194,6.741500288667087,6.650970732470141,0.25865587484841746,range_poc,spec,long,6.5864,6.560441176273194,6.515176398174721
NVDA,2003-12-15,S1_contraction,6.554340253921764,6.74919626161038,6.651768257766072,0.278365725269451,range_poc,spec,long,6.311399999999999,6.554340253921764,6.50562625199961
NVDA,2003-12-19,S1_contraction,6.509037105943648,6.705551383688775,6.607294244816211,0.2807346824930393,range_poc,spec,long,6.5123,6.509037105943648,6.459908536507366
NVDA,2004-01-22,S1_contraction,7.587018682752398,7.786457900990285,7.686738291871341,0.2849131689112671,range_poc,spec,long,7.300399999999999,7.587018682752398,7.537158878192926
NVDA,2004-02-23,S1_contraction,7.203877831411661,7.405185598345915,7.304531714878788,0.28758252419179203,range_poc,spec,long,7.2015,7.203877831411661,7.1535508896780975
NVDA,2004-03-08,S1_contraction,6.927367299276612,7.1130790647938325,7.020223182035222,0.26530252216745853,range_poc,spec,long,6.6204,6.927367299276612,6.880939357897306
NVDA,2004-03-17,S1_contraction,6.835168332058757,7.004418665662623,6.91979349886069,0.2417861908626667,range_poc,spec,long,6.8553,6.835168332058757,6.79285574865779
NVDA,2004-06-30,S1_contraction,6.186381781834717,6.35369488458266,6.270038333208689,0.23901871821134868,range_poc,spec,long,6.326800000000001,6.186381781834717,6.144553506147731
NVDA,2004-10-08,S1_contraction,4.415888899417925,4.560386317971752,4.488137608694839,0.2064248836483254,range_poc,spec,long,4.4847,4.415888899417925,4.3797645447794675
NVDA,2004-10-25,S1_contraction,4.196305736505492,4.337840500101516,4.267073118303504,0.2021925194228905,range_poc,spec,long,4.1231,4.196305736505492,4.160922045606486
NVDA,2004-11-04,S1_contraction,4.483369000635745,4.629768101339851,4.556568550987798,0.20914157243443562,range_poc,spec,long,4.7629,4.483369000635745,4.446769225459719
NVDA,2005-01-04,S1_contraction,7.037059546350092,7.22759395723021,7.132326751790151,0.27219201554302613,range_poc,spec,long,6.945,7.037059546350092,6.989425943630062
NVDA,2005-01-27,S1_contraction,7.009130017920127,7.202261500013295,7.105695758966711,0.275902117275955,range_poc,spec,long,7.081,7.009130017920127,6.9608471473968345
NVDA,2005-03-02,S1_contraction,8.636216618741294,8.860722046199488,8.74846933247039,0.3207220392259921,range_poc,spec,long,8.6758,8.636216618741294,8.580090261876745
NVDA,2005-03-24,S1_contraction,7.8749381973480945,8.090131365001582,7.982534781174838,0.30741881093355317,range_poc,spec,long,7.7671,7.8749381973480945,7.821139905434722
NVDA,2005-03-28,S1_contraction,7.874289535865147,8.090780026484529,7.982534781174838,0.30927212945625965,range_poc,spec,long,7.680599999999999,7.874289535865147,7.8201669132103016
NVDA,2005-06-07,S1_contraction,8.312088220524789,8.500667394557087,8.406377807540938,0.2693988200461386,range_poc,spec,long,8.4533,8.312088220524789,8.264943427016714
NVDA,2005-06-24,S1_contraction,8.357904485870959,8.571410954328664,8.464657720099812,0.30500924065386587,range_poc,spec,long,8.3729,8.357904485870959,8.304527868756534
NVDA,2005-07-07,S1_contraction,8.322852285564032,8.520781929359941,8.421817107461987,0.28275663399415635,range_poc,spec,long,8.5893,8.322852285564032,8.273369874615055
NVDA,2005-07-14,S1_contraction,8.544803758372318,8.746348425071396,8.645576091721857,0.28792095242725374,range_poc,spec,long,8.4007,8.544803758372318,8.494417591697548
NVDA,2005-07-25,S1_contraction,8.130680100855566,8.339437500909108,8.235058800882337,0.2982248572193467,range_poc,spec,long,8.0298,8.130680100855566,8.07849075084218
NVDA,2005-07-25,S4_failed_break,8.139120185630933,8.347877585684476,8.243498885657704,0.2982248572193467,range_poc,spec,long,8.0298,8.139120185630933,8.086930835617547
NVDA,2005-07-26,S1_contraction,8.10456457200734,8.308417937646604,8.206491254826972,0.2912190937703774,range_poc,spec,long,8.1967,8.10456457200734,8.053601230597522
NVDA,2005-07-28,S1_contraction,8.133278031857579,8.31967864166046,8.226478336759019,0.2662865854326867,range_poc,spec,long,8.4285,8.133278031857579,8.086677879406858
NVDA,2005-07-29,S1_contraction,8.13540551461346,8.317551158904578,8.226478336759019,0.26020806327302876,range_poc,spec,long,8.3636,8.13540551461346,8.08986910354068
NVDA,2005-10-24,S1_contraction,10.090483034572754,10.310655784644824,10.20056940960879,0.3145325001029578,range_poc,spec,long,10.1408,10.090483034572754,10.035439847054736
NVDA,2005-10-31,S1_contraction,10.085723150398858,10.315415668818721,10.20056940960879,0.32813216917123567,range_poc,spec,long,10.3696,10.085723150398858,10.028300020793893
NVDA,2005-11-10,S1_contraction,10.312995548756854,10.578469599417216,10.445732574087035,0.3792486438005157,range_poc,spec,long,10.351,10.312995548756854,10.246627036091763
NVDA,2005-11-10,S4_failed_break,10.320034996386235,10.585509047046598,10.452772021716417,0.3792486438005157,range_poc,spec,long,10.351,10.320034996386235,10.253666483721144
NVDA,2005-12-14,S1_contraction,11.08652322807638,11.342148237759375,11.214335732917878,0.3651785852614207,range_poc,spec,long,11.4359,11.08652322807638,11.022616975655632
NVDA,2005-12-15,S1_contraction,11.090129162564372,11.338542303271383,11.214335732917878,0.3548759152957285,range_poc,spec,long,11.2906,11.090129162564372,11.02802587738762
NVDA,2005-12-30,S1_contraction,11.119996699994482,11.333031177083887,11.226513938539185,0.30433496727057885,range_poc,spec,long,11.2999,11.119996699994482,11.066738080722132
NVDA,2006-02-03,S1_contraction,13.604097308320243,13.891917165845205,13.748007237082724,0.41117122503565773,range_poc,spec,long,13.605600000000003,13.604097308320243,13.532142343939004
NVDA,2006-02-07,S1_contraction,13.58418926435023,13.881168131504934,13.732678697927582,0.4242555245067186,range_poc,spec,long,13.491200000000001,13.58418926435023,13.509944547561556
NVDA,2006-02-08,S1_contraction,13.581411995392674,13.88394540046249,13.732678697927582,0.43219057867116534,range_poc,spec,long,13.8807,13.581411995392674,13.50577864412522
NVDA,2006-04-17,S1_contraction,18.42401693305446,18.829969643699656,18.626993288377058,0.5799324437788502,range_poc,spec,long,18.3469,18.42401693305446,18.32252875539316
NVDA,2006-05-11,S1_contraction,18.37407538914962,18.858999289151416,18.61653733915052,0.6927484285739975,range_poc,spec,long,17.5989,18.37407538914962,18.252844414149173
NVDA,2006-06-01,S1_contraction,14.553443549588343,15.080917487319011,14.817180518453677,0.7535341967580972,range_poc,spec,long,14.947,14.553443549588343,14.421575065155675
NVDA,2006-09-28,S1_contraction,17.727097929084096,18.22498005774537,17.976038993414733,0.7112601838018224,range_poc,spec,long,18.2789,17.727097929084096,17.602627396918777
NVDA,2006-11-01,S1_contraction,19.715669425438755,20.353192975032393,20.034431200235574,0.9107479279909146,range_poc,spec,long,19.8922,19.715669425438755,19.556288538040345
NVDA,2006-12-01,S1_contraction,22.04671870064655,22.642861834831905,22.344790267739228,0.8516330488362162,range_poc,spec,long,21.9692,22.04671870064655,21.897682917100212
NVDA,2006-12-05,S1_contraction,22.07895549624149,22.683739726085506,22.3813476111635,0.8639774712057398,range_poc,spec,long,22.6245,22.07895549624149,21.927759438780487
NVDA,2007-01-03,S1_contraction,22.172089923519035,22.6565806345824,22.414335279050718,0.6921295872333818,range_poc,spec,long,22.303,22.172089923519035,22.050967245753192
NVDA,2007-01-03,S3_rejection,22.28559297354408,22.770083684607446,22.527838329075763,0.6921295872333818,rejection_origin,spec,long,22.303,22.28559297354408,22.164470295778237
NVDA,2007-02-13,S1_contraction,20.817397839089825,21.425085705498322,21.121241772294074,0.8681255234407108,range_poc,spec,long,21.0173,20.817397839089825,20.6654758724877
NVDA,2007-02-20,S1_contraction,20.495790329695954,21.04866727981904,20.772228804757496,0.7898242144615464,range_poc,spec,long,20.4053,20.495790329695954,20.35757109216518
NVDA,2007-04-05,S1_contraction,18.425934687081558,18.87794232390729,18.651938505494424,0.6457251954653314,range_poc,spec,long,19.101,18.425934687081558,18.312932777875126
NVDA,2007-05-24,S1_contraction,20.34618791536721,20.808339746429752,20.57726383089848,0.6602169015179137,range_poc,spec,long,20.4857,20.34618791536721,20.230649957601575
NVDA,2007-07-30,S1_contraction,27.687413432870486,28.27944668205643,27.98343005746346,0.8457617845513552,range_poc,spec,long,28.1199,27.687413432870486,27.539405120574
NVDA,2007-09-14,S1_contraction,29.345907423069168,30.321617482593194,29.83376245283118,1.3938715136057533,range_poc,spec,long,29.9033,29.345907423069168,29.101979908188163
NVDA,2007-10-03,S1_contraction,32.04973552038647,32.923050627747706,32.48639307406709,1.247593010516051,range_poc,spec,long,33.2136,32.04973552038647,31.83140674354616
NVDA,2007-10-04,S1_contraction,32.04396600033308,32.9288201478011,32.48639307406709,1.264077353525742,range_poc,spec,long,33.3618,32.04396600033308,31.822752463466074
NVDA,2007-10-11,S1_contraction,32.05270077829756,32.93329925591492,32.49300001710624,1.2579978251676414,range_poc,spec,long,32.7035,32.05270077829756,31.832551158893224
NVDA,2007-10-24,S1_contraction,33.580468298435996,34.5340552340433,34.05726176623965,1.3622670508675754,range_poc,spec,long,35.2534,33.580468298435996,33.342071564534166
NVDA,2007-10-25,S1_contraction,33.54226025334157,34.57226327913773,34.05726176623965,1.4714328939945254,range_poc,spec,long,32.175,33.54226025334157,33.284759496892526
NVDA,2007-11-28,S1_contraction,30.16680381824066,31.48678358364203,30.826793700941344,1.8856853791448145,range_poc,spec,long,30.4596,30.16680381824066,29.836808876890316
NVDA,2007-12-03,S1_contraction,30.17788794383751,31.475665799206396,30.826776871521954,1.8539683648126892,range_poc,spec,long,29.6714,30.17788794383751,29.853443479995292
NVDA,2007-12-07,S1_contraction,30.271918100233076,31.437720427334344,30.85481926378371,1.6654318958589527,range_poc,spec,long,31.4146,30.271918100233076,29.980467518457758
NVDA,2007-12-17,S1_contraction,30.853936096842343,31.979505604437907,31.416720850640125,1.6079564394222337,range_poc,spec,long,30.8583,30.853936096842343,30.572543719943454
NVDA,2007-12-21,S1_contraction,31.27816754213087,32.305513351508424,31.79184044681965,1.4676368705393636,range_poc,spec,long,32.6015,31.27816754213087,31.021331089786482
NVDA,2007-12-28,S1_contraction,31.221701426039157,32.11252724245038,31.667114334244772,1.2726083091588967,range_poc,spec,long,32.2584,31.221701426039157,30.99899497193635
NVDA,2008-01-25,S1_contraction,22.399834000408926,23.576597529308348,22.988215764858637,1.6810907555705985,range_poc,spec,long,23.1345,22.399834000408926,22.10564311818407
NVDA,2008-02-05,S1_contraction,22.395097108924983,23.58133442079229,22.988215764858637,1.6946247312390146,range_poc,spec,long,22.6152,22.395097108924983,22.098537780958154
NVDA,2008-02-14,S1_contraction,22.28900315214872,23.57584647496707,22.932424813557894,1.8383476040262108,range_poc,spec,long,20.9647,22.28900315214872,21.967292321444134
NVDA,2008-03-20,S1_contraction,16.78745714724417,17.582774720403123,17.185115933823646,1.1361679616556524,range_poc,spec,long,17.1724,16.78745714724417,16.58862775395443
NVDA,2008-04-02,S1_contraction,18.318979190202306,18.9972478830165,18.658113536609402,0.9689552754488445,range_poc,spec,long,18.8785,18.318979190202306,18.14941201699876
NVDA,2008-04-07,S1_contraction,17.788058261408484,18.467412638245445,18.127735449826964,0.9705062526242318,range_poc,spec,long,17.8307,17.788058261408484,17.61821966719924
NVDA,2008-04-28,S1_contraction,17.796501483464862,18.418960363606995,18.10773092353593,0.8892269716316221,range_poc,spec,long,18.3499,17.796501483464862,17.64088676342933
NVDA,2008-06-04,S1_contraction,21.39828896893413,22.042593539434076,21.720441254184102,0.92043510071421,range_poc,spec,long,22.4761,21.39828896893413,21.23721282630914
NVDA,2008-06-09,S1_contraction,21.34966498055462,21.99872868425436,21.67419683240449,0.9272338624281972,range_poc,spec,long,21.9661,21.34966498055462,21.187399054629687
NVDA,2008-07-15,S1_contraction,10.599608748131796,11.280689227662581,10.940148987897189,0.9729721136154057,range_poc,spec,long,10.4406,10.599608748131796,10.4293386282491
NVDA,2008-07-16,S1_contraction,10.60631571729713,11.273982258497247,10.940148987897189,0.9538093445715933,range_poc,spec,long,10.4963,10.60631571729713,10.439399081997102
NVDA,2008-07-25,S1_contraction,10.395245789081626,10.971829478294241,10.683537633687934,0.8236909845894487,range_poc,spec,long,10.7188,10.395245789081626,10.251099866778471
NVDA,2008-08-11,S1_contraction,10.401114356519516,10.907273041217307,10.654193698868411,0.7230838352825597,range_poc,spec,long,10.4128,10.401114356519516,10.274574685345069
NVDA,2008-10-22,S1_contraction,6.85166629892206,7.424559823153068,7.138113061037564,0.8184193203300113,range_poc,spec,long,6.4257,6.85166629892206,6.708442917864309
NVDA,2008-10-28,S1_contraction,6.902367894961445,7.485213535598655,7.19379071528005,0.8326366294817296,range_poc,spec,long,7.4364,6.902367894961445,6.756656484802143
NVDA,2008-11-06,S1_contraction,6.9110192518985984,7.476562178661502,7.19379071528005,0.8079184668041475,range_poc,spec,long,7.0655,6.9110192518985984,6.769633520207872
NVDA,2008-11-10,S1_contraction,6.859865054655714,7.427572429720115,7.1437187421879145,0.8110105358062873,range_poc,spec,long,7.5662,6.859865054655714,6.7179382108896135
NVDA,2008-11-26,S1_contraction,6.832176868890577,7.309887725145882,7.071032297018229,0.6824440803647214,range_poc,spec,long,7.0562,6.832176868890577,6.712749154826751
NVDA,2008-12-04,S1_contraction,6.160270199793692,6.631746729294542,6.396008464544117,0.6735378992869275,range_poc,spec,long,6.5648,6.160270199793692,6.04240106741848
NVDA,2009-01-16,S1_contraction,7.144562637359818,7.574133443765391,7.359348040562605,0.6136725805793907,range_poc,spec,long,7.4086,7.144562637359818,7.037169935758424
NVDA,2009-01-23,S1_contraction,7.146029750095878,7.558508638475096,7.352269194285487,0.5892555548274541,range_poc,spec,long,7.149,7.146029750095878,7.042910028001074
NVDA,2009-02-20,S1_contraction,7.145486462910463,7.547288178018234,7.346387320464348,0.5740024501539592,range_poc,spec,long,7.0562,7.145486462910463,7.0450360341335205
NVDA,2009-02-23,S1_contraction,7.147324451845265,7.545450189083431,7.346387320464348,0.5687510531973804,range_poc,spec,long,6.7317,7.147324451845265,7.047793017535724
NVDA,2009-02-24,S1_contraction,7.145485487338352,7.547289153590345,7.346387320464348,0.5740052375028473,range_poc,spec,long,7.3344,7.145485487338352,7.0450345707753534
NVDA,2009-03-03,S1_contraction,7.364341048990916,7.775039498416275,7.569690273703595,0.5867120706076565,range_poc,spec,long,7.3066,7.364341048990916,7.261666436634576
NVDA,2009-03-30,S1_contraction,8.929717265621392,9.388736609345283,9.159226937483337,0.6557419196055573,range_poc,spec,long,9.0776,8.929717265621392,8.814962429690418
NVDA,2009-05-07,S1_contraction,10.128324447187824,10.561664884955347,10.344994666071585,0.6190577682393205,range_poc,spec,long,9.9492,10.128324447187824,10.019989337745944
NVDA,2009-06-01,S1_contraction,9.98161364360817,10.422795094320755,10.202204368964463,0.6302592153036926,range_poc,spec,long,10.1439,9.98161364360817,9.871318280930025
NVDA,2009-06-04,S1_contraction,9.992971915699457,10.411436822229469,10.202204368964463,0.5978070093285913,range_poc,spec,long,10.0976,9.992971915699457,9.888355689066954
NVDA,2009-07-02,S1_contraction,9.94900289547337,10.295562066628033,10.122282481050702,0.49508453022094706,range_poc,spec,long,10.1068,9.94900289547337,9.862363102684704
NVDA,2009-07-15,S1_contraction,10.354043359510936,10.692757770925194,10.523400565218065,0.48387773059179684,range_poc,spec,long,10.3386,10.354043359510936,10.269364756657371
NVDA,2009-08-06,S1_contraction,12.005856262353117,12.33617200218539,12.171014132269253,0.4718796283318183,range_poc,spec,long,12.1653,12.005856262353117,11.923277327395049
NVDA,2009-08-13,S1_contraction,12.003349707579668,12.360050541370432,12.18170012447505,0.5095726197010941,range_poc,spec,long,12.8236,12.003349707579668,11.914174499131978
NVDA,2009-08-14,S1_contraction,12.00334988814111,12.36005036080899,12.18170012447505,0.5095721038112587,range_poc,spec,long,12.4435,12.00334988814111,11.914174769974139
NVDA,2009-08-17,S1_contraction,11.931657717343615,12.292037375104083,12.11184754622385,0.5148280825149556,range_poc,spec,long,11.9242,11.931657717343615,11.841562802903498
NVDA,2009-08-19,S1_contraction,11.924096551320188,12.282315154583594,12.103205852951891,0.5117408618048653,range_poc,spec,long,12.2209,11.924096551320188,11.834541900504338
NVDA,2009-09-28,S1_contraction,13.916751203615572,14.265278384120865,14.091014793868219,0.4978959721504207,range_poc,spec,long,13.7509,13.916751203615572,13.829619408489249
NVDA,2009-09-29,S1_contraction,13.846064737177166,14.191778148209934,14.01892144269355,0.4938763014753855,range_poc,spec,long,13.5005,13.846064737177166,13.759636384418974
NVDA,2009-09-30,S1_contraction,13.844667027656163,14.191462215387931,14.018064621522047,0.4954216967596691,range_poc,spec,long,13.9363,13.844667027656163,13.757968230723222
NVDA,2009-11-17,S1_contraction,12.301348180331338,12.634713331528502,12.46803075592992,0.47623593028166494,range_poc,spec,long,12.7309,12.301348180331338,12.218006892532047
NVDA,2009-11-18,S1_contraction,12.299942085775621,12.63611942608422,12.46803075592992,0.4802533432979975,range_poc,spec,long,12.5362,12.299942085775621,12.21589775069847
NVDA,2009-11-23,S1_contraction,12.296188430814677,12.639873081045163,12.46803075592992,0.4909780717578383,range_poc,spec,long,12.054,12.296188430814677,12.210267268257056
NVDA,2009-11-25,S1_contraction,12.26370238841725,12.598733185066006,12.431217786741628,0.4786154237839376,range_poc,spec,long,12.1189,12.26370238841725,12.179944689255063
NVDA,2009-12-01,S1_contraction,12.29277066825056,12.618495589218243,12.455633128734402,0.46532131566811696,range_poc,spec,long,12.3507,12.29277066825056,12.21133943800864
NVDA,2010-01-25,S1_contraction,15.598877367095623,15.989009444993082,15.793943406044352,0.5573315398535126,range_poc,spec,long,15.5219,15.598877367095623,15.50134434762126
NVDA,2010-02-10,S1_contraction,15.093346266120479,15.53360975230452,15.3134780092125,0.6289478374057702,range_poc,spec,long,15.1788,15.093346266120479,14.983280394574468
NVDA,2010-03-24,S1_contraction,15.953057722105466,16.343357804418364,16.148207763261915,0.5575715461612828,range_poc,spec,long,16.0319,15.953057722105466,15.855482701527242
NVDA,2010-04-07,S1_contraction,15.973367433136131,16.3230480933877,16.148207763261915,0.4995438003593854,range_poc,spec,long,15.9113,15.973367433136131,15.885947268073238
NVDA,2010-04-12,S1_contraction,15.876159505919512,16.213831196492087,16.0449953512058,0.4823881293893917,range_poc,spec,long,16.0411,15.876159505919512,15.791741583276368
NVDA,2010-05-28,S1_contraction,11.54393693777688,12.02586694295432,11.7849019403656,0.688471435967768,range_poc,spec,long,12.1838,11.54393693777688,11.42345443648252
NVDA,2010-06-01,S1_contraction,11.544803186895361,12.025000693835839,11.7849019403656,0.6859964384863955,range_poc,spec,long,11.6646,11.544803186895361,11.424753810160242
NVDA,2010-06-21,S1_contraction,11.61430338375178,12.027375058185507,11.820839220968644,0.5901023920481828,range_poc,spec,long,11.1361,11.61430338375178,11.511035465143348
NVDA,2010-07-16,S1_contraction,9.488796668629133,9.826501493681407,9.65764908115527,0.4824354643603923,range_poc,spec,long,9.3187,9.488796668629133,9.404370462366064
NVDA,2010-08-31,S1_contraction,8.542192663712894,8.812777684962933,8.677485174337914,0.3865500303572006,range_poc,spec,long,8.6464,8.542192663712894,8.474546408400386
NVDA,2010-10-22,S1_contraction,10.35253240959031,10.640335301969877,10.496433855780094,0.4111469891136654,range_poc,spec,long,10.9413,10.35253240959031,10.280581686495418
NVDA,2011-01-24,S1_contraction,21.001860225130958,21.57114703935471,21.286503632242834,0.813266877462498,range_poc,spec,long,22.9305,21.001860225130958,20.85953852157502
NVDA,2011-02-08,S1_contraction,21.34659943426003,22.08915424782475,21.71787684104239,1.0607925908067506,range_poc,spec,long,22.1349,21.34659943426003,21.160960730868847
NVDA,2011-03-30,S1_contraction,16.164009057022387,16.910323128529473,16.53716609277593,1.0661629592958357,range_poc,spec,long,17.1074,16.164009057022387,15.977430539145615
NVDA,2011-03-31,S1_contraction,16.17049965472676,16.9038325308251,16.53716609277593,1.047618394426194,range_poc,spec,long,17.1167,16.17049965472676,15.987166435702177
NVDA,2011-04-01,S1_contraction,16.193856148645246,16.870287920430137,16.53207203453769,0.9663311025498462,range_poc,spec,long,16.8756,16.193856148645246,16.024748205699023
NVDA,2011-04-07,S1_contraction,16.324704140248897,16.927359184636487,16.626031662442692,0.8609357776965592,range_poc,spec,long,16.7829,16.324704140248897,16.174040379152
NVDA,2011-05-03,S1_contraction,17.282414817752734,17.777672128516695,17.530043473134715,0.7075104439485127,range_poc,spec,long,17.4227,17.282414817752734,17.158600490061744
NVDA,2011-05-24,S1_contraction,17.27435011642958,17.75697066033439,17.515660388381985,0.6894579198640082,range_poc,spec,long,16.8209,17.27435011642958,17.15369498045338
NVDA,2011-05-26,S1_contraction,17.287168327278003,17.771519690192214,17.52934400873511,0.6919305184488734,range_poc,spec,long,17.4505,17.287168327278003,17.16608048654945
NVDA,2011-07-05,S1_contraction,14.326686204481938,14.75463443503235,14.540660319757144,0.6113546150720194,range_poc,spec,long,14.7245,14.326686204481938,14.219699146844334
NVDA,2011-08-26,S1_contraction,11.727899444037169,12.239935587939039,11.983917515988104,0.7314802055740995,range_poc,spec,long,12.0633,11.727899444037169,11.5998904080617
NVDA,2011-08-30,S1_contraction,11.727088427462888,12.240746604513319,11.983917515988104,0.7337973957863284,range_poc,spec,long,12.6845,11.727088427462888,11.59867388320028
NVDA,2011-08-31,S1_contraction,11.723085838596992,12.244749193379215,11.983917515988104,0.7452333639746038,range_poc,spec,long,12.3415,11.723085838596992,11.592669999901435
NVDA,2011-09-22,S1_contraction,12.027301433087649,12.534256567354971,12.28077900022131,0.7242216203818868,range_poc,spec,long,12.5269,12.027301433087649,11.900562649520818
NVDA,2011-10-19,S1_contraction,13.579609408989064,14.05916043532535,13.819384922157207,0.6850728947661204,range_poc,spec,long,14.0661,13.579609408989064,13.459721652404994
NVDA,2011-10-20,S1_contraction,12.640465364922047,13.137973816747081,12.889219590834564,0.7107263597500503,range_poc,spec,long,13.3614,12.640465364922047,12.516088251965789
NVDA,2011-10-31,S1_contraction,13.492263501954143,13.994315791509967,13.743289646732055,0.7172175565083202,range_poc,spec,long,13.723,13.492263501954143,13.366750429565187
NVDA,2011-11-10,S1_contraction,13.503623665988517,13.982955627475594,13.743289646732055,0.6847599449815363,range_poc,spec,long,13.4171,13.503623665988517,13.383790675616748
NVDA,2011-11-21,S1_contraction,13.524590026930133,13.985312880066276,13.754951453498204,0.6581755044802059,range_poc,spec,long,13.5654,13.524590026930133,13.409409313646098
NVDA,2011-11-28,S1_contraction,13.491148051230653,13.964640536511098,13.727894293870875,0.6764178361149245,range_poc,spec,long,13.7509,13.491148051230653,13.372774929910541
NVDA,2011-12-07,S1_contraction,13.542401377071846,13.97553654983903,13.758968963455438,0.6187645325245458,range_poc,spec,long,14.0661,13.542401377071846,13.434117583880049
NVDA,2012-01-05,S1_contraction,13.635781395519224,13.992937754526036,13.81435957502263,0.5102233700097311,range_poc,spec,long,13.6396,13.635781395519224,13.546492305767522
NVDA,2012-01-13,S1_contraction,12.65373356077588,12.975836682474007,12.814785121624944,0.4601473167116088,range_poc,spec,long,12.7309,12.65373356077588,12.573207780351348
NVDA,2012-02-29,S1_contraction,14.481435895335288,14.834704774714819,14.658070335025053,0.5046698276850433,range_poc,spec,long,14.0476,14.481435895335288,14.393118675490406
NVDA,2012-04-04,S1_contraction,13.398151055020753,13.635044063486733,13.516597559253743,0.3384185835228302,range_poc,spec,long,13.584,13.398151055020753,13.338927802904259
NVDA,2012-05-11,S1_contraction,12.05531437107167,12.347746306453214,12.201530338762442,0.41775990768791665,range_poc,spec,long,12.2487,12.05531437107167,11.982206387226285
NVDA,2012-06-11,S1_contraction,11.31259968559979,11.617009310861294,11.464804498230542,0.43487089323071887,range_poc,spec,long,11.3679,11.31259968559979,11.236497279284414
NVDA,2012-07-23,S1_contraction,11.424501556750233,11.738504500886759,11.581503028818496,0.4485756344807508,range_poc,spec,long,12.0355,11.424501556750233,11.346000820716101
NVDA,2012-07-30,S1_contraction,12.048631740114853,12.365363419660934,12.206997579887894,0.4524738279229725,range_poc,spec,long,12.36,12.048631740114853,11.969448820228333
NVDA,2012-08-24,S1_contraction,13.42978948983405,13.707593465175552,13.568691477504801,0.3968628219164317,range_poc,spec,long,13.5376,13.42978948983405,13.360338495998676
NVDA,2012-09-28,S1_contraction,12.381465932822241,12.6290837367585,12.50527483479037,0.3537397199089399,range_poc,spec,long,12.3693,12.381465932822241,12.319561481838177
NVDA,2012-10-04,S1_contraction,12.370068587831838,12.628720453485549,12.499394520658694,0.36950266521958736,range_poc,spec,long,12.6289,12.370068587831838,12.30540562141841
NVDA,2012-11-05,S1_contraction,12.049424918583211,12.288142648381198,12.168783783482205,0.3410253282828375,range_poc,spec,long,12.0726,12.049424918583211,11.989745486133714
NVDA,2012-11-23,S1_contraction,11.115729639716285,11.367339861530603,11.241534750623444,0.35944317402045317,range_poc,spec,long,11.1061,11.115729639716285,11.052827084262706
NVDA,2012-11-29,S1_contraction,11.111729129174632,11.371340372072256,11.241534750623444,0.3708732041394621,range_poc,spec,long,11.2368,11.111729129174632,11.046826318450226
NVDA,2012-12-04,S1_contraction,11.117635299940034,11.379020022793966,11.248327661367,0.3734067469341886,range_poc,spec,long,11.2881,11.117635299940034,11.05228911922655
NVDA,2012-12-27,S1_contraction,11.137647703107147,11.345040550458153,11.24134412678265,0.29627549621572236,range_poc,spec,long,11.3487,11.137647703107147,11.085799491269395
NVDA,2013-02-06,S1_contraction,11.288810514810653,11.479681781875204,11.384246148342928,0.2726732386636428,range_poc,spec,long,11.5167,11.288810514810653,11.241092698044515
NVDA,2013-02-14,S1_contraction,11.286251656062754,11.482240640623102,11.384246148342928,0.2799842636576393,range_poc,spec,long,11.8807,11.286251656062754,11.237254409922667
NVDA,2013-03-20,S1_contraction,11.803290841736244,11.985128577294487,11.894209709515366,0.2597681936546354,range_poc,spec,long,11.8495,11.803290841736244,11.757831407846684
NVDA,2013-04-01,S1_contraction,11.808154841783292,11.98032399309988,11.894239417441586,0.24595593045226985,range_poc,spec,long,11.6523,11.808154841783292,11.765112553954145
NVDA,2013-06-07,S1_contraction,13.584653751671103,13.799158595085052,13.691906173378078,0.30643549059135294,range_poc,spec,long,13.6312,13.584653751671103,13.531027540817616
NVDA,2013-06-13,S1_contraction,13.57979383433176,13.80347929265237,13.691636563492064,0.3195506547437298,range_poc,spec,long,13.5604,13.57979383433176,13.523872469751607
NVDA,2013-06-19,S3_rejection,13.419845827475427,13.66557085686259,13.542708342169009,0.35103575626737504,rejection_origin,spec,long,14.004,13.419845827475427,13.358414570128637
NVDA,2013-07-02,S1_contraction,13.460737714170646,13.704953190618136,13.582845452394391,0.348879252067842,range_poc,spec,long,13.2962,13.460737714170646,13.399683845058775
NVDA,2013-07-03,S1_contraction,13.460462479194273,13.705228425594509,13.582845452394391,0.34966563771462245,range_poc,spec,long,13.334,13.460462479194273,13.399270992594214
NVDA,2013-07-05,S1_contraction,13.4653616841022,13.700329220686582,13.582845452394391,0.3356679094062579,range_poc,spec,long,13.4378,13.4653616841022,13.406619799956104
NVDA,2013-07-19,S1_contraction,13.26773929795058,13.482720968154734,13.375230133052657,0.3071166717202176,range_poc,spec,long,13.4378,13.26773929795058,13.213993880399542
NVDA,2013-08-09,S1_contraction,13.38009673051562,13.5637897591738,13.47194324484471,0.2624186123688264,range_poc,spec,long,13.6737,13.38009673051562,13.334173473351076
NVDA,2013-09-03,S1_contraction,14.078665303464282,14.26503470475763,14.171850004110956,0.26624200184763835,range_poc,spec,long,13.9984,14.078665303464282,14.032072953140945
NVDA,2013-09-04,S1_contraction,14.078871697803667,14.264828310418245,14.171850004110956,0.265652303735114,range_poc,spec,long,14.1311,14.078871697803667,14.032382544650023
NVDA,2013-10-09,S1_contraction,14.760821607286834,14.941239568448,14.851030587867417,0.2577399445159519,range_poc,spec,long,14.4346,14.760821607286834,14.715717116996544
NVDA,2013-10-16,S1_contraction,14.766337303858126,14.949078217492161,14.857707760675144,0.2610584480486232,range_poc,spec,long,14.795,14.766337303858126,14.720652075449618
NVDA,2013-10-25,S1_contraction,14.681109661927197,14.861395832074214,14.771252747000705,0.2575516716385969,range_poc,spec,long,14.4536,14.681109661927197,14.636038119390442
NVDA,2013-12-10,S1_contraction,14.808050857199808,15.0315796504121,14.919815253805954,0.31932684744613093,range_poc,spec,long,14.8383,14.808050857199808,14.752168658896736
NVDA,2013-12-20,S1_contraction,14.871804104940741,15.092830664142541,14.982317384541641,0.31575222743114056,range_poc,spec,long,14.9575,14.871804104940741,14.816547465140292
NVDA,2014-01-02,S1_contraction,14.925008666695097,15.114033189144711,15.019520927919904,0.27003503207087554,range_poc,spec,long,15.1244,14.925008666695097,14.877752536082694
NVDA,2014-02-06,S1_contraction,14.926253693911871,15.129296149138074,15.027774921524973,0.29006065032314854,range_poc,spec,long,14.9146,14.926253693911871,14.87549308010532
NVDA,2014-03-11,S1_contraction,17.543506081101714,17.80783706836672,17.675671574734217,0.3776156960928626,range_poc,spec,long,17.5016,17.543506081101714,17.47742333428546
NVDA,2014-03-18,S1_contraction,17.534046771129578,17.817296378338856,17.675671574734217,0.4046422960132531,range_poc,spec,long,17.4729,17.534046771129578,17.46323436932726
NVDA,2014-04-10,S1_contraction,17.497623903373356,17.831794066494087,17.66470898493372,0.4773859473153306,range_poc,spec,long,17.607,17.497623903373356,17.414081362593173
NVDA,2014-04-14,S1_contraction,17.499027323755683,17.83039064611176,17.66470898493372,0.4733761747943947,range_poc,spec,long,17.5495,17.499027323755683,17.416186493166663
NVDA,2014-04-25,S1_contraction,17.6117158875101,17.942409643186267,17.777062765348184,0.4724196509659503,range_poc,spec,long,17.9423,17.6117158875101,17.52904244859106
NVDA,2014-05-07,S1_contraction,17.565459036253174,17.89161538540028,17.728537210826726,0.4659376416387236,range_poc,spec,long,17.5064,17.565459036253174,17.483919948966395
NVDA,2014-05-19,S1_contraction,17.581642332636655,17.8854461266017,17.733544229619177,0.4340054199500691,range_poc,spec,long,17.7603,17.581642332636655,17.505691384145393
NVDA,2014-06-19,S1_contraction,18.173080573148223,18.421143310275323,18.297111941711773,0.35437533875299476,range_poc,spec,long,18.4186,18.173080573148223,18.111064888866448
NVDA,2014-07-03,S1_contraction,18.17678683757719,18.40100962382993,18.28889823070356,0.3203182660753406,range_poc,spec,long,18.1414,18.17678683757719,18.120731141014005
NVDA,2014-07-09,S1_contraction,18.16197637661377,18.39518039803151,18.27857838732264,0.3331486020253492,range_poc,spec,long,18.3916,18.16197637661377,18.103675371259335
NVDA,2014-08-08,S1_contraction,17.759546584719317,18.045527407484343,17.90253699610183,0.4085440325214698,range_poc,spec,long,18.2858,17.759546584719317,17.68805137902806
NVDA,2014-08-21,S1_contraction,18.198399540455032,18.47671074253954,18.337555141497287,0.3975874315493039,range_poc,spec,long,18.4337,18.198399540455032,18.128821739933905
NVDA,2014-09-11,S1_contraction,18.534232561909164,18.793759495880437,18.6639960288948,0.3707527628161003,range_poc,spec,long,18.7623,18.534232561909164,18.469350828416346
NVDA,2014-09-19,S1_contraction,18.42829109825116,18.681548088668453,18.554919593459807,0.361795700596128,range_poc,spec,long,18.4433,18.42829109825116,18.36497685064684
NVDA,2014-11-18,S1_contraction,19.15331625665719,19.513069653900722,19.333192955278957,0.5139334246336132,range_poc,spec,long,19.497,19.15331625665719,19.063377907346307
NVDA,2014-12-12,S1_contraction,19.18615885317423,19.490906240925145,19.338532547049688,0.43535341107273845,range_poc,spec,long,19.0556,19.18615885317423,19.109972006236504
NVDA,2015-01-27,S1_contraction,19.06514922217172,19.405202741061352,19.235175981616536,0.48579074127090893,range_poc,spec,long,19.0556,19.06514922217172,18.98013584244931
NVDA,2015-03-03,S1_contraction,21.43792010027512,21.777023745792334,21.607471923033728,0.4844337793103057,range_poc,spec,long,21.613,21.43792010027512,21.35314418889582
NVDA,2015-03-13,S1_contraction,21.498084404627246,21.823335215909157,21.6607098102682,0.46464401611701583,range_poc,spec,long,22.1197,21.498084404627246,21.416771701806766
NVDA,2015-04-15,S1_contraction,22.024453884866034,22.395297941173965,22.20987591302,0.5297772232970438,range_poc,spec,long,22.0515,22.024453884866034,21.93174287078905
NVDA,2015-04-27,S1_contraction,21.562032633392366,21.938357146973484,21.750194890182925,0.5376064479730233,range_poc,spec,long,21.6325,21.562032633392366,21.46795150499709
NVDA,2015-05-05,S1_contraction,21.54388518997492,21.906567228466844,21.72522620922088,0.5181171978456101,range_poc,spec,long,21.4668,21.54388518997492,21.453214680351937
NVDA,2015-06-09,S1_contraction,21.53360858671442,21.879135394882812,21.706371990798615,0.4936097259548447,range_poc,spec,long,21.3999,21.53360858671442,21.447226884672318
NVDA,2015-07-23,S1_contraction,19.189242080212534,19.53164221510011,19.36044214765632,0.489143049839396,range_poc,spec,long,19.2364,19.189242080212534,19.10364204649064
NVDA,2015-07-28,S1_contraction,19.230837806294886,19.57928971494684,19.405063760620862,0.4977884409313577,range_poc,spec,long,19.3147,19.230837806294886,19.143724829131898
NVDA,2015-09-08,S1_contraction,21.579711167856743,22.10782977254935,21.843770470203047,0.7544551495608666,range_poc,spec,long,22.2964,21.579711167856743,21.44768151668359
NVDA,2015-09-09,S1_contraction,21.58789880038522,22.117461265065145,21.852680032725182,0.756517806685612,range_poc,spec,long,21.854,21.58789880038522,21.455508184215237
NVDA,2015-09-10,S1_contraction,22.000780679388644,22.538307144412865,22.269543911900755,0.7678949500346035,range_poc,spec,long,22.1981,22.000780679388644,21.86639906313259
NVDA,2015-09-18,S1_contraction,22.00347696273248,22.554769208114482,22.279123085423482,0.787560350545718,range_poc,spec,long,22.8961,22.00347696273248,21.86565390138698
NVDA,2015-09-22,S1_contraction,21.997554866366713,22.47940238369482,22.238478625030766,0.6883535961830131,range_poc,spec,long,22.5029,21.997554866366713,21.877092987034686
NVDA,2015-09-24,S1_contraction,21.999325958370793,22.49113813289507,22.24523204563293,0.7025888207489666,range_poc,spec,long,23.0436,21.999325958370793,21.876372914739726
NVDA,2015-10-29,S1_contraction,27.061405000678334,27.570135054726208,27.31577002770227,0.726757220068386,range_poc,spec,long,27.2119,27.061405000678334,26.934222487166366
NVDA,2015-12-21,S1_contraction,32.08832257259251,32.59826620042265,32.34329438650758,0.7284908969001951,range_poc,spec,long,32.4585,32.08832257259251,31.960836665634975
NVDA,2015-12-28,S1_contraction,32.099650956133615,32.586937816881544,32.34329438650758,0.6961240867827521,range_poc,spec,long,32.7003,32.099650956133615,31.977829240946633
NVDA,2015-12-31,S1_contraction,32.07134866567391,32.55611503940186,32.313731852537884,0.6925233910399207,range_poc,spec,long,32.5226,32.07134866567391,31.95015707224192
NVDA,2016-02-02,S1_contraction,27.795780889245684,28.46714530840063,28.131463098823158,0.9590920273642082,range_poc,spec,long,27.6877,27.795780889245684,27.62793978445695
NVDA,2016-02-17,S1_contraction,27.087779659541788,27.90062777484784,27.494203717194814,1.1612115932943645,range_poc,spec,long,27.293,27.087779659541788,26.884567630715274
NVDA,2016-03-08,S1_contraction,31.04371732367728,31.80370920768232,31.4237132656798,1.0857026914357675,range_poc,spec,long,31.4436,31.04371732367728,30.853719352676023
NVDA,2016-03-15,S1_contraction,31.053291459128932,31.79413507223067,31.4237132656798,1.0583480187167655,range_poc,spec,long,31.8298,31.053291459128932,30.868080555853496
NVDA,2016-04-28,S1_contraction,36.02847341850663,36.57350422511258,36.300988821809604,0.778615438008508,range_poc,spec,long,35.8506,36.02847341850663,35.89221571685514
NVDA,2016-05-09,S1_contraction,35.13495318832079,35.67797393529892,35.40646356180986,0.7757439242544683,range_poc,spec,long,34.9395,35.13495318832079,34.99919800157626
NVDA,2016-05-10,S1_contraction,35.135068729119794,35.67785839449992,35.40646356180986,0.7754138076859036,range_poc,spec,long,35.613,35.135068729119794,34.99937131277476
NVDA,2016-06-10,S1_contraction,45.82251066173985,46.60869162055422,46.21560114114703,1.123115655449099,range_poc,spec,long,45.8701,45.82251066173985,45.62596542203626
NVDA,2016-06-17,S1_contraction,46.051169762775785,46.86780316411445,46.45948646344512,1.1666191447695127,range_poc,spec,long,46.3864,46.051169762775785,45.84701141244112
NVDA,2016-06-24,S1_contraction,45.75648087773878,46.642974351627814,46.1997276146833,1.2664192484129049,range_poc,spec,long,45.4035,45.75648087773878,45.53485750926652
NVDA,2016-09-02,S1_contraction,61.08620967181082,61.96390065040714,61.52505516110898,1.2538442551375986,range_poc,spec,long,62.197,61.08620967181082,60.86678692716174
NVDA,2016-09-07,S1_contraction,61.197262340729075,62.06831198566588,61.63278716319748,1.2443566356240081,range_poc,spec,long,61.8588,61.197262340729075,60.97949992949488
NVDA,2016-09-09,S1_contraction,61.163870037843076,62.10170428855188,61.63278716319748,1.3397632152982812,range_poc,spec,long,59.203,61.163870037843076,60.92941147516588
NVDA,2016-10-18,S1_contraction,65.56184067960855,66.73100505404956,66.14642286682906,1.670234820630026,range_poc,spec,long,66.2553,65.56184067960855,65.2695495859983
NVDA,2016-12-13,S1_contraction,90.6894918388811,93.29979935705272,91.99464559796691,3.7290107402451858,range_poc,spec,long,90.8196,90.6894918388811,90.03691495933819
NVDA,2016-12-14,S1_contraction,92.09749525875522,94.76417395832492,93.43083460854007,3.8095409993852827,range_poc,spec,long,96.0793,92.09749525875522,91.4308255838628
NVDA,2017-01-18,S1_contraction,102.11358325619165,105.09680456436382,103.60519391027773,4.261744725960257,range_poc,spec,long,102.5543,102.11358325619165,101.3677779291486
NVDA,2017-04-19,S1_contraction,99.49583100309054,101.36256283603193,100.42919691956124,2.6667597613448493,range_poc,spec,long,99.4224,99.49583100309054,99.02914804485519
NVDA,2017-05-09,S1_contraction,102.98493573142426,104.62731456108031,103.80612514625228,2.3462554709372143,range_poc,spec,long,102.674,102.98493573142426,102.57434102401024
NVDA,2017-05-11,S3_rejection,120.4004968151672,122.6605424830883,121.53051964912775,3.22863666845872,rejection_origin,spec,long,126.1731,120.4004968151672,119.83548539818693
NVDA,2017-06-26,S1_contraction,146.36789579524788,150.66712080365375,148.5175082994508,6.141750012008386,range_poc,spec,long,151.913,146.36789579524788,145.2930895431464
NVDA,2017-06-27,S1_contraction,146.37620479286323,150.6588118060384,148.5175082994508,6.11801001882161,range_poc,spec,long,146.3517,146.37620479286323,145.30555303956945
NVDA,2017-07-28,S1_contraction,163.88276480843928,167.62262500346702,165.75269490595315,5.3426574214681715,range_poc,spec,long,164.134,163.88276480843928,162.94779975968234
NVDA,2017-08-01,S1_contraction,163.89476251434579,167.6106272975605,165.75269490595315,5.3083782617353545,range_poc,spec,long,164.2338,163.89476251434579,162.96579631854212
NVDA,2017-08-23,S1_contraction,163.94374903956185,167.69980239958983,165.82177571957584,5.36579051432568,range_poc,spec,long,165.6844,163.94374903956185,163.00473569955486
NVDA,2017-09-05,S1_contraction,162.23728386572716,165.8035482596823,164.02041606270473,5.094663419935917,range_poc,spec,long,165.7943,162.23728386572716,161.3457177672384
NVDA,2017-09-08,S1_contraction,162.33025068970176,165.7105814357077,164.02041606270473,4.8290439228655915,range_poc,spec,long,163.5758,162.33025068970176,161.48516800320027
NVDA,2017-09-11,S1_contraction,164.49601811852517,167.86807718337502,166.1820476509501,4.817227235499809,range_poc,spec,long,168.8821,164.49601811852517,163.6530033523127
NVDA,2017-09-12,S1_contraction,164.52802108431618,167.836074217584,166.1820476509501,4.725790190382616,range_poc,spec,long,169.4917,164.52802108431618,163.7010078009992
NVDA,2017-09-13,S1_contraction,164.51982438386096,167.84427091803923,166.1820476509501,4.749209334540339,range_poc,spec,long,170.2512,164.51982438386096,163.6887127503164
NVDA,2017-09-14,S1_contraction,164.51837879949625,167.84571650240395,166.1820476509501,4.753339575582394,range_poc,spec,long,169.2819,164.51837879949625,163.68654437376932
NVDA,2017-11-22,S1_contraction,210.4278690028,213.6832169468896,212.0555429748448,4.650497062985081,range_poc,spec,long,214.93,210.4278690028,209.61403201677763
NVDA,2017-11-27,S1_contraction,212.55476148709133,215.77802584819906,214.1663936676452,4.604663373011076,range_poc,spec,long,214.14,212.55476148709133,211.7489453968144
NVDA,2017-12-22,S1_contraction,190.16784789453325,194.38696597201928,192.27740693327627,6.027311539265731,range_poc,spec,long,195.27,190.16784789453325,189.11306837516173
NVDA,2017-12-29,S1_contraction,190.5599921093551,194.5070078906449,192.5335,5.638593973271099,range_poc,spec,long,193.5,190.5599921093551,189.57323816403266
NVDA,2018-03-20,S1_contraction,245.03691075754577,251.33808924245423,248.1875,9.001683549869222,range_poc,spec,long,249.58,245.03691075754577,243.46161613631864
NVDA,2018-03-26,S1_contraction,240.06482242421242,245.53601090912088,242.80041666666665,7.8159835498692205,range_poc,spec,long,244.48,240.06482242421242,238.6970253029853
NVDA,2018-04-13,S1_contraction,225.93113016666666,232.66662816666667,229.29887916666667,9.622139999999996,range_poc,spec,long,231.5,225.93113016666666,224.24725566666666
NVDA,2018-04-19,S1_contraction,226.0210685,232.57668983333332,229.29887916666667,9.36517333333333,range_poc,spec,long,229.04,226.0210685,224.3821631666667
NVDA,2018-04-24,S1_contraction,225.93169366666666,232.66606466666667,229.29887916666667,9.620529999999997,range_poc,spec,long,221.2,225.93169366666666,224.24810091666666
NVDA,2018-06-20,S1_contraction,261.13637267889374,265.1404956255974,263.13843415224557,5.7201756381480475,range_poc,spec,long,262.31,261.13637267889374,260.1353419422178
NVDA,2018-07-27,S1_contraction,248.3810486666667,252.934103,250.65757583333334,6.5043633333333295,range_poc,spec,long,252.02,248.3810486666667,247.24278508333336
NVDA,2018-08-02,S1_contraction,248.24540633333334,252.98492199999998,250.61516416666666,6.770736666666665,range_poc,spec,long,250.62,248.24540633333334,247.06052741666667
NVDA,2018-08-17,S1_contraction,248.27526491930828,252.34582202265946,250.31054347098387,5.815081576215983,range_poc,spec,long,244.6882,248.27526491930828,247.25762564347048
NVDA,2018-09-14,S1_contraction,273.87781545350737,278.68792960351874,276.28287252851305,6.871591642873465,range_poc,spec,long,276.43,273.87781545350737,272.67528691600455
NVDA,2018-09-28,S1_contraction,273.7108592047324,278.8548858522937,276.28287252851305,7.348609496516101,range_poc,spec,long,280.7346,273.7108592047324,272.4248525428421
NVDA,2018-11-13,S1_contraction,198.8543807031781,207.6638636627888,203.25912218298345,12.5849756565867,range_poc,spec,long,199.1076,198.8543807031781,196.65200996327542
NVDA,2018-11-15,S1_contraction,200.14211471907998,209.09634444441735,204.61922958174867,12.791756750482,range_poc,spec,long,202.1844,200.14211471907998,197.90355728774563
NVDA,2018-12-04,S1_contraction,148.91303271573457,158.290665758594,153.6018492371643,13.396618632656317,range_poc,spec,long,157.11,148.91303271573457,146.56862445501972
NVDA,2018-12-18,S1_contraction,146.85895693780535,154.49631841028773,150.67763767404654,10.91051638926057,range_poc,spec,long,146.94,146.85895693780535,144.94961656968474
NVDA,2019-01-07,S1_contraction,144.57269182650714,150.3823081734929,147.47750000000002,8.299451924265362,range_poc,spec,long,143.4,144.57269182650714,143.1202877397607
NVDA,2019-01-09,S1_contraction,143.7815653504024,149.49943464959762,146.6405,8.168384713136051,range_poc,spec,long,142.58,143.7815653504024,142.3520980256036
NVDA,2019-01-22,S1_contraction,147.344067,152.617433,149.98075,7.533379999999996,range_poc,spec,long,148.77,147.344067,146.0257255
NVDA,2019-01-25,S1_contraction,147.08339583333333,152.21760416666666,149.6505,7.33458333333333,range_poc,spec,long,160.15,147.08339583333333,145.79984374999998
NVDA,2019-02-27,S1_contraction,148.94554549999998,153.61912116666667,151.28233333333333,6.676536666666668,range_poc,spec,long,155.41,148.94554549999998,147.7771515833333
NVDA,2019-03-11,S1_contraction,155.3848935,159.7491065,157.567,6.23459,range_poc,spec,long,161.14,155.3848935,154.29384025000002
NVDA,2019-04-16,S1_contraction,187.80910966666667,191.83039033333333,189.81975,5.744686666666666,range_poc,spec,long,188.21,187.80910966666667,186.8037895
NVDA,2019-04-22,S1_contraction,187.47722516666664,191.4364415,189.45683333333332,5.656023333333333,range_poc,spec,long,188.47,187.47722516666664,186.4874210833333
NVDA,2019-06-14,S1_contraction,143.03775920523603,146.97174079476397,145.00475,5.619973699325602,range_poc,spec,long,144.64,143.03775920523603,142.05426380785406
NVDA,2019-07-31,S1_contraction,166.21048183333332,169.50301816666664,167.85674999999998,4.703623333333331,range_poc,spec,long,168.72,166.21048183333332,165.38734775
NVDA,2019-08-19,S1_contraction,166.08834321780458,170.16665678219542,168.1275,5.8261622348440465,range_poc,spec,long,170.6111,166.08834321780458,165.06876482670685
NVDA,2019-08-29,S1_contraction,168.08463989918647,172.37036010081346,170.22749999999996,6.1224574308956985,range_poc,spec,long,167.0,168.08463989918647,167.01320984877972
NVDA,2019-08-30,S1_contraction,168.08113989918647,172.37386010081346,170.22749999999996,6.132457430895699,range_poc,spec,long,167.51,168.08113989918647,167.0079598487797
NVDA,2019-09-25,S1_contraction,177.8482122325198,181.86428776748016,179.85625,5.737250764229034,range_poc,spec,long,178.23,177.8482122325198,176.84419334877973
NVDA,2019-10-01,S1_contraction,177.99208434804856,181.6579156519514,179.825,5.23690186271832,range_poc,spec,long,174.0,177.99208434804856,177.07562652207287
NVDA,2019-10-03,S1_contraction,177.9442599337783,181.70574006622167,179.825,5.373543046347627,range_poc,spec,long,181.31,177.9442599337783,177.00388990066747
NVDA,2019-11-01,S1_contraction,195.95586666666668,200.07513333333333,198.0155,5.884666666666667,range_poc,spec,long,202.59,195.95586666666668,194.92605000000003
NVDA,2019-11-15,S1_contraction,200.72719033333334,204.72347633333334,202.72533333333334,5.7089799999999995,range_poc,spec,long,204.19,200.72719033333334,199.72811883333333
NVDA,2019-12-03,S1_contraction,200.39531569929687,204.32799938252577,202.36165754091132,5.618119547469878,range_poc,spec,long,207.66,200.39531569929687,199.41214477848965
NVDA,2020-01-24,S4_failed_break,246.51716716666664,250.08033283333333,248.29874999999998,5.090236666666667,range_poc,spec,long,250.48,246.51716716666664,245.62637574999997
NVDA,2020-01-27,S1_contraction,237.52726716666666,241.43273283333332,239.48,5.579236666666666,range_poc,spec,long,240.2,237.52726716666666,236.55090074999998
NVDA,2020-04-02,S1_contraction,254.91675599869814,270.39505566796856,262.65590583333335,22.111856670386352,range_poc,spec,long,255.47,254.91675599869814,251.04718108138053
NVDA,2020-04-06,S1_contraction,253.7142576653648,269.1715573346353,261.44290750000005,22.08185667038635,range_poc,spec,long,268.4,253.7142576653648,249.8499327480472
NVDA,2020-04-21,S1_contraction,253.4685975,267.6238575,260.5462275,20.221799999999998,range_poc,spec,long,269.51,253.4685975,249.9297825
NVDA,2020-06-11,S1_contraction,346.3283005544691,355.8302327788643,351.0792666666667,13.57418889199308,range_poc,spec,long,351.85,346.3283005544691,343.9528174983703
NVDA,2020-06-16,S1_contraction,349.08502538780243,359.1674746121976,354.12625,14.403498891993085,range_poc,spec,long,362.74,349.08502538780243,346.5644130817036
NVDA,2020-06-29,S1_contraction,348.52394205446905,358.14322461219757,353.3335833333333,13.74183222532642,range_poc,spec,long,368.0,348.52394205446905,346.11912141503694
NVDA,2020-09-23,S1_contraction,483.43136235485605,501.2588993118106,492.3451308333333,25.46790993850654,range_poc,spec,long,484.95,483.43136235485605,478.97447811561744
NVDA,2020-10-27,S1_contraction,534.1778909999999,546.8993106666666,540.5386008333332,18.173456666666656,range_poc,spec,long,535.87,534.1778909999999,530.9975360833332
NVDA,2020-11-04,S1_contraction,533.9708446666667,546.9866936666666,540.4787691666667,18.59407,range_poc,spec,long,551.77,533.9708446666667,530.7168824166667
NVDA,2020-11-23,S1_contraction,528.6168708333335,543.0714625,535.8441666666668,20.649416666666674,range_poc,spec,long,525.6,528.6168708333335,525.0032229166668
NVDA,2020-11-25,S1_contraction,528.6747293333334,543.0136040000001,535.8441666666668,20.484106666666676,range_poc,spec,long,529.39,528.6747293333334,525.0900106666668
NVDA,2020-12-14,S1_contraction,528.4881833440734,541.1928166559267,534.8405,18.149476159790492,range_poc,spec,long,532.35,528.4881833440734,525.31202501611
NVDA,2021-01-04,S1_contraction,526.4006003440734,535.3125496559267,530.856575,12.731356159790472,range_poc,spec,long,524.54,526.4006003440734,524.1726130161101
NVDA,2021-02-23,S1_contraction,536.9292606666667,550.179906,543.5545833333333,18.929493333333337,range_poc,spec,long,565.68,536.9292606666667,533.6165993333334
NVDA,2021-05-03,S1_contraction,606.5355284999999,619.6377715,613.08665,18.71748999999999,range_poc,spec,long,593.47,606.5355284999999,603.25996775
NVDA,2021-05-21,S1_contraction,601.6077638333335,616.5432695000001,609.0755166666668,21.336436666666664,range_poc,spec,long,599.67,601.6077638333335,597.8738874166668
TSLA,2010-09-10,S1_contraction,19.284508833333334,19.8863245,19.585416666666667,0.8597366666666661,range_poc,spec,long,20.17,19.284508833333334,19.134054916666667
TSLA,2010-09-27,S1_contraction,20.516141333333334,21.150378666666665,20.83326,0.9060533333333329,range_poc,spec,long,20.53,20.516141333333334,20.357582
TSLA,2010-09-29,S1_contraction,20.540446,21.191053999999998,20.86575,0.9294399999999998,range_poc,spec,long,21.98,20.540446,20.377794
TSLA,2010-10-13,S1_contraction,20.509111666666666,21.113888333333332,20.8115,0.8639666666666665,range_poc,spec,long,20.54,20.509111666666666,20.3579175
TSLA,2010-10-20,S1_contraction,20.520589333333334,21.102410666666664,20.8115,0.8311733333333334,range_poc,spec,long,20.65,20.520589333333334,20.375134000000003
TSLA,2010-10-27,S1_contraction,20.474866833333333,21.026133166666664,20.7505,0.7875233333333337,range_poc,spec,long,21.0,20.474866833333333,20.33705025
TSLA,2010-11-16,S3_rejection,28.65313027777778,29.539269611111113,29.096199944444447,1.2659133333333334,rejection_origin,spec,long,29.67,28.65313027777778,28.431595444444447
TSLA,2011-01-11,S1_contraction,26.23814733333333,27.378186,26.808166666666665,1.6286266666666664,range_poc,spec,long,26.96,26.23814733333333,25.953137666666663
TSLA,2011-02-11,S1_contraction,23.748684500000003,24.4783155,24.113500000000002,1.04233,range_poc,spec,long,23.25,23.748684500000003,23.566276750000004
TSLA,2011-02-14,S1_contraction,23.744717833333336,24.482282166666668,24.113500000000002,1.0536633333333332,range_poc,spec,long,23.08,23.744717833333336,23.56032675
TSLA,2011-02-16,S1_contraction,23.736433333333334,24.49056666666667,24.113500000000002,1.0773333333333333,range_poc,spec,long,24.73,23.736433333333334,23.5479
TSLA,2011-02-17,S1_contraction,23.722083333333334,24.50491666666667,24.113500000000002,1.1183333333333332,range_poc,spec,long,23.6,23.722083333333334,23.526375
TSLA,2011-03-08,S1_contraction,23.715146666666666,24.41785333333333,24.066499999999998,1.0038666666666667,range_poc,spec,long,24.66,23.715146666666666,23.53947
TSLA,2011-03-09,S1_contraction,23.716896666666663,24.416103333333332,24.066499999999998,0.9988666666666667,range_poc,spec,long,24.72,23.716896666666663,23.542094999999996
TSLA,2011-03-10,S1_contraction,23.422446666666666,24.126553333333334,23.7745,1.0058666666666667,range_poc,spec,long,24.01,23.422446666666666,23.24642
TSLA,2011-04-21,S1_contraction,26.164994999999998,26.975338333333333,26.570166666666665,1.1576333333333333,range_poc,spec,long,26.74,26.164994999999998,25.962409166666664
TSLA,2011-05-02,S1_contraction,26.286145,27.08552166666667,26.685833333333335,1.1419666666666672,range_poc,spec,long,27.45,26.286145,26.086300833333333
TSLA,2011-05-03,S1_contraction,26.281011666666668,27.090655,26.685833333333335,1.1566333333333334,range_poc,spec,long,26.87,26.281011666666668,26.078600833333333
TSLA,2011-05-13,S1_contraction,26.62110933333333,27.399724,27.010416666666664,1.1123066666666668,range_poc,spec,long,27.55,26.62110933333333,26.426455666666662
TSLA,2011-06-15,S1_contraction,26.996388833333334,27.930611166666665,27.4635,1.334603333333333,range_poc,spec,long,27.32,26.996388833333334,26.76283325
TSLA,2011-07-11,S1_contraction,27.2261605,28.0738395,27.65,1.2109699999999997,range_poc,spec,long,28.35,27.2261605,27.01424075
TSLA,2011-07-12,S1_contraction,27.2233605,28.0766395,27.65,1.2189699999999997,range_poc,spec,long,28.17,27.2233605,27.010040749999998
TSLA,2011-07-14,S1_contraction,27.219277166666664,28.080722833333333,27.65,1.2306366666666664,range_poc,spec,long,27.61,27.219277166666664,27.003915749999997
TSLA,2011-08-02,S1_contraction,27.360543833333335,28.117456166666667,27.739,1.081303333333333,range_poc,spec,long,27.34,27.360543833333335,27.17131575
TSLA,2011-09-07,S1_contraction,23.497811666666664,24.507188333333332,24.002499999999998,1.4419666666666666,range_poc,spec,long,23.84,23.497811666666664,23.245467499999997
TSLA,2011-09-13,S1_contraction,23.494194999999998,24.510804999999998,24.002499999999998,1.4523,range_poc,spec,long,24.08,23.494194999999998,23.240042499999998
TSLA,2011-09-29,S1_contraction,23.358591666666666,24.307908333333334,23.83325,1.3561666666666667,range_poc,spec,long,24.12,23.358591666666666,23.1212625
TSLA,2011-10-19,S1_contraction,27.107672,28.060661333333336,27.58416666666667,1.3614133333333334,range_poc,spec,long,27.57,27.107672,26.869424666666667
TSLA,2011-10-25,S1_contraction,26.972705333333334,27.926627999999997,27.449666666666666,1.3627466666666666,range_poc,spec,long,28.25,26.972705333333334,26.73422466666667
TSLA,2011-10-26,S1_contraction,26.973638666666666,27.925694666666665,27.449666666666666,1.36008,range_poc,spec,long,27.98,26.973638666666666,26.735624666666666
TSLA,2011-11-29,S1_contraction,30.948896333333337,32.00460366666667,31.476750000000003,1.5081533333333335,range_poc,spec,long,31.75,30.948896333333337,30.684969500000005
TSLA,2011-12-01,S1_contraction,30.933767166666666,31.999566166666664,31.466666666666665,1.5225700000000004,range_poc,spec,long,32.6,30.933767166666666,30.667317416666666
TSLA,2011-12-08,S1_contraction,30.8553455,32.027987833333334,31.441666666666666,1.6752033333333336,range_poc,spec,long,30.89,30.8553455,30.562184916666666
TSLA,2012-01-06,S1_contraction,27.5807375,28.515762500000005,28.048250000000003,1.33575,range_poc,spec,long,26.91,27.5807375,27.34698125
TSLA,2012-03-02,S1_contraction,33.3043455,34.20748783333333,33.755916666666664,1.290203333333332,range_poc,spec,long,34.04,33.3043455,33.07855991666666
TSLA,2012-03-09,S1_contraction,33.324260833333334,34.23123916666666,33.77775,1.2956833333333324,range_poc,spec,long,34.74,33.324260833333334,33.09751625
TSLA,2012-05-07,S1_contraction,32.511988833333334,33.51551116666667,33.01375,1.4336033333333333,range_poc,spec,long,32.47,32.511988833333334,32.26110825
TSLA,2012-06-08,S1_contraction,29.594487666666666,30.73801233333333,30.166249999999998,1.6336066666666669,range_poc,spec,long,30.08,29.594487666666666,29.3086065
TSLA,2012-06-12,S1_contraction,29.576152333333333,30.756347666666663,30.166249999999998,1.6859933333333335,range_poc,spec,long,29.66,29.576152333333333,29.2811035
TSLA,2012-06-28,S1_contraction,29.639895499999998,30.795271166666662,30.21758333333333,1.6505366666666665,range_poc,spec,long,31.41,29.639895499999998,29.35105158333333
TSLA,2012-07-02,S1_contraction,29.671668,30.829832,30.25075,1.6545199999999993,range_poc,spec,long,30.4,29.671668,29.382127
TSLA,2012-07-05,S1_contraction,31.185834666666665,32.27166533333333,31.728749999999998,1.5511866666666663,range_poc,spec,long,31.23,31.185834666666665,30.914376999999998
TSLA,2012-08-24,S1_contraction,29.083601666666667,30.165731666666666,29.624666666666666,1.5459,range_poc,spec,long,29.5,29.083601666666667,28.813069166666665
TSLA,2012-08-28,S1_contraction,29.154226666666666,30.17160666666667,29.662916666666668,1.4533999999999998,range_poc,spec,long,28.69,29.154226666666666,28.899881666666666
TSLA,2012-09-07,S1_contraction,29.165210000000002,30.063123333333337,29.61416666666667,1.2827333333333333,range_poc,spec,long,29.35,29.165210000000002,28.940731666666668
TSLA,2012-10-04,S1_contraction,28.187942833333334,29.0531405,28.620541666666668,1.2359966666666664,range_poc,spec,long,29.4,28.187942833333334,27.971643416666666
TSLA,2012-10-05,S1_contraction,28.1887595,29.052323833333336,28.620541666666668,1.233663333333333,range_poc,spec,long,28.89,28.1887595,27.972868416666664
TSLA,2012-10-09,S1_contraction,28.201137833333334,29.0399455,28.620541666666668,1.1982966666666666,range_poc,spec,long,28.37,28.201137833333334,27.991435916666667
TSLA,2012-10-23,S1_contraction,28.172165166666666,29.001168166666666,28.586666666666666,1.1842899999999996,range_poc,spec,long,28.39,28.172165166666666,27.964914416666666
TSLA,2012-12-27,S1_contraction,33.78599,34.545676666666665,34.16583333333333,1.085266666666666,range_poc,spec,long,33.69,33.78599,33.596068333333335
TSLA,2012-12-31,S1_contraction,33.816290833333326,34.5709375,34.19361416666666,1.0780666666666658,range_poc,spec,long,33.87,33.816290833333326,33.62762916666666
TSLA,2013-01-04,S1_contraction,33.8275945,34.56240549999999,34.19499999999999,1.0497299999999992,range_poc,spec,long,34.4,33.8275945,33.643891749999995
TSLA,2013-02-20,S1_contraction,38.085185833333334,38.89031416666666,38.48775,1.150183333333333,range_poc,spec,long,38.54,38.085185833333334,37.88390375
TSLA,2013-03-06,S1_contraction,37.09886916666667,38.044464166666664,37.571666666666665,1.3508499999999999,range_poc,spec,long,37.69,37.09886916666667,36.86247041666667
TSLA,2013-04-01,S3_rejection,46.0982,47.2378,46.668,1.6280000000000001,rejection_origin,spec,long,43.93,46.0982,45.8133
TSLA,2013-05-10,S3_rejection,74.46070030555555,77.08032663888889,75.77051347222222,3.742323333333334,rejection_origin,spec,long,76.764,74.46070030555555,73.8057937222222
TSLA,2013-05-14,S4_failed_break,79.72836983333333,82.73127183333334,81.22982083333333,4.289860000000001,range_poc,spec,long,83.24,79.72836983333333,78.97764433333333
TSLA,2013-05-29,S3_rejection,94.81343361111111,99.33534494444443,97.07438927777777,6.459873333333334,rejection_origin,spec,long,104.629,94.81343361111111,93.68295577777778
TSLA,2013-06-11,S1_contraction,92.08881716666667,97.47618283333333,94.7825,7.6962366666666675,range_poc,spec,long,94.47,92.08881716666667,90.74197575000001
TSLA,2013-06-13,S1_contraction,90.24411833333333,95.69588166666666,92.97,7.788233333333335,range_poc,spec,long,98.18,90.24411833333333,88.8811775
TSLA,2013-09-10,S1_contraction,165.49140116666666,170.52859883333332,168.01,7.195996666666667,range_poc,spec,long,166.37,165.49140116666666,164.23210175
TSLA,2013-11-04,S1_contraction,171.6942105,177.8807895,174.7875,8.83797,range_poc,spec,long,175.2,171.6942105,170.14756575
TSLA,2013-12-02,S1_contraction,119.00147249999999,125.5350275,122.26825,9.333650000000002,range_poc,spec,long,124.17,119.00147249999999,117.36808374999998
TSLA,2013-12-03,S1_contraction,135.05665583333334,141.78551083333335,138.42108333333334,9.61265,range_poc,spec,long,144.7,135.05665583333334,133.37444208333335
TSLA,2013-12-19,S1_contraction,137.70807166666668,142.99192833333336,140.35000000000002,7.548366666666667,range_poc,spec,long,140.72,137.70807166666668,136.3871075
TSLA,2014-01-10,S1_contraction,140.03660699999998,144.53805966666667,142.28733333333332,6.430646666666667,range_poc,spec,long,145.7199,140.03660699999998,138.9112438333333
TSLA,2014-01-13,S1_contraction,140.11389866666667,144.65618466666666,142.38504166666667,6.488980000000001,range_poc,spec,long,139.34,140.11389866666667,138.97832716666667
TSLA,2014-02-25,S3_rejection,255.6172667499999,262.9257357499999,259.2715012499999,10.44067,rejection_origin,spec,long,248.0,255.6172667499999,253.79014949999993
TSLA,2014-04-22,S1_contraction,209.35127583333335,217.20372416666666,213.2775,11.217783333333333,range_poc,spec,long,218.64,209.35127583333335,207.38816375000002
TSLA,2014-06-13,S1_contraction,205.423072,210.48566799999998,207.95436999999998,7.232279999999999,range_poc,spec,long,206.42,205.423072,204.157423
TSLA,2014-06-16,S2_trend_cluster,204.68956866666667,210.08793133333336,207.38875000000002,7.711946666666666,trend_cluster,spec,long,224.61,204.68956866666667,203.339978
TSLA,2014-07-14,S1_contraction,228.6235281666667,233.96705516666668,231.29529166666669,7.633610000000001,range_poc,spec,long,226.7,228.6235281666667,227.2876464166667
TSLA,2014-07-18,S1_contraction,217.9962915,223.48275850000002,220.73952500000001,7.837810000000003,range_poc,spec,long,220.0201,217.9962915,216.62467475
TSLA,2014-07-30,S1_contraction,218.00544666666667,223.09505333333334,220.55025,7.270866666666671,range_poc,spec,long,228.92,218.00544666666667,216.733045
TSLA,2014-07-31,S1_contraction,217.95516333333333,223.14533666666668,220.55025,7.414533333333337,range_poc,spec,long,223.3,217.95516333333333,216.65762
TSLA,2014-09-15,S1_contraction,258.9830935,264.7377398333333,261.86041666666665,8.220923333333333,range_poc,spec,long,253.86,258.9830935,257.54443191666667
TSLA,2014-10-06,S1_contraction,258.2302755,264.1922245,261.21125,8.517070000000002,range_poc,spec,long,260.62,258.2302755,256.73978825
TSLA,2014-10-28,S1_contraction,228.8888595,235.52380716666667,232.20633333333333,9.47849666666667,range_poc,spec,long,242.77,228.8888595,227.23012258333333
TSLA,2015-01-02,S1_contraction,212.56863533333336,217.82886466666668,215.19875000000002,7.514613333333338,range_poc,spec,long,219.31,212.56863533333336,211.25357800000003
TSLA,2015-01-05,S1_contraction,212.56808233333334,217.8294176666667,215.19875000000002,7.516193333333337,range_poc,spec,long,210.09,212.56808233333334,211.2527485
TSLA,2015-01-13,S1_contraction,206.99339416666666,212.3502725,209.67183333333332,7.6526833333333375,range_poc,spec,long,204.25,206.99339416666666,205.65417458333332
TSLA,2015-01-26,S1_contraction,207.41384449999998,212.6111555,210.0125,7.424730000000003,range_poc,spec,long,206.55,207.41384449999998,206.11451674999998
TSLA,2015-02-11,S1_contraction,205.15825783333335,210.2677421666667,207.71300000000002,7.299263333333334,range_poc,spec,long,212.8,205.15825783333335,203.88088675
TSLA,2015-02-12,S1_contraction,200.23480783333335,205.69919216666668,202.967,7.806263333333335,range_poc,spec,long,202.88,200.23480783333335,198.86871175000002
TSLA,2015-02-24,S1_contraction,200.18365966666667,205.57367366666668,202.87866666666667,7.700019999999999,range_poc,spec,long,204.11,200.18365966666667,198.83615616666668
TSLA,2015-02-27,S1_contraction,200.84741466666668,205.90658533333334,203.377,7.227386666666665,range_poc,spec,long,203.34,200.84741466666668,199.58262200000001
TSLA,2015-03-18,S1_contraction,200.5245503333333,205.27944966666666,202.902,6.7927133333333325,range_poc,spec,long,200.71,200.5245503333333,199.33582549999997
TSLA,2015-04-27,S3_rejection,218.6252361388889,223.15771047222222,220.89147330555556,6.474963333333332,rejection_origin,spec,long,231.55,218.6252361388889,217.49211755555558
TSLA,2015-06-01,S1_contraction,244.28362750000002,249.19734750000003,246.74048750000003,7.0196,range_poc,spec,long,249.45,244.28362750000002,243.05519750000002
TSLA,2015-06-15,S1_contraction,244.20775550000002,248.2672445,246.2375,5.799270000000001,range_poc,spec,long,250.38,244.20775550000002,243.19288325000002
TSLA,2015-08-04,S1_contraction,263.12737716666663,268.9336228333333,266.03049999999996,8.294636666666667,range_poc,spec,long,266.28,263.12737716666663,261.67581574999997
TSLA,2015-09-10,S1_contraction,238.73902016666668,246.26097983333332,242.5,10.745656666666669,range_poc,spec,long,248.48,238.73902016666668,236.85853025
TSLA,2015-09-11,S1_contraction,238.73108683333334,246.26891316666666,242.5,10.768323333333335,range_poc,spec,long,250.24,238.73108683333334,236.84663025
TSLA,2015-09-28,S1_contraction,246.9676438333333,254.05885616666663,250.51324999999997,10.130303333333334,range_poc,spec,long,248.43,246.9676438333333,245.19484074999997
TSLA,2015-11-12,S1_contraction,210.44803783333333,216.67462883333332,213.56133333333332,8.89513,range_poc,spec,long,212.94,210.44803783333333,208.89139008333333
TSLA,2015-11-20,S1_contraction,210.72584533333333,216.62623633333334,213.67604083333333,8.429129999999997,range_poc,spec,long,220.01,210.72584533333333,209.25074758333332
TSLA,2015-11-23,S1_contraction,210.753843,216.59823866666667,213.67604083333333,8.349136666666665,range_poc,spec,long,217.75,210.753843,209.29274408333333
TSLA,2015-12-16,S1_contraction,229.5638675,235.06279916666668,232.31333333333333,7.855616666666666,range_poc,spec,long,234.51,229.5638675,228.18913458333333
TSLA,2016-01-04,S1_contraction,228.70167466666666,234.02222533333335,231.36195,7.600786666666665,range_poc,spec,long,223.41,228.70167466666666,227.371537
TSLA,2016-06-01,S1_contraction,213.9797165,219.3007035,216.64021,7.601409999999998,range_poc,spec,long,219.56,213.9797165,212.64946974999998
TSLA,2016-07-08,S1_contraction,217.46141566666665,222.73150099999998,220.09645833333332,7.528693333333335,range_poc,spec,long,216.78,217.46141566666665,216.14389433333332
TSLA,2016-07-21,S1_contraction,217.28963383333334,222.5213661666667,219.90550000000002,7.473903333333337,range_poc,spec,long,220.5,217.28963383333334,215.98170075000002
TSLA,2016-08-02,S1_contraction,222.35389816666668,227.33876850000001,224.84633333333335,7.121243333333335,range_poc,spec,long,227.2,222.35389816666668,221.10768058333335
TSLA,2016-08-05,S1_contraction,224.95686483333333,229.61180183333335,227.28433333333334,6.649910000000001,range_poc,spec,long,230.03,224.95686483333333,223.79313058333332
TSLA,2016-08-17,S1_contraction,224.64707733333333,228.53592266666666,226.5915,5.555493333333334,range_poc,spec,long,223.24,224.64707733333333,223.674866
TSLA,2016-09-30,S1_contraction,204.78434766666666,208.39565233333335,206.59,5.159006666666667,range_poc,spec,long,204.03,204.78434766666666,203.8815215
TSLA,2016-10-18,S1_contraction,196.18004833333333,200.04883166666667,198.11444,5.526833333333331,range_poc,spec,long,199.1,196.18004833333333,195.2128525
TSLA,2016-11-29,S1_contraction,186.85876816666666,191.41906516666666,189.13891666666666,6.51471,range_poc,spec,long,189.57,186.85876816666666,185.71869391666667
TSLA,2016-12-08,S1_contraction,185.61324133333335,190.29725866666666,187.95525,6.6914533333333335,range_poc,spec,long,192.29,185.61324133333335,184.44223700000003
TSLA,2017-03-09,S1_contraction,248.17161783333333,253.24404883333332,250.70783333333333,7.246329999999995,range_poc,spec,long,244.9,248.17161783333333,246.90351008333334
TSLA,2017-03-14,S1_contraction,247.39183333333335,252.51116666666667,249.9515,7.313333333333328,range_poc,spec,long,258.0,247.39183333333335,246.11200000000002
TSLA,2017-03-23,S1_contraction,248.00093333333334,253.41473333333332,250.70783333333333,7.733999999999996,range_poc,spec,long,254.78,248.00093333333334,246.64748333333335
TSLA,2017-04-17,S1_contraction,296.1891166666667,301.70838333333336,298.94875,7.884666666666666,range_poc,spec,long,301.44,296.1891166666667,294.8093
TSLA,2017-04-20,S1_contraction,296.1387166666667,301.7587833333333,298.94875,8.028666666666666,range_poc,spec,long,302.51,296.1387166666667,294.73370000000006
TSLA,2017-05-04,S1_contraction,299.19280000000003,305.3145333333333,302.2536666666667,8.74533333333333,range_poc,spec,long,295.46,299.19280000000003,297.6623666666667
TSLA,2017-05-17,S1_contraction,303.31315,309.57185,306.4425,8.941,range_poc,spec,long,306.11,303.31315,301.748475
TSLA,2017-06-23,S1_contraction,372.98195,380.12055,376.55125,10.197999999999999,range_poc,spec,long,383.45,372.98195,371.1973
TSLA,2017-06-26,S1_contraction,372.88418333333334,380.2183166666666,376.55125,10.477333333333329,range_poc,spec,long,377.49,372.88418333333334,371.05065
TSLA,2017-07-27,S1_contraction,323.32301666666666,331.8553166666666,327.58916666666664,12.188999999999995,range_poc,spec,long,334.46,323.32301666666666,321.18994166666664
TSLA,2017-07-31,S1_contraction,323.2593166666666,331.91901666666666,327.58916666666664,12.370999999999997,range_poc,spec,long,323.47,323.2593166666666,321.09439166666664
TSLA,2017-08-02,S1_contraction,323.1873333333333,331.991,327.58916666666664,12.576666666666663,range_poc,spec,long,325.89,323.1873333333333,320.9864166666666
TSLA,2017-09-11,S1_contraction,350.1508166666667,357.52018333333336,353.8355,10.527666666666667,range_poc,spec,long,363.69,350.1508166666667,348.30847500000004
TSLA,2017-10-19,S1_contraction,350.51648333333327,357.73535,354.1259166666666,10.312666666666672,range_poc,spec,long,351.81,350.51648333333327,348.71176666666656
TSLA,2017-12-26,S1_contraction,312.36948133333334,318.87601866666665,315.62275,9.295053333333335,range_poc,spec,long,317.29,312.36948133333334,310.742847
TSLA,2018-01-03,S1_contraction,312.38301583333333,318.4529841666667,315.418,8.671383333333333,range_poc,spec,long,317.25,312.38301583333333,310.86552374999997
TSLA,2018-01-25,S1_contraction,333.88551716666666,340.51748283333336,337.2015,9.474236666666673,range_poc,spec,long,337.64,333.88551716666666,332.22752575
TSLA,2018-02-28,S1_contraction,339.4415706666666,347.59276266666666,343.51716666666664,11.644560000000004,range_poc,spec,long,343.06,339.4415706666666,337.4037726666666
TSLA,2018-03-12,S1_contraction,331.24755,339.80995,335.52875,12.232000000000005,range_poc,spec,long,345.51,331.24755,329.10695
TSLA,2018-03-13,S1_contraction,332.3734908333333,340.8583425,336.61591666666664,12.121216666666669,range_poc,spec,long,341.84,332.3734908333333,330.25227791666657
TSLA,2018-03-15,S1_contraction,328.9801575,337.72867583333334,333.3544166666667,12.497883333333336,range_poc,spec,long,325.6,328.9801575,326.7930279166667
TSLA,2018-04-13,S1_contraction,298.37046733333335,308.82261766666664,303.5965425,14.931643333333334,range_poc,spec,long,300.34,298.37046733333335,295.75742975000003
TSLA,2018-04-18,S1_contraction,294.9090535,305.4427048333333,300.1758791666667,15.048073333333331,range_poc,spec,long,293.35,294.9090535,292.27564066666673
TSLA,2018-04-27,S1_contraction,294.0215876666666,304.1916473333333,299.10661749999997,14.52865666666667,range_poc,spec,long,294.075,294.0215876666666,291.47907274999994
TSLA,2018-05-04,S1_contraction,294.6125556666667,305.15047933333335,299.88151750000003,15.054176666666669,range_poc,spec,long,294.09,294.6125556666667,291.97807475
TSLA,2018-05-10,S1_contraction,295.1372601666667,304.62277816666665,299.88001916666667,13.550740000000003,range_poc,spec,long,305.02,295.1372601666667,292.7658806666667
TSLA,2018-05-29,S1_contraction,281.3828935,288.54243983333333,284.9626666666667,10.227923333333335,range_poc,spec,long,283.76,281.3828935,279.5930069166667
TSLA,2018-05-31,S1_contraction,281.38306850000004,288.5422648333333,284.9626666666667,10.227423333333336,range_poc,spec,long,284.73,281.38306850000004,279.5932694166667
TSLA,2018-06-05,S1_contraction,281.44990683333333,288.4754265,284.9626666666667,10.036456666666671,range_poc,spec,long,291.13,281.44990683333333,279.69352691666666
TSLA,2018-10-17,S1_contraction,256.22639733333335,268.0927693333333,262.15958333333333,16.951959999999996,range_poc,spec,long,271.78,256.22639733333335,253.25980433333336
TSLA,2018-10-18,S1_contraction,256.2673473333333,268.05181933333336,262.15958333333333,16.83496,range_poc,spec,long,263.91,256.2673473333333,253.3212293333333
TSLA,2018-11-16,S1_contraction,334.7435673333334,345.635691,340.1896291666667,15.560176666666665,range_poc,spec,long,354.31,334.7435673333334,332.0205364166667
TSLA,2018-11-20,S1_contraction,334.5472036666667,345.41179633333337,339.97950000000003,15.520846666666666,range_poc,spec,long,347.49,334.5472036666667,331.83105550000005
TSLA,2018-12-17,S1_contraction,341.6698833333333,351.01394999999997,346.34191666666663,13.34866666666667,range_poc,spec,long,348.42,341.6698833333333,339.3338666666666
TSLA,2019-01-30,S1_contraction,301.3826428333333,313.35454216666665,307.3685925,17.102713333333334,range_poc,spec,long,308.77,301.3826428333333,298.389668
TSLA,2019-02-07,S1_contraction,302.21025383333335,313.31751783333334,307.76388583333335,15.867520000000006,range_poc,spec,long,307.51,302.21025383333335,299.43343783333336
TSLA,2019-02-25,S1_contraction,302.50381883333336,310.60005616666666,306.5519375,11.56605333333334,range_poc,spec,long,298.77,302.50381883333336,300.4797595
TSLA,2019-02-27,S1_contraction,302.401445,310.70243,306.5519375,11.858550000000005,range_poc,spec,long,314.74,302.401445,300.32619875
TSLA,2019-03-27,S1_contraction,272.107326,279.41367399999996,275.7605,10.437639999999998,range_poc,spec,long,274.83,272.107326,270.28073900000004
TSLA,2019-07-02,S1_contraction,217.585075,223.98334333333335,220.78420916666667,9.140383333333336,range_poc,spec,long,224.55,217.585075,215.98550791666665
TSLA,2019-07-25,S1_contraction,222.61984333333336,228.51257166666667,225.56620750000002,8.41818333333333,range_poc,spec,long,228.82,222.61984333333336,221.14666125000002
TSLA,2019-08-12,S1_contraction,226.11062966666665,232.21520366666667,229.16291666666666,8.720819999999996,range_poc,spec,long,229.01,226.11062966666665,224.58448616666664
TSLA,2019-08-30,S1_contraction,225.6785363333333,232.11696366666663,228.89774999999997,9.197753333333337,range_poc,spec,long,225.61,225.6785363333333,224.06892949999997
TSLA,2019-09-05,S1_contraction,225.89121400000002,232.38345266666667,229.13733333333334,9.27462666666667,range_poc,spec,long,229.58,225.89121400000002,224.26815433333337
TSLA,2019-09-24,S1_contraction,222.76557499999998,228.27609166666664,225.52083333333331,7.872166666666667,range_poc,spec,long,223.21,222.76557499999998,221.38794583333333
TSLA,2020-02-04,S3_rejection,958.507476388889,981.3392830555556,969.9233797222223,32.61686666666666,rejection_origin,spec,long,887.06,958.507476388889,952.7995247222224
TSLA,2020-04-02,S1_contraction,492.4515456666667,536.722621,514.5870833333333,63.24439333333333,range_poc,spec,long,454.47,492.4515456666667,481.38377683333334
TSLA,2020-04-03,S1_contraction,494.76476233333324,539.6987376666666,517.2317499999999,64.19139333333334,range_poc,spec,long,480.01,494.76476233333324,483.5312684999999
TSLA,2020-04-06,S1_contraction,492.9633790000001,537.0151210000001,514.9892500000001,62.93106,range_poc,spec,long,516.24,492.9633790000001,481.95044350000006
TSLA,2020-04-08,S1_contraction,492.4511011666667,535.7057321666667,514.0784166666667,61.79233,range_poc,spec,long,548.84,492.4511011666667,481.6374434166667
TSLA,2020-05-21,S1_contraction,772.390777,805.6823896666666,789.0365833333333,47.55944666666666,range_poc,spec,long,827.6,772.390777,764.0678738333334
TSLA,2020-05-27,S1_contraction,774.4689563333333,805.079877,789.7744166666666,43.729886666666665,range_poc,spec,long,820.23,774.4689563333333,766.8162261666666
TSLA,2020-05-28,S1_contraction,774.7043896666667,804.8444436666666,789.7744166666666,43.057219999999994,range_poc,spec,long,805.81,774.7043896666667,767.1693761666667
TSLA,2020-06-29,S1_contraction,979.3389886666666,1006.9183446666666,993.1286666666666,39.399080000000005,range_poc,spec,long,1009.35,979.3389886666666,972.4441496666666
TSLA,2020-08-03,S1_contraction,1481.3754221666666,1551.0085778333334,1516.192,99.47593666666668,range_poc,spec,long,1485.0,1481.3754221666666,1463.9671332499997
TSLA,2020-08-12,S1_contraction,1465.6337221666668,1540.8461111666666,1503.2399166666667,107.44627,range_poc,spec,long,1554.76,1465.6337221666668,1446.8306249166667
TSLA,2020-08-24,S3_rejection,1872.8295441944445,1945.048266527778,1908.9389053611112,103.16960333333333,rejection_origin,spec,long,2014.2,1872.8295441944445,1854.774863611111
TSLA,2020-08-31,S1_contraction,430.89988883333336,543.2391111666667,487.0695,160.48460333333333,range_poc,spec,long,498.32,430.89988883333336,402.81508325000004
TSLA,2020-12-29,S1_contraction,631.7782434999999,656.4021364999999,644.0901899999999,35.17699000000001,range_poc,spec,long,665.99,631.7782434999999,625.6222702499999
TSLA,2021-01-27,S1_contraction,836.1493671666666,861.2606328333333,848.7049999999999,35.87323666666667,range_poc,spec,long,864.16,836.1493671666666,829.8715507499999
TSLA,2021-02-09,S1_contraction,828.454834,853.735166,841.095,36.11476,range_poc,spec,long,849.46,828.454834,822.134751
TSLA,2021-02-11,S1_contraction,827.3251376666667,853.5876840000001,840.4564108333334,37.51792333333333,range_poc,spec,long,811.66,827.3251376666667,820.7595010833334
TSLA,2021-03-22,S1_contraction,672.108123,705.6858769999999,688.8969999999999,47.96822,range_poc,spec,long,670.0,672.108123,663.7136845
TSLA,2021-03-31,S1_contraction,653.2542556666666,687.313976,670.2841158333333,48.656743333333345,range_poc,spec,long,667.93,653.2542556666666,644.7393255833333
TSLA,2021-04-05,S1_contraction,672.7804351666667,707.7293981666668,690.2549166666668,49.927090000000014,range_poc,spec,long,691.05,672.7804351666667,664.0431944166667
TSLA,2021-04-21,S1_contraction,678.021568,703.267432,690.6445,36.06552,range_poc,spec,long,744.12,678.021568,671.710102
TSLA,2021-05-07,S1_contraction,669.9979748333333,692.3130251666666,681.1555,31.878643333333333,range_poc,spec,long,672.37,669.9979748333333,664.4192122499999
TSLA,2021-05-25,S1_contraction,576.9168545000001,598.8766455000001,587.8967500000001,31.371129999999994,range_poc,spec,long,604.69,576.9168545000001,571.4269067500002
TSLA,2021-06-02,S1_contraction,580.0576783333333,600.0648216666666,590.06125,28.581633333333325,range_poc,spec,long,605.12,580.0576783333333,575.0558925
TSLA,2021-06-03,S1_contraction,580.2086449999999,599.913855,590.06125,28.15029999999999,range_poc,spec,long,572.84,580.2086449999999,575.2823424999999
TSLA,2021-06-04,S1_contraction,579.3702616666667,598.8897383333333,589.13,27.884966666666653,range_poc,spec,long,599.05,579.3702616666667,574.4903925000001
TSLA,2021-06-08,S1_contraction,579.8494783333333,599.6701883333333,589.7598333333333,28.31529999999999,range_poc,spec,long,603.59,579.8494783333333,574.8943008333333
