symbol,release_date,release_time,side,period
A,2013-02-14,post,short,IS
A,2013-05-14,post,long,IS
A,2013-08-14,post,long,IS
A,2013-11-14,post,long,IS
A,2014-08-14,post,long,IS
A,2015-05-18,post,short,IS
A,2016-05-16,post,long,IS
A,2017-05-22,post,long,OOS
A,2017-08-15,post,long,OOS
A,2018-02-14,post,long,OOS
A,2018-11-19,post,long,OOS
A,2019-05-14,post,short,OOS
A,2019-08-14,post,long,OOS
AA,2017-10-18,post,short,OOS
AA,2018-01-17,post,short,OOS
AA,2018-10-17,post,long,OOS
AABA,2014-04-15,post,long,IS
AABA,2014-10-21,post,long,IS
AABA,2015-01-27,post,long,IS
AABA,2015-07-21,post,short,IS
AABA,2017-01-23,post,long,OOS
AAL,2016-07-22,pre,long,IS
AAL,2019-01-24,pre,long,OOS
AAN,2013-04-25,post,short,IS
AAN,2014-02-07,pre,long,IS
AAN,2015-04-24,pre,long,IS
AAN,2015-07-24,pre,long,IS
AAN,2015-10-30,pre,short,IS
AAN,2017-02-17,pre,long,OOS
AAN,2017-04-28,pre,long,OOS
AAN,2017-07-28,pre,long,OOS
AAN,2017-10-27,pre,short,OOS
AAN,2018-02-15,pre,long,OOS
AAN,2018-04-26,pre,short,OOS
AAN,2018-07-26,pre,long,OOS
AAN,2019-02-14,pre,short,OOS
AAN,2019-04-25,pre,long,OOS
AAN,2019-07-25,pre,long,OOS
AAOI,2017-02-23,post,long,OOS
AAOI,2017-05-04,post,long,OOS
AAOI,2018-05-08,post,short,OOS
AAOI,2018-08-07,post,long,OOS
AAOI,2020-08-06,post,long,OOS
AAP,2013-02-07,pre,long,IS
AAP,2014-02-06,pre,long,IS
AAP,2014-05-15,pre,long,IS
AAP,2014-08-14,pre,long,IS
AAP,2015-05-21,pre,short,IS
AAP,2015-11-12,pre,short,IS
AAP,2016-05-19,pre,short,IS
AAP,2016-08-16,pre,short,IS
AAP,2016-11-14,post,long,IS
AAP,2017-05-24,pre,short,OOS
AAP,2017-08-15,pre,short,OOS
AAP,2017-11-14,pre,long,OOS
AAP,2018-02-21,pre,long,OOS
AAP,2018-05-22,pre,long,OOS
AAP,2018-08-14,pre,long,OOS
AAP,2018-11-13,pre,long,OOS
AAP,2019-05-22,pre,long,OOS
AAP,2019-08-13,pre,short,OOS
AAPL,2013-04-23,post,short,IS
AAPL,2013-07-23,post,long,IS
AAPL,2014-04-23,post,long,IS
AAPL,2014-10-20,post,long,IS
AAPL,2015-01-27,post,long,IS
AAPL,2016-04-26,post,short,IS
AAPL,2016-07-26,post,long,IS
AAPL,2017-01-31,post,long,OOS
AAPL,2017-08-01,post,long,OOS
AAPL,2017-11-02,post,long,OOS
AAPL,2018-05-01,post,long,OOS
AAPL,2018-07-31,post,long,OOS
AAPL,2019-01-29,post,long,OOS
AAPL,2019-04-30,post,long,OOS
AAPL,2019-07-30,post,long,OOS
AAWW,2013-05-02,pre,long,IS
AAWW,2017-08-02,pre,long,OOS
AAWW,2017-11-07,pre,short,OOS
AAWW,2018-02-22,pre,long,OOS
AAWW,2019-02-19,pre,long,OOS
AAXN,2017-05-09,post,long,OOS
AAXN,2018-02-27,post,long,OOS
AAXN,2018-05-08,post,long,OOS
AAXN,2019-02-26,post,short,OOS
ABB,2013-07-25,pre,short,IS
ABB,2014-04-29,pre,short,IS
ABB,2016-04-20,pre,long,IS
ABB,2017-04-20,pre,long,OOS
ABB,2017-10-26,pre,long,OOS
ABB,2018-07-19,pre,long,OOS
ABB,2019-02-28,pre,short,OOS
ABBV,2013-10-25,pre,long,IS
ABBV,2014-10-31,pre,long,IS
ABBV,2015-10-30,pre,long,IS
ABBV,2017-10-27,pre,long,OOS
ABBV,2018-01-26,pre,long,OOS
ABBV,2018-11-02,pre,long,OOS
ABBV,2019-01-25,pre,short,OOS
ABC,2014-04-24,pre,long,IS
ABC,2014-07-24,pre,long,IS
ABC,2014-10-30,pre,long,IS
ABC,2015-01-28,pre,long,IS
ABC,2015-04-30,pre,long,IS
ABC,2016-08-02,pre,long,IS
ABC,2017-01-31,pre,long,OOS
ABC,2019-01-31,pre,long,OOS
ABC,2019-08-01,pre,long,OOS
ABCB,2018-04-20,pre,short,OOS
ABCB,2018-07-27,pre,short,OOS
ABG,2014-02-04,pre,long,IS
ABG,2014-04-23,pre,long,IS
ABG,2014-07-22,pre,long,IS
ABG,2017-02-07,pre,long,OOS
ABG,2018-04-24,pre,long,OOS
ABG,2018-10-23,pre,long,OOS
ABG,2019-02-06,pre,long,OOS
ABG,2019-04-23,pre,long,OOS
ABM,2017-03-07,post,long,OOS
ABM,2017-12-13,post,short,OOS
ABM,2018-03-06,post,short,OOS
ABM,2018-06-06,post,long,OOS
ABM,2018-09-06,post,long,OOS
ABMD,2015-05-05,pre,long,IS
ABMD,2015-08-04,pre,long,IS
ABMD,2016-10-27,pre,short,IS
ABMD,2017-10-26,pre,long,OOS
ABMD,2018-07-26,pre,short,OOS
ABMD,2019-01-31,pre,long,OOS
ABT,2013-10-16,pre,long,IS
ABT,2014-04-16,pre,long,IS
ABT,2016-07-20,pre,long,IS
ABT,2018-01-24,pre,long,OOS
ABT,2018-07-18,pre,long,OOS
ABT,2019-07-17,pre,long,OOS
ACA,2021-02-24,post,short,OOS
ACAD,2014-11-10,post,short,IS
ACAD,2015-08-06,post,short,IS
ACAD,2017-08-08,post,long,OOS
ACAD,2018-08-08,post,short,OOS
ACAD,2019-07-31,post,long,OOS
ACC,2013-07-23,post,short,IS
ACC,2013-10-21,post,short,IS
ACC,2016-04-25,post,short,IS
ACC,2017-10-23,post,short,OOS
ACC,2018-07-23,post,short,OOS
ACGL,2012-11-01,post,short,IS
ACGL,2013-10-28,post,long,IS
ACGL,2014-07-31,post,long,IS
ACGL,2015-04-28,post,long,IS
ACGL,2015-07-29,post,long,IS
ACGL,2016-02-09,post,long,IS
ACGL,2016-07-27,post,long,IS
ACGL,2017-10-25,post,short,OOS
ACGL,2018-10-30,post,long,OOS
ACGL,2019-07-29,post,long,OOS
ACHC,2013-05-01,post,long,IS
ACHC,2014-10-29,post,long,IS
ACHC,2016-02-16,post,short,IS
ACHC,2017-02-23,post,long,OOS
ACHC,2017-07-27,post,long,OOS
ACHC,2017-10-24,post,short,OOS
ACHC,2018-05-01,post,long,OOS
ACIA,2016-08-11,post,long,IS
ACIA,2018-11-01,post,long,OOS
ACIA,2019-02-21,post,long,OOS
ACIW,2013-05-02,pre,short,IS
ACIW,2013-11-07,pre,long,IS
ACIW,2018-11-08,pre,long,OOS
ACIW,2019-02-28,pre,short,OOS
ACIW,2019-05-09,pre,short,OOS
ACM,2013-02-05,pre,long,IS
ACM,2013-11-12,pre,short,IS
ACM,2015-08-11,pre,short,IS
ACM,2016-05-10,pre,long,IS
ACN,2013-12-19,pre,long,IS
ACN,2014-03-27,pre,short,IS
ACN,2014-09-24,pre,short,IS
ACN,2014-12-18,pre,long,IS
ACN,2015-03-26,pre,long,IS
ACN,2015-06-25,pre,long,IS
ACN,2015-12-17,pre,short,IS
ACN,2016-09-29,pre,long,IS
ACN,2017-12-21,pre,long,OOS
ACN,2018-06-28,pre,long,OOS
ACN,2019-03-28,pre,long,OOS
ACOR,2013-10-31,pre,long,IS
ACOR,2014-07-31,pre,long,IS
ACOR,2015-10-22,pre,long,IS
ACOR,2016-07-28,pre,short,IS
ACOR,2017-07-27,pre,short,OOS
ACOR,2017-10-31,pre,short,OOS
ACTG,2013-02-21,post,long,IS
ACTG,2013-04-18,post,short,IS
ACTG,2013-07-18,post,short,IS
ADBE,2012-12-13,post,long,IS
ADBE,2013-03-19,post,long,IS
ADBE,2013-06-18,post,long,IS
ADBE,2014-06-17,post,long,IS
ADBE,2014-12-11,post,long,IS
ADBE,2015-12-10,post,long,IS
ADBE,2016-03-17,post,long,IS
ADBE,2016-09-20,post,long,IS
ADBE,2016-12-15,post,long,IS
ADBE,2017-03-16,post,long,OOS
ADBE,2017-06-20,post,long,OOS
ADBE,2017-12-14,post,long,OOS
ADBE,2018-03-15,post,long,OOS
ADI,2015-08-18,post,long,IS
ADI,2015-11-24,pre,long,IS
ADI,2016-11-22,pre,long,IS
ADI,2017-02-15,pre,long,OOS
ADI,2017-05-31,pre,long,OOS
ADI,2017-08-30,pre,long,OOS
ADM,2013-02-05,pre,long,IS
ADM,2013-05-01,post,short,IS
ADM,2014-02-04,pre,long,IS
ADM,2014-04-29,pre,short,IS
ADM,2014-08-05,pre,long,IS
ADM,2014-11-04,pre,long,IS
ADM,2015-11-03,pre,short,IS
ADM,2016-02-02,pre,short,IS
ADM,2016-08-02,pre,short,IS
ADM,2016-11-01,pre,long,IS
ADM,2017-02-07,pre,short,OOS
ADM,2017-05-02,pre,short,OOS
ADM,2017-08-01,pre,long,OOS
ADM,2017-10-31,pre,short,OOS
ADM,2018-07-31,pre,long,OOS
ADM,2019-02-05,pre,short,OOS
ADNT,2017-04-28,pre,long,OOS
ADNT,2018-01-29,pre,short,OOS
ADNT,2018-05-03,pre,short,OOS
ADNT,2019-02-07,pre,short,OOS
ADNT,2019-08-06,pre,long,OOS
ADP,2013-05-03,pre,long,IS
ADP,2013-08-01,pre,short,IS
ADP,2015-02-04,pre,long,IS
ADP,2015-07-30,pre,short,IS
ADP,2016-04-28,pre,short,IS
ADP,2016-11-02,pre,long,IS
ADP,2017-07-27,pre,short,OOS
ADP,2018-05-02,pre,long,OOS
ADP,2018-10-31,pre,long,OOS
ADP,2019-01-30,pre,long,OOS
ADP,2019-07-31,pre,long,OOS
ADPT,2019-08-13,post,short,OOS
ADS,2013-01-31,pre,long,IS
ADS,2015-10-22,pre,long,IS
ADS,2016-07-21,pre,long,IS
ADS,2017-04-20,pre,long,OOS
ADS,2019-04-25,pre,short,OOS
ADSK,2013-05-16,post,short,IS
ADSK,2013-08-22,post,long,IS
ADSK,2014-02-26,post,long,IS
ADSK,2014-05-15,post,long,IS
ADSK,2014-11-20,post,long,IS
ADSK,2015-02-26,post,long,IS
ADSK,2016-08-25,post,long,IS
ADSK,2017-05-18,post,long,OOS
ADSK,2017-08-24,post,long,OOS
ADSK,2018-03-06,post,long,OOS
ADSK,2018-08-23,post,long,OOS
ADSK,2018-11-20,post,long,OOS
ADSK,2019-02-28,post,long,OOS
ADSK,2019-05-23,post,short,OOS
ADT,2014-01-30,pre,short,IS
ADT,2014-04-30,pre,long,IS
ADT,2014-07-30,pre,long,IS
ADT,2014-11-12,pre,long,IS
ADT,2015-01-28,pre,long,IS
ADT,2015-07-29,pre,short,IS
ADT,2018-08-08,post,short,OOS
ADTN,2013-04-09,post,long,IS
ADTN,2015-01-20,post,long,IS
AEE,2014-02-21,pre,long,IS
AEE,2016-11-04,pre,long,IS
AEE,2017-11-03,pre,short,OOS
AEE,2019-02-14,pre,short,OOS
AEIS,2017-01-30,post,long,OOS
AEIS,2017-07-31,post,long,OOS
AEIS,2018-07-30,post,short,OOS
AEIS,2020-08-05,pre,long,OOS
AEL,2013-11-04,post,long,IS
AEL,2016-04-27,post,short,IS
AEL,2017-05-03,post,long,OOS
AEL,2017-11-06,post,long,OOS
AEL,2018-11-05,post,long,OOS
AEM,2012-10-24,post,long,IS
AEM,2013-10-23,post,long,IS
AEM,2014-05-01,post,long,IS
AEM,2014-10-29,post,short,IS
AEM,2017-07-26,post,long,OOS
AEM,2017-10-25,post,long,OOS
AEM,2019-04-25,post,long,OOS
AEO,2012-11-28,pre,long,IS
AEO,2013-03-06,pre,short,IS
AEO,2013-08-21,pre,short,IS
AEO,2014-08-20,pre,long,IS
AEO,2015-03-04,pre,long,IS
AEO,2015-05-20,pre,long,IS
AEO,2016-05-18,post,long,IS
AEO,2017-08-23,pre,long,OOS
AEO,2019-06-05,pre,long,OOS
AEO,2021-03-03,post,long,OOS
AEP,2013-10-23,pre,long,IS
AEP,2016-04-28,pre,short,IS
AEP,2021-04-22,pre,short,OOS
AER,2014-02-20,pre,short,IS
AER,2014-08-12,pre,long,IS
AER,2014-11-04,pre,long,IS
AER,2015-02-23,pre,long,IS
AER,2017-02-21,pre,long,OOS
AER,2017-11-02,pre,long,OOS
AER,2018-02-14,pre,long,OOS
AER,2019-05-01,pre,long,OOS
AER,2019-07-30,pre,long,OOS
AER,2020-02-13,pre,long,OOS
AERI,2019-11-06,post,short,OOS
AES,2014-05-08,pre,short,IS
AES,2015-05-11,pre,short,IS
AES,2017-05-08,pre,short,OOS
AES,2018-02-27,pre,long,OOS
AES,2018-08-07,pre,short,OOS
AFG,2013-07-29,post,long,IS
AFG,2017-02-01,post,long,OOS
AFG,2017-08-01,post,long,OOS
AFG,2018-01-31,post,long,OOS
AFG,2018-05-02,post,long,OOS
AFG,2019-01-30,post,short,OOS
AFL,2015-04-28,post,short,IS
AFL,2017-01-31,post,short,OOS
AFL,2018-07-26,post,long,OOS
AG,2017-08-03,post,short,OOS
AGCO,2012-10-31,pre,short,IS
AGCO,2013-02-05,pre,long,IS
AGCO,2013-04-30,pre,long,IS
AGCO,2013-07-31,pre,long,IS
AGCO,2013-10-29,pre,short,IS
AGCO,2014-04-29,pre,long,IS
AGCO,2015-02-03,pre,long,IS
AGCO,2015-07-28,pre,long,IS
AGCO,2016-04-27,pre,long,IS
AGCO,2017-07-27,pre,long,OOS
AGCO,2018-02-06,pre,short,OOS
AGEN,2018-03-15,pre,short,OOS
AGI,2017-08-03,pre,long,OOS
AGI,2018-02-22,pre,short,OOS
AGIO,2015-08-06,pre,short,IS
AGIO,2017-11-01,pre,long,OOS
AGN,2012-11-01,pre,long,IS
AGN,2013-02-19,pre,long,IS
AGN,2013-05-02,pre,long,IS
AGN,2016-05-10,pre,long,IS
AGN,2017-05-09,pre,long,OOS
AGNC,2013-05-02,post,short,IS
AGNC,2013-10-28,post,short,IS
AGNC,2014-07-28,post,long,IS
AGNC,2015-10-26,post,short,IS
AGNC,2016-10-24,post,long,IS
AGNC,2019-04-24,post,short,OOS
AGO,2013-11-11,post,long,IS
AGO,2014-08-07,post,long,IS
AGO,2015-05-07,post,long,IS
AGO,2015-11-05,post,long,IS
AGR,2016-04-25,post,long,IS
AGR,2016-10-25,pre,short,IS
AGR,2017-02-21,pre,long,OOS
AGR,2017-07-19,pre,long,OOS
AGR,2018-07-24,pre,short,OOS
AGR,2018-10-23,post,long,OOS
AGR,2019-02-19,post,short,OOS
AGR,2019-04-24,post,short,OOS
AHL,2012-10-24,post,long,IS
AHL,2013-10-30,post,long,IS
AHL,2018-02-07,post,long,OOS
AIG,2013-02-21,post,long,IS
AIG,2013-05-02,post,long,IS
AIG,2013-08-01,post,long,IS
AIG,2014-08-04,post,long,IS
AIG,2015-02-12,post,short,IS
AIG,2015-11-02,post,short,IS
AIG,2016-05-02,post,short,IS
AIG,2016-08-02,post,long,IS
AIG,2016-11-02,post,short,IS
AIG,2017-02-14,post,short,OOS
AIG,2017-05-03,post,long,OOS
AIG,2017-11-02,post,short,OOS
AIG,2018-05-02,post,short,OOS
AIG,2018-08-02,post,short,OOS
AIG,2019-02-13,post,short,OOS
AIG,2019-05-06,post,long,OOS
AIG,2020-02-13,pre,long,OOS
AIMC,2018-10-25,pre,long,OOS
AIMC,2019-02-21,pre,short,OOS
AIMC,2019-04-26,pre,long,OOS
AIMC,2019-07-25,pre,short,OOS
AIN,2019-07-30,post,long,OOS
AINV,2015-02-05,pre,long,IS
AIT,2017-01-26,pre,long,OOS
AIT,2018-01-25,pre,long,OOS
AIT,2018-04-26,pre,long,OOS
AIT,2018-08-10,pre,long,OOS
AIT,2019-01-24,pre,short,OOS
AIV,2015-11-03,post,short,IS
AIV,2017-02-02,post,long,OOS
AIV,2018-08-02,post,short,OOS
AIZ,2012-07-25,post,long,IS
AIZ,2013-02-06,post,long,IS
AIZ,2013-04-24,post,short,IS
AIZ,2015-02-12,post,short,IS
AIZ,2015-07-28,post,long,IS
AIZ,2016-02-09,post,short,IS
AIZ,2016-04-26,post,long,IS
AIZ,2017-05-02,post,long,OOS
AIZ,2019-05-06,post,long,OOS
AJG,2013-04-30,post,long,IS
AJG,2014-01-28,post,short,IS
AJG,2016-04-28,post,long,IS
AJG,2016-10-27,post,long,IS
AJG,2017-10-26,post,long,OOS
AJG,2018-01-25,post,long,OOS
AJRD,2019-07-31,post,long,OOS
AKAM,2012-10-24,post,long,IS
AKAM,2013-04-24,post,long,IS
AKAM,2014-02-05,post,long,IS
AKAM,2015-02-10,post,long,IS
AKAM,2015-07-28,post,short,IS
AKAM,2016-02-09,post,long,IS
AKAM,2016-10-25,post,long,IS
AKAM,2017-10-24,post,long,OOS
AKAM,2018-02-06,post,long,OOS
AKAM,2018-04-30,post,long,OOS
AKAM,2018-10-29,post,long,OOS
AKAM,2019-04-30,post,long,OOS
AKR,2016-04-26,post,short,IS
AKR,2017-11-02,post,short,OOS
AKRX,2014-08-05,pre,long,IS
AKRX,2015-02-26,pre,long,IS
AKRX,2016-08-04,pre,long,IS
AKRX,2016-11-03,pre,long,IS
AKS,2016-10-25,pre,long,IS
AKS,2017-01-24,pre,long,OOS
AKS,2017-07-25,pre,long,OOS
AKS,2017-10-31,pre,short,OOS
AKS,2018-07-30,post,short,OOS
AL,2014-02-27,post,long,IS
AL,2014-05-08,post,long,IS
AL,2014-08-07,post,long,IS
AL,2015-02-26,post,long,IS
AL,2015-11-05,post,long,IS
AL,2016-05-05,post,long,IS
AL,2016-08-04,post,long,IS
AL,2016-11-03,post,long,IS
AL,2017-05-04,post,short,OOS
AL,2018-11-08,post,long,OOS
ALB,2013-01-22,post,long,IS
ALB,2013-07-17,post,short,IS
ALB,2014-10-22,post,long,IS
ALB,2015-05-06,post,long,IS
ALB,2016-05-10,post,long,IS
ALB,2017-02-27,post,long,OOS
ALB,2017-05-03,post,long,OOS
ALB,2018-08-07,post,long,OOS
ALB,2019-02-20,post,long,OOS
ALC,2019-08-20,post,short,OOS
ALDR,2017-02-23,post,short,OOS
ALDR,2017-04-27,post,short,OOS
ALE,2014-11-03,pre,long,IS
ALE,2015-05-07,pre,long,IS
ALE,2015-11-03,pre,long,IS
ALE,2016-11-04,pre,long,IS
ALE,2017-08-02,pre,long,OOS
ALE,2017-11-01,pre,long,OOS
ALE,2018-08-02,pre,short,OOS
ALGN,2012-10-17,post,short,IS
ALGN,2013-01-30,post,long,IS
ALGN,2013-07-18,post,long,IS
ALGN,2013-10-17,post,long,IS
ALGN,2014-07-24,post,long,IS
ALGN,2014-10-23,post,long,IS
ALGN,2015-01-29,post,short,IS
ALGN,2015-04-23,post,long,IS
ALGN,2015-10-22,post,long,IS
ALGN,2016-01-28,post,long,IS
ALGN,2016-04-28,post,long,IS
ALGN,2017-04-27,post,long,OOS
ALGN,2017-07-27,post,long,OOS
ALGN,2017-10-26,post,long,OOS
ALGN,2018-04-25,post,long,OOS
ALGT,2017-04-25,post,short,OOS
ALGT,2017-07-26,post,short,OOS
ALGT,2018-04-25,post,long,OOS
ALGT,2019-01-30,post,long,OOS
ALK,2014-10-23,pre,long,IS
ALK,2015-01-22,pre,long,IS
ALK,2017-10-25,pre,short,OOS
ALK,2018-04-23,pre,long,OOS
ALKS,2013-05-23,pre,short,IS
ALKS,2014-07-31,pre,short,IS
ALKS,2018-07-26,pre,long,OOS
ALL,2012-10-31,post,long,IS
ALL,2013-02-06,post,long,IS
ALL,2013-07-31,post,long,IS
ALL,2014-02-05,post,long,IS
ALL,2014-07-30,post,long,IS
ALL,2014-10-29,post,long,IS
ALL,2015-08-03,post,short,IS
ALL,2015-11-02,post,long,IS
ALL,2016-05-04,post,long,IS
ALL,2017-02-01,post,long,OOS
ALL,2017-05-02,post,long,OOS
ALL,2017-11-01,post,long,OOS
ALL,2018-10-31,post,short,OOS
ALL,2019-02-05,post,long,OOS
ALL,2019-07-30,post,long,OOS
ALLE,2014-07-30,post,short,IS
ALLE,2014-10-30,pre,long,IS
ALLE,2015-10-29,pre,long,IS
ALLE,2016-04-28,pre,short,IS
ALLE,2016-10-27,pre,short,IS
ALLE,2017-04-27,pre,long,OOS
ALLE,2018-02-20,pre,long,OOS
ALLE,2018-04-26,pre,short,OOS
ALLE,2019-07-25,pre,short,OOS
ALLK,2019-08-05,pre,long,OOS
ALLY,2014-07-29,pre,long,IS
ALLY,2014-10-29,pre,long,IS
ALLY,2015-04-28,pre,long,IS
ALLY,2016-10-26,pre,short,IS
ALLY,2017-01-31,pre,long,OOS
ALLY,2017-07-27,pre,long,OOS
ALLY,2019-01-30,pre,long,OOS
ALNY,2015-08-06,post,short,IS
ALNY,2017-02-08,post,long,OOS
ALRM,2017-08-08,post,long,OOS
ALRM,2018-05-03,post,long,OOS
ALRM,2018-08-07,post,long,OOS
ALRM,2018-11-07,post,long,OOS
ALRM,2019-08-08,post,long,OOS
ALRM,2020-02-25,post,long,OOS
ALSN,2014-10-27,post,long,IS
ALSN,2016-04-25,post,long,IS
ALSN,2016-07-27,post,short,IS
ALSN,2017-02-06,post,long,OOS
ALSN,2017-04-26,post,long,OOS
ALSN,2017-07-31,post,long,OOS
ALSN,2017-10-30,post,long,OOS
ALSN,2018-04-30,post,long,OOS
ALSN,2018-07-30,post,long,OOS
ALSN,2018-10-29,post,long,OOS
ALTR,2014-01-23,post,long,IS
ALTR,2014-04-24,post,long,IS
ALV,2012-10-23,pre,short,IS
ALV,2013-04-26,pre,long,IS
ALV,2013-10-24,pre,short,IS
ALV,2014-01-31,pre,long,IS
ALV,2014-10-23,pre,short,IS
ALV,2015-01-29,pre,long,IS
ALV,2015-07-17,pre,long,IS
ALV,2015-10-23,pre,long,IS
ALV,2017-02-02,pre,short,OOS
ALV,2017-07-21,pre,short,OOS
ALV,2018-01-30,pre,long,OOS
ALV,2018-04-27,pre,short,OOS
ALV,2018-10-26,pre,short,OOS
ALV,2019-01-29,pre,short,OOS
ALV,2021-04-23,pre,long,OOS
ALXN,2013-02-14,pre,long,IS
ALXN,2013-04-25,pre,long,IS
ALXN,2014-01-30,pre,long,IS
ALXN,2014-10-23,pre,long,IS
ALXN,2016-04-28,pre,short,IS
ALXN,2016-10-27,pre,long,IS
ALXN,2017-02-16,pre,long,OOS
ALXN,2017-04-27,pre,long,OOS
ALXN,2017-07-27,pre,long,OOS
ALXN,2018-04-26,pre,long,OOS
AM,2019-02-13,post,long,OOS
AMAG,2015-05-05,pre,long,IS
AMAG,2015-11-03,pre,short,IS
AMAG,2016-05-03,pre,short,IS
AMAG,2016-08-09,pre,long,IS
AMAG,2016-11-03,pre,long,IS
AMAT,2014-08-14,post,long,IS
AMAT,2015-05-14,post,long,IS
AMAT,2015-11-12,post,long,IS
AMAT,2016-02-18,post,long,IS
AMAT,2016-05-19,post,long,IS
AMAT,2016-08-18,post,long,IS
AMAT,2017-05-18,post,long,OOS
AMAT,2017-08-17,post,long,OOS
AMAT,2017-11-16,post,long,OOS
AMAT,2019-05-16,post,long,OOS
AMBA,2013-09-05,post,long,IS
AMBA,2013-12-05,post,long,IS
AMBA,2014-09-04,post,long,IS
AMBA,2015-03-03,post,long,IS
AMBA,2016-06-02,post,long,IS
AMBA,2017-11-30,post,long,OOS
AMBA,2018-11-29,post,long,OOS
AMBA,2019-03-05,post,long,OOS
AMBA,2019-06-04,post,long,OOS
AMBA,2019-08-29,post,long,OOS
AMC,2018-03-01,pre,long,OOS
AMC,2019-02-28,post,long,OOS
AMC,2019-05-09,pre,short,OOS
AMC,2019-08-08,pre,long,OOS
AMCX,2012-11-08,pre,long,IS
AMCX,2013-02-26,pre,short,IS
AMCX,2013-05-09,pre,long,IS
AMCX,2013-11-07,pre,short,IS
AMCX,2014-05-08,pre,short,IS
AMCX,2014-11-06,pre,long,IS
AMCX,2015-02-26,pre,long,IS
AMCX,2015-05-04,pre,long,IS
AMCX,2015-11-05,pre,long,IS
AMCX,2016-11-03,pre,short,IS
AMCX,2017-02-23,pre,long,OOS
AMCX,2018-05-10,pre,long,OOS
AMD,2016-07-21,post,long,IS
AMD,2017-01-31,post,long,OOS
AMD,2017-07-25,post,long,OOS
AMD,2018-04-25,post,long,OOS
AMD,2018-07-25,post,long,OOS
AMD,2019-04-30,post,long,OOS
AME,2014-08-05,pre,long,IS
AME,2016-11-01,pre,long,IS
AME,2018-02-01,pre,long,OOS
AME,2018-11-01,pre,long,OOS
AME,2019-02-05,pre,long,OOS
AMED,2015-07-29,pre,long,IS
AMED,2016-11-03,post,short,IS
AMED,2017-05-02,post,long,OOS
AMED,2018-05-07,post,long,OOS
AMED,2018-07-31,post,long,OOS
AMED,2018-10-29,post,long,OOS
AMG,2013-07-30,pre,long,IS
AMG,2014-04-29,pre,long,IS
AMG,2018-10-29,pre,long,OOS
AMGN,2014-07-29,post,long,IS
AMGN,2015-04-21,post,long,IS
AMGN,2015-07-30,post,long,IS
AMGN,2017-02-02,post,long,OOS
AMGN,2019-07-30,post,long,OOS
AMH,2017-11-02,post,short,OOS
AMH,2018-11-01,post,short,OOS
AMKR,2014-04-28,post,long,IS
AMKR,2014-10-27,post,short,IS
AMN,2019-05-02,post,long,OOS
AMP,2012-10-24,post,long,IS
AMP,2014-02-04,post,long,IS
AMP,2014-04-28,post,long,IS
AMP,2014-07-29,post,long,IS
AMP,2014-10-28,post,long,IS
AMP,2015-04-22,post,short,IS
AMP,2017-02-01,post,long,OOS
AMP,2017-07-25,post,long,OOS
AMP,2017-10-24,post,long,OOS
AMT,2013-05-01,pre,short,IS
AMT,2014-07-30,pre,long,IS
AMT,2017-10-31,pre,short,OOS
AMTD,2013-07-23,pre,long,IS
AMTD,2014-01-21,pre,long,IS
AMTD,2015-01-21,pre,short,IS
AMTD,2015-04-21,pre,short,IS
AMTD,2017-07-18,pre,long,OOS
AMTD,2017-10-24,pre,long,OOS
AMTD,2018-01-22,post,long,OOS
AMWD,2015-11-24,pre,long,IS
AMWD,2018-03-09,pre,short,OOS
AMWD,2018-05-29,pre,long,OOS
AMX,2016-07-28,post,short,IS
AMZN,2014-01-30,post,short,IS
AMZN,2014-07-24,post,short,IS
AMZN,2014-10-23,post,short,IS
AMZN,2015-01-29,post,long,IS
AMZN,2015-04-23,post,long,IS
AMZN,2015-07-23,post,long,IS
AMZN,2015-10-22,post,long,IS
AMZN,2016-01-28,post,short,IS
AMZN,2016-04-28,post,long,IS
AMZN,2016-07-28,post,long,IS
AMZN,2016-10-27,post,short,IS
AMZN,2017-04-27,post,long,OOS
AMZN,2017-07-27,post,short,OOS
AMZN,2017-10-26,post,long,OOS
AMZN,2018-02-01,post,long,OOS
AMZN,2018-04-26,post,long,OOS
AMZN,2018-07-26,post,long,OOS
AMZN,2019-04-25,post,long,OOS
AMZN,2019-07-25,post,short,OOS
AN,2013-04-18,pre,long,IS
AN,2014-07-17,pre,short,IS
AN,2014-10-28,pre,long,IS
AN,2015-02-03,pre,long,IS
AN,2015-04-22,pre,long,IS
AN,2016-10-28,pre,short,IS
AN,2017-08-02,pre,short,OOS
AN,2017-11-02,pre,long,OOS
AN,2018-10-30,pre,short,OOS
AN,2019-02-22,pre,short,OOS
ANDE,2014-05-07,post,short,IS
ANDE,2014-08-06,post,long,IS
ANDE,2014-11-05,post,short,IS
ANDE,2015-02-10,post,short,IS
ANDX,2017-11-08,post,long,OOS
ANET,2014-08-07,post,long,IS
ANET,2015-02-19,post,long,IS
ANET,2015-11-05,post,long,IS
ANET,2016-02-18,post,long,IS
ANET,2017-02-16,post,long,OOS
ANET,2017-08-03,post,long,OOS
ANET,2017-11-02,post,long,OOS
ANET,2018-11-01,post,long,OOS
ANET,2019-02-14,post,long,OOS
ANF,2012-11-14,pre,long,IS
ANF,2013-05-24,pre,short,IS
ANF,2013-08-22,pre,short,IS
ANF,2014-02-26,pre,long,IS
ANF,2014-05-29,pre,long,IS
ANF,2015-08-26,pre,long,IS
ANF,2015-11-20,pre,long,IS
ANF,2016-03-02,pre,long,IS
ANF,2016-05-26,pre,short,IS
ANF,2016-08-30,pre,short,IS
ANF,2016-11-18,pre,short,IS
ANF,2017-08-24,pre,long,OOS
ANF,2017-11-17,pre,long,OOS
ANF,2018-03-07,pre,long,OOS
ANF,2018-11-29,pre,long,OOS
ANF,2019-03-06,pre,long,OOS
ANGI,2013-04-24,post,long,IS
ANGI,2014-02-12,post,short,IS
ANGI,2014-04-23,post,long,IS
ANIP,2015-08-04,pre,short,IS
ANIP,2019-11-06,pre,short,OOS
ANSS,2016-08-04,pre,long,IS
ANSS,2017-05-03,post,long,OOS
ANSS,2017-11-01,post,long,OOS
ANSS,2018-11-07,post,long,OOS
ANSS,2019-02-27,post,long,OOS
ANTM,2017-10-25,pre,long,OOS
ANTM,2018-01-31,pre,long,OOS
ANTM,2018-04-25,pre,long,OOS
ANTM,2019-01-30,pre,long,OOS
AOBC,2017-09-07,post,short,OOS
AON,2013-02-01,pre,long,IS
AON,2016-07-29,pre,short,IS
AON,2016-10-28,pre,long,IS
AON,2017-02-10,pre,long,OOS
AON,2017-05-09,pre,long,OOS
AOS,2013-01-24,pre,long,IS
AOS,2013-07-24,pre,long,IS
AOS,2013-10-21,pre,long,IS
AOS,2014-07-22,pre,long,IS
AOS,2015-07-23,pre,long,IS
AOS,2016-07-26,pre,long,IS
AOS,2018-10-30,pre,short,OOS
AOS,2019-04-30,pre,short,OOS
AOS,2019-07-30,pre,short,OOS
APA,2014-02-13,pre,short,IS
APAM,2014-10-27,post,short,IS
APAM,2015-04-28,post,short,IS
APAM,2017-07-31,post,short,OOS
APAM,2017-10-31,post,long,OOS
APC,2014-05-05,post,long,IS
APC,2015-07-28,post,long,IS
APC,2017-05-02,post,short,OOS
APC,2018-02-06,post,long,OOS
APC,2019-02-05,post,short,OOS
APD,2012-10-19,pre,short,IS
APD,2015-01-29,pre,long,IS
APD,2015-07-30,pre,long,IS
APD,2016-01-29,pre,long,IS
APD,2016-07-28,pre,long,IS
APD,2017-01-27,pre,short,OOS
APD,2017-08-01,pre,long,OOS
APD,2017-10-26,pre,long,OOS
APDN,2021-02-11,post,short,OOS
APH,2012-07-18,pre,long,IS
APH,2016-10-19,pre,long,IS
APH,2017-10-25,pre,long,OOS
APH,2018-10-24,pre,long,OOS
APH,2019-07-24,pre,short,OOS
APO,2014-05-08,pre,short,IS
APO,2015-02-05,pre,short,IS
APO,2015-05-07,pre,short,IS
APO,2015-07-29,pre,long,IS
APO,2017-02-03,pre,long,OOS
APO,2017-08-02,pre,short,OOS
APO,2017-11-01,pre,long,OOS
APO,2018-08-02,pre,short,OOS
APOG,2016-04-06,post,long,IS
APOG,2017-09-19,pre,short,OOS
APPF,2018-10-29,post,short,OOS
APPF,2019-05-02,post,short,OOS
APPN,2019-08-08,post,long,OOS
APPS,2020-08-05,post,long,OOS
APPS,2021-02-03,post,long,OOS
APRN,2017-08-10,pre,short,OOS
APRN,2020-04-29,pre,short,OOS
APTV,2018-02-01,pre,short,OOS
APTV,2019-01-31,pre,long,OOS
APTV,2019-07-31,pre,long,OOS
APU,2015-02-04,post,short,IS
AR,2015-04-29,post,long,IS
AR,2015-10-28,post,long,IS
AR,2016-04-27,post,short,IS
AR,2017-08-02,post,short,OOS
AR,2017-11-01,post,short,OOS
AR,2018-08-01,post,short,OOS
ARCB,2018-11-01,post,long,OOS
ARCC,2012-11-05,pre,long,IS
ARCC,2013-11-05,pre,long,IS
ARCC,2014-08-05,pre,short,IS
ARCC,2017-05-03,pre,short,OOS
ARCC,2018-10-31,pre,long,OOS
ARCC,2019-02-12,pre,long,OOS
ARCH,2017-05-02,pre,long,OOS
ARCH,2017-07-27,pre,short,OOS
ARCH,2017-10-31,pre,long,OOS
ARCH,2018-07-31,pre,long,OOS
ARCH,2019-02-14,pre,long,OOS
ARCH,2019-04-23,pre,long,OOS
ARCO,2013-11-05,pre,short,IS
ARCT,2021-05-10,post,short,OOS
ARE,2014-05-05,post,short,IS
ARE,2019-07-29,post,long,OOS
AREX,2014-02-24,post,long,IS
AREX,2014-05-08,post,short,IS
ARI,2017-11-01,post,long,OOS
ARI,2019-07-24,post,long,OOS
ARLP,2019-04-29,pre,long,OOS
ARMK,2014-08-11,pre,long,IS
ARMK,2015-11-18,pre,long,IS
ARMK,2016-08-10,pre,long,IS
ARMK,2017-02-07,pre,long,OOS
ARMK,2017-11-14,pre,short,OOS
ARMK,2018-05-08,pre,long,OOS
ARMK,2019-02-05,pre,long,OOS
ARMK,2019-05-07,pre,short,OOS
ARMK,2019-08-06,pre,long,OOS
ARNA,2013-05-02,post,short,IS
ARNA,2014-02-27,post,short,IS
ARNC,2019-04-30,pre,long,OOS
ARNC,2019-08-02,pre,long,OOS
ARRS,2013-08-07,post,long,IS
ARRS,2013-10-30,post,long,IS
ARRS,2014-02-19,post,long,IS
ARRS,2014-05-06,post,long,IS
ARRS,2016-05-04,post,long,IS
ARRS,2016-07-27,post,long,IS
ARRS,2017-05-03,post,long,OOS
ARRS,2017-08-02,post,long,OOS
ARRS,2018-05-01,post,long,OOS
ARRS,2018-08-01,post,short,OOS
ARW,2013-07-24,pre,long,IS
ARW,2015-07-28,pre,long,IS
ARW,2015-10-28,pre,short,IS
ARW,2016-05-03,pre,long,IS
ARW,2017-02-07,pre,short,OOS
ARW,2019-05-02,pre,short,OOS
ASB,2018-04-19,post,long,OOS
ASGN,2014-02-19,post,long,IS
ASGN,2015-07-29,post,long,IS
ASGN,2016-10-27,post,short,IS
ASGN,2017-02-14,post,short,OOS
ASGN,2017-10-25,post,long,OOS
ASGN,2018-10-24,post,long,OOS
ASGN,2019-02-13,post,short,OOS
ASGN,2019-04-24,post,short,OOS
ASH,2013-01-29,pre,short,IS
ASH,2016-11-08,post,short,IS
ASH,2017-01-26,post,long,OOS
ASH,2017-08-01,post,long,OOS
ASH,2017-11-06,post,long,OOS
ASH,2018-01-29,post,short,OOS
ASH,2018-05-01,post,long,OOS
ASH,2019-04-30,post,short,OOS
ASML,2013-01-17,pre,long,IS
ASML,2013-07-17,pre,long,IS
ASML,2014-01-22,pre,long,IS
ASML,2014-04-16,pre,short,IS
ASML,2015-07-15,pre,long,IS
ASML,2017-01-18,pre,long,OOS
ASML,2017-04-19,pre,long,OOS
ASML,2017-07-19,pre,long,OOS
ASML,2018-01-17,pre,long,OOS
ASML,2018-07-18,pre,long,OOS
ASNA,2013-03-04,post,long,IS
ASNA,2013-06-05,post,short,IS
ASNA,2013-09-24,post,long,IS
ASNA,2013-12-02,post,long,IS
ASNA,2014-09-22,post,short,IS
ASNA,2015-03-03,post,short,IS
ASNA,2015-12-01,post,long,IS
ASNA,2016-09-19,post,short,IS
ASPS,2014-07-24,pre,long,IS
ATGE,2017-11-02,post,short,OOS
ATGE,2018-08-16,post,short,OOS
ATGE,2018-11-01,post,long,OOS
ATH,2017-03-15,post,long,OOS
ATH,2017-08-09,post,long,OOS
ATH,2017-11-06,post,long,OOS
ATH,2018-08-02,post,long,OOS
ATHM,2015-03-04,pre,long,IS
ATHM,2015-11-05,pre,short,IS
ATHM,2016-11-14,pre,long,IS
ATHM,2017-08-09,pre,long,OOS
ATHN,2013-07-18,post,short,IS
ATHN,2014-02-06,post,long,IS
ATHN,2015-04-30,post,long,IS
ATHN,2015-10-22,post,long,IS
ATHN,2016-07-21,post,short,IS
ATHN,2017-04-27,post,short,OOS
ATHN,2017-07-20,post,long,OOS
ATHN,2018-02-01,post,long,OOS
ATHN,2018-07-30,post,long,OOS
ATHN,2018-11-09,post,long,OOS
ATI,2012-10-24,pre,short,IS
ATI,2013-07-24,pre,short,IS
ATI,2013-10-23,pre,short,IS
ATI,2016-10-25,pre,short,IS
ATI,2017-01-24,pre,long,OOS
ATI,2017-07-25,pre,long,OOS
ATI,2018-01-23,pre,long,OOS
ATI,2018-04-24,pre,long,OOS
ATI,2018-07-24,pre,long,OOS
ATI,2018-10-23,pre,short,OOS
ATI,2019-01-22,pre,short,OOS
ATKR,2019-11-22,pre,long,OOS
ATKR,2020-02-04,pre,long,OOS
ATKR,2021-02-02,pre,long,OOS
ATKR,2021-04-29,pre,long,OOS
ATO,2014-05-07,post,long,IS
ATR,2014-02-06,post,long,IS
ATR,2014-07-21,post,short,IS
ATR,2015-04-30,post,long,IS
ATR,2015-07-28,post,long,IS
ATR,2016-10-27,post,short,IS
ATR,2018-02-12,post,long,OOS
ATR,2018-07-26,post,long,OOS
ATSG,2018-05-07,post,long,OOS
ATSG,2019-02-27,post,long,OOS
ATU,2012-12-19,pre,short,IS
ATU,2013-12-19,pre,short,IS
ATU,2015-12-17,pre,long,IS
ATU,2016-12-21,pre,long,IS
ATUS,2017-11-02,post,short,OOS
ATUS,2018-11-05,post,long,OOS
ATUS,2019-02-21,post,long,OOS
ATUS,2019-07-31,post,long,OOS
ATUS,2019-11-05,post,short,OOS
ATVI,2012-11-07,post,long,IS
ATVI,2013-02-07,post,long,IS
ATVI,2014-02-06,post,long,IS
ATVI,2014-05-06,post,long,IS
ATVI,2014-08-05,post,long,IS
ATVI,2014-11-04,post,long,IS
ATVI,2015-08-04,post,long,IS
ATVI,2016-02-11,post,short,IS
ATVI,2016-05-05,post,long,IS
ATVI,2017-02-09,post,long,OOS
ATVI,2017-05-04,post,long,OOS
ATVI,2017-11-02,post,long,OOS
AUDC,2020-04-27,pre,long,OOS
AUY,2013-04-30,post,short,IS
AUY,2014-10-29,post,short,IS
AVA,2014-05-07,pre,long,IS
AVAV,2014-07-08,post,long,IS
AVAV,2017-12-05,post,long,OOS
AVAV,2018-09-05,post,long,OOS
AVAV,2019-03-05,post,long,OOS
AVAV,2019-06-25,post,short,OOS
AVB,2012-10-24,post,short,IS
AVB,2013-01-30,post,short,IS
AVB,2013-10-23,post,short,IS
AVB,2014-01-29,post,short,IS
AVB,2014-10-27,post,short,IS
AVB,2017-08-02,post,short,OOS
AVGO,2013-05-29,post,long,IS
AVGO,2013-08-27,post,long,IS
AVGO,2014-08-28,post,long,IS
AVGO,2014-12-03,post,long,IS
AVGO,2015-02-25,post,long,IS
AVGO,2015-12-02,post,long,IS
AVGO,2016-03-03,post,long,IS
AVGO,2016-06-02,post,long,IS
AVGO,2016-12-08,post,long,IS
AVGO,2017-03-01,post,long,OOS
AVGO,2017-06-01,post,long,OOS
AVGO,2017-12-06,post,long,OOS
AVGO,2018-09-06,post,long,OOS
AVGO,2019-03-14,post,long,OOS
AVLR,2019-05-07,post,long,OOS
AVLR,2019-08-07,post,long,OOS
AVLR,2019-11-05,post,long,OOS
AVNS,2019-02-26,pre,long,OOS
AVP,2012-11-01,pre,short,IS
AVP,2013-02-12,pre,long,IS
AVP,2013-04-30,pre,long,IS
AVP,2013-08-01,pre,long,IS
AVP,2013-10-31,pre,short,IS
AVP,2014-05-01,pre,short,IS
AVP,2017-02-16,pre,short,OOS
AVT,2012-10-25,pre,long,IS
AVT,2013-01-24,pre,long,IS
AVT,2013-10-24,pre,long,IS
AVT,2014-04-24,pre,short,IS
AVT,2014-10-23,pre,long,IS
AVT,2015-04-23,pre,short,IS
AVT,2015-08-05,pre,long,IS
AVT,2015-10-29,pre,long,IS
AVT,2016-01-28,pre,short,IS
AVT,2019-08-08,post,short,OOS
AVY,2012-10-24,pre,long,IS
AVY,2013-01-30,pre,long,IS
AVY,2013-07-23,pre,long,IS
AVY,2013-10-25,pre,long,IS
AVY,2014-04-23,pre,short,IS
AVY,2014-10-24,pre,long,IS
AVY,2015-04-29,pre,long,IS
AVY,2016-02-03,pre,long,IS
AVY,2016-07-26,pre,long,IS
AVY,2017-02-01,pre,long,OOS
AVY,2017-07-25,pre,long,OOS
AVY,2017-10-25,pre,long,OOS
AVY,2018-01-31,pre,long,OOS
AVY,2018-07-24,pre,long,OOS
AVYA,2018-05-10,pre,short,OOS
AVYA,2018-12-04,pre,long,OOS
AVYA,2019-02-11,pre,short,OOS
AVYA,2019-08-13,pre,long,OOS
AVYA,2021-05-06,pre,short,OOS
AWI,2014-02-24,pre,short,IS
AWI,2014-07-28,pre,short,IS
AWI,2015-02-23,pre,long,IS
AWI,2015-10-29,pre,long,IS
AWI,2017-02-27,pre,long,OOS
AWI,2017-07-31,pre,long,OOS
AWI,2018-02-26,pre,short,OOS
AWI,2019-07-29,pre,long,OOS
AWK,2013-05-07,post,short,IS
AXE,2013-07-23,pre,short,IS
AXE,2013-10-22,pre,short,IS
AXE,2014-02-04,pre,long,IS
AXE,2015-02-03,pre,short,IS
AXE,2015-04-28,pre,short,IS
AXE,2015-07-28,pre,long,IS
AXE,2016-02-02,pre,short,IS
AXE,2016-04-26,pre,long,IS
AXE,2017-01-31,pre,long,OOS
AXE,2017-10-24,pre,short,OOS
AXE,2018-01-30,pre,long,OOS
AXGN,2018-08-01,post,short,OOS
AXL,2012-10-26,pre,short,IS
AXL,2013-11-01,pre,short,IS
AXL,2014-05-02,pre,long,IS
AXL,2014-08-01,pre,short,IS
AXL,2015-05-01,pre,long,IS
AXL,2016-02-12,pre,long,IS
AXL,2016-05-06,pre,long,IS
AXL,2016-07-29,pre,long,IS
AXL,2017-05-05,pre,long,OOS
AXL,2017-11-03,pre,long,OOS
AXL,2018-02-16,pre,long,OOS
AXL,2018-05-04,pre,long,OOS
AXL,2018-08-03,pre,long,OOS
AXL,2018-11-02,pre,short,OOS
AXL,2019-02-15,pre,long,OOS
AXP,2013-10-16,post,long,IS
AXP,2015-10-21,post,short,IS
AXP,2016-04-20,post,long,IS
AXP,2016-10-19,post,long,IS
AXP,2017-04-19,post,long,OOS
AXP,2018-04-18,post,long,OOS
AXS,2012-10-31,post,long,IS
AXS,2013-04-25,post,long,IS
AXS,2014-02-04,post,short,IS
AXS,2014-04-29,post,short,IS
AXS,2014-07-29,post,long,IS
AXS,2014-10-29,post,long,IS
AXS,2016-07-26,post,long,IS
AXS,2016-10-26,post,long,IS
AXS,2017-02-01,post,long,OOS
AXS,2017-04-26,post,short,OOS
AXS,2019-01-30,post,short,OOS
AXS,2019-04-24,post,short,OOS
AXTA,2015-05-06,pre,long,IS
AXTA,2017-04-26,pre,long,OOS
AXTA,2017-08-03,pre,short,OOS
AXTA,2018-04-25,pre,long,OOS
AYI,2013-01-08,pre,short,IS
AYI,2013-07-02,pre,long,IS
AYI,2014-01-09,pre,long,IS
AYI,2014-04-02,pre,short,IS
AYI,2014-07-01,pre,short,IS
AYI,2014-10-01,pre,long,IS
AYI,2015-01-09,pre,long,IS
AYI,2015-07-01,pre,long,IS
AYI,2015-10-07,pre,long,IS
AYI,2016-04-06,pre,long,IS
AYI,2016-06-29,pre,long,IS
AYI,2016-10-05,pre,short,IS
AYI,2017-01-09,pre,short,OOS
AYI,2017-06-29,pre,long,OOS
AYI,2018-01-09,pre,short,OOS
AYI,2018-04-04,pre,short,OOS
AYI,2018-07-03,pre,long,OOS
AYI,2019-01-09,pre,long,OOS
AYI,2019-04-03,pre,long,OOS
AYX,2018-08-08,post,long,OOS
AYX,2018-11-07,post,long,OOS
AYX,2019-07-31,post,long,OOS
AZN,2012-10-25,pre,long,IS
AZN,2013-10-31,pre,short,IS
AZN,2014-02-06,pre,short,IS
AZN,2015-02-05,pre,short,IS
AZN,2015-11-05,pre,long,IS
AZN,2016-04-29,pre,long,IS
AZN,2016-07-28,pre,long,IS
AZN,2018-02-02,pre,long,OOS
AZN,2018-07-26,pre,long,OOS
AZN,2019-02-14,pre,long,OOS
AZN,2019-07-25,pre,long,OOS
AZO,2013-12-10,pre,long,IS
AZO,2014-12-09,pre,long,IS
AZO,2015-03-03,pre,long,IS
AZO,2015-12-08,pre,long,IS
AZO,2017-05-23,pre,short,OOS
AZO,2017-12-05,pre,long,OOS
AZO,2018-05-22,pre,long,OOS
AZO,2018-12-04,pre,long,OOS
AZO,2019-02-26,pre,long,OOS
AZO,2019-05-21,pre,long,OOS
AZPN,2013-04-30,post,long,IS
AZPN,2013-10-29,post,long,IS
AZPN,2014-01-30,post,long,IS
AZPN,2014-04-29,post,long,IS
AZPN,2014-08-13,post,long,IS
AZPN,2015-01-28,post,long,IS
AZPN,2016-10-27,post,long,IS
AZPN,2017-05-02,post,long,OOS
AZPN,2017-10-26,post,long,OOS
AZPN,2018-01-24,post,long,OOS
AZPN,2018-04-25,post,long,OOS
AZPN,2018-08-08,post,long,OOS
AZPN,2019-01-23,post,long,OOS
AZPN,2019-04-24,post,long,OOS
B,2013-10-25,pre,short,IS
B,2014-10-24,pre,long,IS
B,2017-07-28,pre,long,OOS
B,2017-10-27,pre,short,OOS
BA,2012-10-24,pre,long,IS
BA,2013-04-24,pre,long,IS
BA,2013-10-23,pre,long,IS
BA,2014-04-23,pre,long,IS
BA,2015-01-28,pre,long,IS
BA,2015-07-22,pre,long,IS
BA,2017-01-25,pre,long,OOS
BA,2017-07-26,pre,long,OOS
BA,2018-01-31,pre,long,OOS
BA,2018-10-24,pre,long,OOS
BA,2019-01-30,pre,long,OOS
BABA,2015-05-07,pre,long,IS
BABA,2015-10-27,pre,long,IS
BABA,2016-08-11,pre,long,IS
BABA,2016-11-02,pre,long,IS
BABA,2017-01-24,pre,long,OOS
BABA,2017-05-18,pre,short,OOS
BABA,2017-08-17,pre,long,OOS
BABA,2017-11-02,pre,long,OOS
BABA,2018-02-01,pre,short,OOS
BABA,2019-08-15,pre,long,OOS
BABY,2014-01-29,pre,long,IS
BABY,2016-01-27,pre,long,IS
BABY,2016-10-19,pre,long,IS
BABY,2019-02-13,pre,short,OOS
BAC,2013-04-17,pre,short,IS
BAC,2014-01-15,pre,long,IS
BAC,2015-07-15,pre,long,IS
BAC,2019-01-16,pre,long,OOS
BAH,2014-07-30,pre,long,IS
BAH,2015-01-28,pre,long,IS
BAH,2015-05-21,pre,short,IS
BAH,2015-10-28,pre,long,IS
BAH,2016-11-02,pre,long,IS
BAH,2017-01-30,pre,short,OOS
BAH,2017-05-22,pre,long,OOS
BAH,2018-05-29,pre,long,OOS
BAH,2018-07-30,pre,long,OOS
BAH,2018-10-29,pre,long,OOS
BAH,2019-02-01,pre,long,OOS
BAH,2019-07-29,pre,long,OOS
BANC,2016-10-19,pre,long,IS
BANC,2017-05-03,pre,short,OOS
BANC,2017-07-26,pre,short,OOS
BAP,2013-02-05,post,long,IS
BAS,2014-02-19,post,long,IS
BAX,2016-10-25,pre,long,IS
BAX,2017-02-01,pre,long,OOS
BAX,2017-04-26,pre,long,OOS
BAX,2018-04-26,pre,long,OOS
BAX,2019-07-25,pre,long,OOS
BB,2014-06-19,pre,long,IS
BB,2016-09-28,pre,long,IS
BB,2017-09-28,pre,long,OOS
BB,2017-12-20,pre,long,OOS
BB,2018-03-28,pre,long,OOS
BB,2018-06-22,pre,long,OOS
BB,2019-03-29,pre,long,OOS
BBBY,2013-09-25,post,long,IS
BBBY,2014-01-08,post,short,IS
BBBY,2014-06-25,post,short,IS
BBBY,2014-09-23,post,long,IS
BBBY,2015-04-08,post,short,IS
BBBY,2015-06-24,post,short,IS
BBBY,2016-04-06,post,long,IS
BBBY,2016-06-22,post,short,IS
BBBY,2016-12-21,post,short,IS
BBBY,2017-04-05,post,long,OOS
BBBY,2017-06-22,post,short,OOS
BBBY,2017-09-19,post,short,OOS
BBBY,2018-09-26,post,short,OOS
BBBY,2019-01-09,post,long,OOS
BBBY,2020-07-08,post,short,OOS
BBT,2014-07-21,pre,short,IS
BBT,2018-01-18,pre,long,OOS
BBY,2012-11-20,pre,short,IS
BBY,2013-03-01,pre,long,IS
BBY,2013-08-20,pre,long,IS
BBY,2014-02-27,pre,long,IS
BBY,2014-11-20,pre,long,IS
BBY,2015-05-21,pre,long,IS
BBY,2015-08-25,pre,long,IS
BBY,2016-08-23,pre,long,IS
BBY,2016-11-17,pre,long,IS
BBY,2017-05-25,pre,long,OOS
BBY,2017-11-16,pre,short,OOS
BBY,2019-02-27,pre,long,OOS
BC,2013-01-24,pre,long,IS
BC,2013-04-25,pre,long,IS
BC,2014-01-30,pre,long,IS
BC,2015-04-29,pre,short,IS
BC,2017-10-26,pre,short,OOS
BC,2018-04-26,pre,long,OOS
BCC,2015-02-19,pre,short,IS
BCC,2016-07-28,pre,long,IS
BCC,2017-05-03,pre,long,OOS
BCC,2017-10-31,pre,long,OOS
BCC,2018-02-26,pre,short,OOS
BCC,2018-05-04,pre,long,OOS
BCE,2018-02-08,pre,long,OOS
BCEI,2013-05-09,post,short,IS
BCEI,2013-08-08,post,short,IS
BCEI,2014-02-27,post,long,IS
BCEI,2014-05-08,post,short,IS
BCEI,2014-08-07,post,short,IS
BCEI,2018-08-08,post,short,OOS
BCO,2016-10-26,pre,long,IS
BCO,2017-04-26,pre,long,OOS
BCO,2017-07-26,pre,long,OOS
BCO,2018-10-24,pre,long,OOS
BCOR,2018-08-01,pre,long,OOS
BCS,2015-10-29,pre,short,IS
BCS,2016-07-29,pre,long,IS
BCS,2016-10-27,pre,long,IS
BDC,2013-02-07,pre,long,IS
BDC,2015-10-28,pre,long,IS
BDC,2016-05-04,pre,long,IS
BDC,2017-11-01,pre,long,OOS
BDC,2018-02-01,pre,short,OOS
BDC,2018-05-02,pre,long,OOS
BDN,2016-02-04,post,short,IS
BDN,2018-01-25,post,long,OOS
BDN,2018-10-17,post,short,OOS
BDN,2019-04-24,post,short,OOS
BDX,2013-02-05,pre,long,IS
BDX,2014-02-04,pre,long,IS
BDX,2015-02-05,pre,long,IS
BDX,2015-11-04,pre,long,IS
BDX,2017-11-02,pre,long,OOS
BEAT,2017-11-07,post,short,OOS
BEAT,2018-02-22,post,long,OOS
BEAT,2018-07-25,post,long,OOS
BEAT,2018-10-30,post,long,OOS
BEAT,2019-04-25,post,short,OOS
BEAT,2019-07-30,post,long,OOS
BECN,2013-02-08,pre,short,IS
BECN,2013-11-26,pre,short,IS
BECN,2014-02-07,pre,short,IS
BECN,2014-08-08,pre,short,IS
BECN,2014-11-25,pre,short,IS
BECN,2016-02-05,pre,long,IS
BECN,2016-05-02,post,long,IS
BECN,2016-11-21,post,short,IS
BECN,2017-08-02,post,short,OOS
BECN,2018-02-08,post,long,OOS
BECN,2018-05-08,post,short,OOS
BECN,2018-08-07,post,short,OOS
BECN,2018-11-19,post,short,OOS
BECN,2019-02-07,post,long,OOS
BECN,2019-05-07,post,long,OOS
BEN,2013-02-01,pre,long,IS
BEN,2013-10-24,pre,short,IS
BEN,2016-04-27,pre,short,IS
BEN,2019-07-30,pre,short,OOS
BERY,2013-11-21,post,long,IS
BERY,2014-08-01,pre,long,IS
BERY,2015-11-13,pre,long,IS
BERY,2016-11-29,pre,long,IS
BERY,2017-05-03,pre,long,OOS
BERY,2017-11-16,pre,long,OOS
BERY,2018-05-03,pre,short,OOS
BERY,2018-11-15,pre,long,OOS
BERY,2019-02-01,pre,long,OOS
BERY,2019-05-02,pre,short,OOS
BERY,2019-07-30,pre,short,OOS
BFAM,2017-05-04,post,long,OOS
BFAM,2017-08-01,post,long,OOS
BFAM,2018-02-08,post,long,OOS
BFAM,2019-02-12,post,long,OOS
BFAM,2019-04-30,post,long,OOS
BG,2013-02-07,pre,short,IS
BG,2013-04-25,pre,long,IS
BG,2013-07-25,pre,short,IS
BG,2014-05-01,pre,short,IS
BG,2014-07-31,pre,long,IS
BG,2015-02-12,pre,short,IS
BG,2015-07-30,pre,short,IS
BG,2016-02-11,pre,short,IS
BG,2016-04-28,pre,long,IS
BG,2016-07-28,pre,long,IS
BG,2017-02-15,pre,long,OOS
BG,2017-05-03,pre,short,OOS
BG,2017-08-02,pre,long,OOS
BG,2018-02-14,pre,short,OOS
BG,2018-05-02,pre,long,OOS
BG,2019-02-21,pre,short,OOS
BG,2019-05-08,pre,long,OOS
BG,2019-07-31,pre,long,OOS
BGCP,2016-02-10,pre,long,IS
BGCP,2017-02-09,pre,long,OOS
BGCP,2018-08-02,pre,long,OOS
BGS,2013-07-18,post,short,IS
BGS,2016-02-25,post,short,IS
BGS,2016-04-28,post,long,IS
BGS,2016-07-28,post,long,IS
BGS,2017-02-23,post,short,OOS
BGS,2017-05-04,post,long,OOS
BGS,2017-08-03,post,short,OOS
BGS,2017-10-31,post,long,OOS
BGS,2018-02-27,post,short,OOS
BGS,2018-05-03,post,long,OOS
BGS,2018-08-02,post,short,OOS
BGS,2018-10-30,post,short,OOS
BGS,2019-02-26,post,short,OOS
BHC,2014-02-27,pre,long,IS
BHC,2015-07-23,pre,long,IS
BHC,2016-11-08,pre,short,IS
BHF,2018-02-12,post,short,OOS
BHF,2019-05-06,post,short,OOS
BHF,2020-02-10,post,long,OOS
BHGE,2017-10-20,pre,short,OOS
BHLB,2018-07-18,post,long,OOS
BID,2013-08-06,post,short,IS
BID,2013-11-11,post,long,IS
BID,2014-02-27,post,short,IS
BID,2014-08-08,pre,short,IS
BID,2015-03-02,pre,short,IS
BID,2015-08-07,pre,short,IS
BID,2015-11-09,pre,long,IS
BID,2016-05-09,pre,short,IS
BID,2016-08-08,pre,long,IS
BID,2017-02-27,pre,long,OOS
BID,2017-05-10,pre,long,OOS
BID,2017-11-03,pre,long,OOS
BID,2018-03-01,pre,long,OOS
BID,2018-08-06,pre,short,OOS
BID,2019-02-28,pre,long,OOS
BIDU,2013-04-25,post,short,IS
BIDU,2013-07-24,post,long,IS
BIDU,2013-10-29,post,long,IS
BIDU,2014-07-24,post,long,IS
BIDU,2015-10-29,post,long,IS
BIDU,2016-10-27,post,long,IS
BIDU,2017-07-27,post,long,OOS
BIDU,2018-02-13,post,long,OOS
BIDU,2018-04-26,post,long,OOS
BIDU,2019-05-16,post,short,OOS
BIDU,2020-05-18,post,long,OOS
BIG,2012-12-04,pre,long,IS
BIG,2013-03-06,pre,long,IS
BIG,2014-03-07,pre,long,IS
BIG,2014-05-30,pre,long,IS
BIG,2014-12-05,pre,short,IS
BIG,2015-03-06,pre,long,IS
BIG,2015-08-28,pre,long,IS
BIG,2016-05-27,pre,long,IS
BIG,2016-12-02,pre,long,IS
BIG,2017-03-03,pre,long,OOS
BIG,2017-05-26,pre,long,OOS
BIG,2018-06-01,pre,short,OOS
BIG,2018-08-31,pre,short,OOS
BIG,2018-12-07,pre,short,OOS
BIG,2019-03-08,pre,long,OOS
BIIB,2014-07-23,pre,long,IS
BIIB,2015-01-29,post,long,IS
BIIB,2015-04-24,pre,short,IS
BIIB,2015-10-21,pre,long,IS
BIIB,2016-01-27,pre,long,IS
BIIB,2016-07-21,pre,long,IS
BIIB,2016-10-26,pre,long,IS
BIIB,2017-04-25,pre,long,OOS
BIIB,2017-07-25,pre,long,OOS
BIIB,2018-07-24,pre,long,OOS
BIIB,2019-07-23,pre,long,OOS
BIIB,2019-10-22,pre,long,OOS
BILI,2019-02-27,post,long,OOS
BILI,2020-03-17,post,short,OOS
BILI,2021-02-24,post,long,OOS
BIO,2015-02-26,post,long,IS
BIO,2015-05-05,post,long,IS
BIO,2017-08-03,post,short,OOS
BIO,2017-11-02,post,long,OOS
BIO,2018-02-27,post,long,OOS
BIO,2018-05-08,post,long,OOS
BIO,2018-08-07,post,long,OOS
BIO,2018-11-01,post,short,OOS
BIO,2019-02-28,post,long,OOS
BIO,2019-05-08,post,long,OOS
BIO,2019-08-01,post,long,OOS
BIOS,2014-02-26,post,short,IS
BITA,2018-11-28,pre,long,OOS
BJ,2019-03-06,pre,long,OOS
BJ,2019-05-23,pre,long,OOS
BJ,2019-08-22,pre,long,OOS
BJRI,2012-10-25,post,short,IS
BJRI,2013-10-24,post,short,IS
BJRI,2014-05-01,post,long,IS
BJRI,2014-10-23,post,long,IS
BJRI,2015-02-18,post,long,IS
BJRI,2015-10-22,post,long,IS
BJRI,2016-04-21,post,long,IS
BJRI,2016-10-19,post,short,IS
BJRI,2017-02-23,post,long,OOS
BJRI,2017-04-27,post,long,OOS
BJRI,2017-07-27,post,short,OOS
BJRI,2018-04-26,post,long,OOS
BJRI,2018-07-26,post,long,OOS
BJRI,2018-10-30,post,long,OOS
BJRI,2019-02-21,post,short,OOS
BJRI,2019-04-25,post,long,OOS
BK,2012-10-17,pre,long,IS
BK,2013-07-17,pre,long,IS
BK,2015-01-23,pre,short,IS
BK,2015-04-22,pre,long,IS
BK,2016-10-20,pre,long,IS
BK,2018-04-19,pre,long,OOS
BK,2019-04-17,pre,short,OOS
BKD,2013-05-01,post,long,IS
BKD,2013-11-06,post,long,IS
BKD,2014-02-05,post,long,IS
BKD,2014-05-07,post,short,IS
BKD,2015-08-03,post,short,IS
BKD,2016-11-01,pre,short,IS
BKD,2018-02-22,pre,short,OOS
BKD,2018-11-05,post,long,OOS
BKD,2019-05-06,post,long,OOS
BKE,2013-05-23,pre,short,IS
BKE,2013-11-21,pre,short,IS
BKE,2014-03-14,pre,long,IS
BKE,2016-11-18,pre,short,IS
BKE,2018-08-24,pre,long,OOS
BKE,2019-03-15,pre,short,OOS
BKH,2014-05-01,post,long,IS
BKH,2014-11-03,post,long,IS
BKH,2019-02-07,post,long,OOS
BKI,2018-05-07,post,long,OOS
BKI,2020-02-13,post,long,OOS
BKNG,2015-02-19,pre,long,IS
BKNG,2015-08-05,pre,long,IS
BKNG,2016-02-17,pre,long,IS
BKNG,2016-11-07,post,long,IS
BKNG,2019-08-07,post,long,OOS
BKNG,2019-11-07,post,long,OOS
BKS,2014-09-09,pre,long,IS
BKS,2014-12-04,pre,short,IS
BKS,2015-03-10,pre,short,IS
BKS,2015-09-09,pre,short,IS
BKU,2014-04-24,pre,long,IS
BKU,2015-01-22,pre,long,IS
BKU,2016-01-21,pre,long,IS
BKU,2016-04-20,pre,short,IS
BKU,2017-01-25,pre,long,OOS
BKU,2019-07-24,pre,long,OOS
BL,2018-02-15,post,long,OOS
BL,2019-08-01,post,long,OOS
BL,2020-02-13,post,long,OOS
BLD,2017-05-09,pre,long,OOS
BLD,2018-08-07,pre,long,OOS
BLD,2018-11-06,pre,long,OOS
BLD,2019-05-07,pre,long,OOS
BLDR,2015-11-05,post,long,IS
BLDR,2016-08-04,post,short,IS
BLDR,2018-02-28,post,long,OOS
BLDR,2018-08-07,post,short,OOS
BLDR,2018-11-01,post,long,OOS
BLK,2013-01-17,pre,long,IS
BLK,2014-01-16,pre,long,IS
BLK,2016-01-15,pre,short,IS
BLK,2017-07-17,pre,short,OOS
BLK,2017-10-11,pre,long,OOS
BLK,2018-01-12,pre,long,OOS
BLKB,2016-04-27,post,short,IS
BLKB,2016-11-01,post,short,IS
BLKB,2017-02-08,post,long,OOS
BLKB,2017-05-01,post,short,OOS
BLKB,2017-10-25,post,long,OOS
BLL,2012-10-25,pre,long,IS
BLL,2013-01-31,pre,short,IS
BLL,2013-04-25,pre,short,IS
BLL,2013-10-24,pre,long,IS
BLL,2014-01-30,pre,long,IS
BLL,2015-04-30,pre,short,IS
BLL,2016-04-28,pre,short,IS
BLL,2016-08-04,pre,long,IS
BLL,2018-02-07,pre,long,OOS
BLL,2019-01-31,pre,short,OOS
BLL,2019-05-02,pre,short,OOS
BLMN,2013-07-31,post,long,IS
BLMN,2014-02-25,pre,long,IS
BLMN,2014-08-05,pre,short,IS
BLMN,2014-11-04,pre,long,IS
BLMN,2017-04-26,pre,long,OOS
BLMN,2018-02-22,pre,long,OOS
BLMN,2018-04-26,pre,long,OOS
BLMN,2018-07-30,pre,long,OOS
BLMN,2018-10-29,pre,long,OOS
BLMN,2019-02-14,pre,long,OOS
BLMN,2019-04-26,pre,long,OOS
BMCH,2017-05-08,pre,short,OOS
BMO,2014-12-02,pre,short,IS
BMO,2015-08-25,pre,long,IS
BMO,2016-08-23,pre,long,IS
BMO,2016-12-06,pre,long,IS
BMO,2019-08-27,pre,short,OOS
BMRN,2012-10-25,post,long,IS
BMRN,2014-07-30,post,long,IS
BMS,2014-07-24,pre,long,IS
BMS,2015-04-23,pre,long,IS
BMS,2015-10-22,pre,long,IS
BMS,2016-04-28,pre,short,IS
BMS,2017-04-27,pre,short,OOS
BMS,2017-07-27,pre,short,OOS
BMS,2017-10-26,pre,long,OOS
BMY,2016-01-28,pre,long,IS
BMY,2016-04-28,pre,long,IS
BMY,2016-10-27,pre,long,IS
BMY,2017-04-27,pre,long,OOS
BMY,2017-10-26,pre,short,OOS
BMY,2018-02-05,pre,long,OOS
BMY,2018-07-26,pre,long,OOS
BNFT,2019-05-01,post,short,OOS
BNS,2014-05-27,pre,long,IS
BNS,2016-03-01,pre,long,IS
BNS,2019-02-26,pre,short,OOS
BOH,2014-07-28,post,long,IS
BOH,2017-04-24,pre,long,OOS
BOH,2019-04-22,pre,long,OOS
BOKF,2015-04-29,pre,long,IS
BOKF,2016-04-27,pre,short,IS
BOKF,2018-01-24,pre,short,OOS
BOKF,2019-07-24,pre,long,OOS
BOLD,2018-11-06,post,short,OOS
BOOM,2019-10-24,post,long,OOS
BOOT,2018-08-07,post,long,OOS
BOOT,2019-07-31,post,long,OOS
BOOT,2019-10-30,post,long,OOS
BOOT,2020-08-04,post,long,OOS
BOX,2015-03-11,post,short,IS
BOX,2017-05-31,post,long,OOS
BP,2012-10-30,pre,long,IS
BP,2013-02-05,pre,long,IS
BP,2013-04-30,pre,long,IS
BP,2013-07-30,pre,short,IS
BP,2013-10-29,pre,long,IS
BP,2015-04-28,pre,long,IS
BP,2016-04-26,pre,long,IS
BP,2016-07-26,pre,short,IS
BP,2017-02-07,pre,short,OOS
BP,2017-08-01,pre,long,OOS
BP,2017-10-31,pre,long,OOS
BP,2018-10-30,pre,long,OOS
BP,2019-02-05,pre,long,OOS
BP,2019-04-30,pre,long,OOS
BPL,2016-02-12,pre,long,IS
BPL,2018-05-04,pre,short,OOS
BPL,2019-02-08,pre,long,OOS
BPMC,2018-08-01,pre,long,OOS
BPOP,2012-10-19,pre,short,IS
BPOP,2013-01-24,pre,long,IS
BPOP,2015-07-24,pre,long,IS
BR,2013-08-08,pre,long,IS
BR,2013-11-07,pre,long,IS
BR,2015-02-05,pre,long,IS
BR,2016-11-09,pre,short,IS
BR,2017-05-10,pre,long,OOS
BR,2017-11-08,pre,long,OOS
BR,2018-02-08,pre,long,OOS
BR,2019-02-07,pre,short,OOS
BRC,2018-09-13,pre,long,OOS
BRFS,2013-04-29,post,long,IS
BRK.B,2018-08-04,pre,long,OOS
BRKR,2013-02-19,pre,long,IS
BRKR,2013-07-31,post,long,IS
BRKR,2013-11-01,pre,short,IS
BRKR,2014-02-18,post,long,IS
BRKR,2014-05-07,post,long,IS
BRKR,2014-11-06,post,short,IS
BRKR,2016-02-10,post,long,IS
BRKR,2016-11-02,post,long,IS
BRKR,2017-08-03,post,long,OOS
BRKR,2017-11-02,post,long,OOS
BRKR,2018-02-08,post,long,OOS
BRKR,2018-05-03,post,long,OOS
BRKR,2019-05-02,post,long,OOS
BRKS,2018-05-01,post,long,OOS
BRKS,2018-11-19,post,short,OOS
BRKS,2019-04-29,post,long,OOS
BRO,2013-02-01,post,long,IS
BRO,2013-04-15,post,long,IS
BRO,2014-02-03,post,short,IS
BRO,2016-07-18,post,long,IS
BRO,2016-10-20,post,long,IS
BRO,2017-04-17,post,long,OOS
BRO,2018-01-22,post,long,OOS
BRO,2018-07-23,post,short,OOS
BRO,2019-01-28,post,short,OOS
BRO,2019-04-22,post,long,OOS
BRS,2014-02-06,post,short,IS
BRS,2015-02-05,post,short,IS
BRS,2015-05-20,post,short,IS
BRS,2015-08-06,post,short,IS
BRS,2015-11-05,post,short,IS
BRS,2016-05-25,post,short,IS
BRX,2016-10-24,post,short,IS
BSMX,2014-01-30,post,short,IS
BSX,2013-01-29,pre,long,IS
BSX,2013-07-25,pre,long,IS
BSX,2015-10-28,pre,long,IS
BSX,2016-04-27,pre,long,IS
BSX,2017-02-02,pre,long,OOS
BSX,2019-04-24,pre,short,OOS
BT,2018-02-02,pre,short,OOS
BTE,2014-10-30,pre,short,IS
BTU,2015-01-27,pre,short,IS
BTU,2019-02-06,pre,long,OOS
BTU,2019-10-29,pre,short,OOS
BUD,2015-05-06,pre,long,IS
BUD,2015-07-30,pre,short,IS
BUD,2016-05-04,pre,short,IS
BUD,2016-10-28,pre,short,IS
BUD,2017-03-02,pre,short,OOS
BUD,2017-10-26,pre,short,OOS
BUD,2018-03-01,pre,long,OOS
BUD,2018-10-25,pre,short,OOS
BUD,2019-07-25,pre,long,OOS
BURL,2013-12-10,pre,short,IS
BURL,2014-06-10,pre,long,IS
BURL,2014-09-09,pre,long,IS
BURL,2014-12-09,pre,long,IS
BURL,2015-03-17,pre,long,IS
BURL,2015-08-27,pre,long,IS
BURL,2016-05-26,pre,long,IS
BURL,2016-08-25,pre,long,IS
BURL,2017-08-24,pre,long,OOS
BURL,2018-03-08,pre,long,OOS
BURL,2018-05-31,pre,long,OOS
BURL,2018-11-28,pre,long,OOS
BURL,2019-05-30,pre,long,OOS
BURL,2019-08-29,pre,long,OOS
BVN,2012-10-30,pre,long,IS
BVN,2017-07-27,post,short,OOS
BVN,2018-10-25,post,short,OOS
BWA,2013-04-25,pre,long,IS
BWA,2015-04-30,pre,short,IS
BWA,2015-07-30,pre,short,IS
BWA,2015-10-29,pre,long,IS
BWA,2017-04-27,pre,long,OOS
BWA,2017-07-27,pre,long,OOS
BWA,2021-02-11,pre,long,OOS
BWXT,2015-11-04,post,long,IS
BWXT,2016-05-02,post,long,IS
BWXT,2017-02-27,post,long,OOS
BWXT,2017-05-01,post,long,OOS
BWXT,2017-11-06,post,short,OOS
BWXT,2018-05-04,post,long,OOS
BWXT,2018-08-06,post,short,OOS
BWXT,2018-11-06,post,short,OOS
BWXT,2019-02-25,post,long,OOS
BX,2013-01-31,pre,long,IS
BX,2014-01-30,pre,long,IS
BX,2014-10-16,pre,short,IS
BX,2015-04-16,pre,long,IS
BX,2016-10-27,pre,long,IS
BX,2017-04-20,pre,long,OOS
BX,2021-04-22,pre,long,OOS
BXMT,2017-10-24,post,long,OOS
BXP,2018-07-31,post,short,OOS
BXS,2018-04-18,post,long,OOS
BYD,2013-10-31,pre,short,IS
BYD,2014-04-30,post,short,IS
BYD,2014-07-31,post,short,IS
BYD,2015-07-23,post,long,IS
BYD,2015-10-22,post,long,IS
BYD,2017-02-14,post,long,OOS
BYD,2017-05-02,post,long,OOS
BYD,2017-07-27,post,short,OOS
BYD,2018-02-20,post,short,OOS
BYD,2018-07-26,post,long,OOS
BYD,2019-04-25,post,long,OOS
BYND,2021-05-06,post,short,OOS
BZH,2013-05-02,pre,long,IS
BZH,2013-11-07,pre,long,IS
BZUN,2017-05-16,post,short,OOS
BZUN,2020-03-18,pre,short,OOS
C,2013-01-17,pre,short,IS
C,2013-04-15,pre,long,IS
C,2014-01-16,pre,short,IS
C,2014-04-14,pre,long,IS
C,2014-07-14,pre,long,IS
C,2014-10-14,pre,long,IS
C,2015-04-16,pre,long,IS
C,2015-07-16,pre,long,IS
C,2016-04-15,pre,long,IS
C,2016-10-14,pre,long,IS
C,2018-10-12,pre,long,OOS
CABO,2015-08-04,post,long,IS
CABO,2016-05-04,post,long,IS
CABO,2017-02-28,pre,short,OOS
CABO,2017-08-08,pre,short,OOS
CABO,2018-08-09,pre,short,OOS
CABO,2018-11-07,post,short,OOS
CACC,2015-07-29,post,long,IS
CACC,2016-07-29,post,long,IS
CACC,2017-05-01,post,long,OOS
CACC,2017-07-31,post,long,OOS
CACC,2018-01-30,post,short,OOS
CACC,2018-07-31,post,long,OOS
CACC,2018-10-29,post,long,OOS
CACC,2019-04-29,post,long,OOS
CACI,2013-05-01,post,short,IS
CACI,2013-08-14,post,short,IS
CACI,2014-01-29,post,long,IS
CACI,2014-10-29,post,long,IS
CACI,2016-10-26,post,long,IS
CACI,2017-02-01,post,long,OOS
CACI,2017-05-03,post,long,OOS
CACI,2018-01-31,post,long,OOS
CACI,2018-05-02,post,long,OOS
CACI,2018-10-31,post,long,OOS
CACI,2019-01-30,post,long,OOS
CACI,2019-05-01,post,long,OOS
CACI,2019-08-14,post,short,OOS
CADE,2019-01-28,pre,short,OOS
CADE,2019-04-29,pre,long,OOS
CADE,2019-07-22,pre,short,OOS
CADE,2019-10-23,pre,short,OOS
CAG,2012-09-20,pre,long,IS
CAG,2013-04-03,pre,short,IS
CAG,2013-06-27,pre,long,IS
CAG,2013-12-19,pre,long,IS
CAG,2014-03-20,pre,long,IS
CAG,2014-09-18,pre,long,IS
CAG,2015-03-26,pre,long,IS
CAG,2018-03-22,pre,long,OOS
CAG,2018-09-27,pre,short,OOS
CAG,2019-03-21,pre,long,OOS
CAG,2019-06-27,pre,short,OOS
CAH,2013-02-05,pre,long,IS
CAH,2013-10-31,pre,long,IS
CAH,2014-01-30,pre,long,IS
CAH,2015-11-02,pre,long,IS
CAH,2018-02-08,pre,long,OOS
CAH,2018-05-03,pre,short,OOS
CAH,2019-02-07,pre,long,OOS
CAJ,2018-10-25,pre,short,OOS
CAKE,2013-04-24,post,long,IS
CAKE,2013-07-24,post,short,IS
CAKE,2013-10-23,post,long,IS
CAKE,2014-10-22,post,short,IS
CAKE,2015-02-11,post,short,IS
CAKE,2015-04-22,post,long,IS
CAKE,2015-07-22,post,long,IS
CAKE,2016-07-27,post,long,IS
CAKE,2016-10-26,post,long,IS
CAKE,2017-05-03,post,short,OOS
CAKE,2017-11-01,post,short,OOS
CAKE,2018-07-31,post,short,OOS
CAKE,2019-05-01,post,long,OOS
CAL,2018-05-31,post,short,OOS
CAL,2018-11-20,post,short,OOS
CAL,2019-03-21,post,short,OOS
CAL,2019-08-26,post,long,OOS
CALM,2015-07-20,pre,short,IS
CALM,2015-09-28,pre,short,IS
CALM,2015-12-23,post,short,IS
CALM,2016-03-28,pre,long,IS
CALM,2016-09-26,pre,short,IS
CALM,2017-03-27,pre,short,OOS
CALM,2017-10-02,pre,short,OOS
CALM,2019-07-22,pre,short,OOS
CALX,2020-10-20,post,long,OOS
CAMP,2014-04-24,post,short,IS
CAMP,2014-10-06,post,long,IS
CAMP,2015-06-30,post,long,IS
CAR,2014-08-04,post,long,IS
CAR,2015-11-02,post,short,IS
CAR,2017-02-15,post,short,OOS
CAR,2017-08-07,post,short,OOS
CAR,2018-02-21,post,long,OOS
CAR,2018-11-05,post,short,OOS
CAR,2019-02-20,post,long,OOS
CARA,2017-03-09,post,short,OOS
CARA,2017-08-03,post,long,OOS
CARG,2018-08-07,post,long,OOS
CARG,2018-11-07,post,long,OOS
CARG,2019-05-09,post,long,OOS
CARG,2021-05-06,post,long,OOS
CARS,2018-03-06,pre,long,OOS
CARS,2018-05-09,pre,short,OOS
CARS,2018-08-08,pre,short,OOS
CASH,2020-01-29,post,long,OOS
CASY,2013-03-11,post,short,IS
CASY,2014-09-08,post,long,IS
CASY,2015-06-08,post,long,IS
CASY,2015-09-08,post,long,IS
CASY,2016-09-06,post,short,IS
CASY,2016-12-07,post,short,IS
CASY,2017-03-06,post,short,OOS
CASY,2017-06-05,post,short,OOS
CASY,2017-12-11,post,short,OOS
CASY,2019-03-11,post,long,OOS
CASY,2019-06-10,post,long,OOS
CAT,2013-10-23,pre,short,IS
CAT,2014-01-27,pre,long,IS
CAT,2014-04-24,pre,long,IS
CAT,2014-10-23,pre,long,IS
CAT,2015-01-27,pre,short,IS
CAT,2015-04-23,pre,long,IS
CAT,2016-01-28,pre,long,IS
CAT,2017-04-25,pre,long,OOS
CAT,2017-07-25,pre,long,OOS
CAT,2017-10-24,pre,long,OOS
CAT,2018-01-25,pre,long,OOS
CAT,2018-04-24,pre,long,OOS
CAT,2018-07-30,pre,long,OOS
CAT,2019-01-28,pre,short,OOS
CAT,2019-07-24,pre,short,OOS
CATM,2014-05-05,post,long,IS
CATM,2014-07-30,post,long,IS
CATM,2015-02-04,post,long,IS
CATM,2017-05-03,post,short,OOS
CATM,2017-08-02,post,long,OOS
CATM,2018-05-03,post,long,OOS
CATM,2018-11-01,post,long,OOS
CATM,2019-08-01,post,long,OOS
CATY,2015-07-21,post,long,IS
CATY,2016-04-20,post,long,IS
CB,2013-04-22,post,long,IS
CB,2016-05-04,post,long,IS
CB,2016-10-25,post,long,IS
CB,2019-04-30,post,short,OOS
CBL,2013-11-05,post,short,IS
CBL,2014-02-04,post,short,IS
CBL,2014-04-28,post,short,IS
CBL,2015-04-28,post,short,IS
CBL,2017-11-02,post,short,OOS
CBLK,2019-08-01,post,long,OOS
CBM,2015-07-30,pre,long,IS
CBM,2016-02-09,pre,long,IS
CBM,2016-04-29,pre,long,IS
CBM,2016-11-04,pre,long,IS
CBM,2017-02-03,pre,long,OOS
CBM,2017-05-04,pre,long,OOS
CBM,2018-05-03,pre,short,OOS
CBM,2018-11-08,pre,short,OOS
CBOE,2013-11-01,pre,long,IS
CBOE,2015-02-06,pre,short,IS
CBOE,2018-02-09,pre,short,OOS
CBOE,2018-05-04,pre,long,OOS
CBOE,2018-11-02,pre,long,OOS
CBPO,2016-02-25,post,long,IS
CBPO,2018-05-04,post,short,OOS
CBPO,2019-03-06,post,short,OOS
CBPX,2018-11-08,post,long,OOS
CBRE,2019-02-13,pre,long,OOS
CBRL,2013-02-26,pre,long,IS
CBRL,2014-11-25,pre,long,IS
CBRL,2015-02-24,pre,long,IS
CBRL,2015-06-02,pre,long,IS
CBRL,2016-06-01,pre,long,IS
CBRL,2016-11-22,pre,long,IS
CBRL,2017-05-23,pre,long,OOS
CBRL,2018-09-18,pre,short,OOS
CBRL,2019-09-17,pre,long,OOS
CBS,2012-08-02,post,long,IS
CBS,2012-11-07,post,long,IS
CBS,2013-07-31,post,long,IS
CBS,2014-02-12,post,long,IS
CBS,2015-05-07,post,long,IS
CBS,2015-11-03,post,long,IS
CBS,2016-05-03,post,long,IS
CBS,2016-11-03,post,long,IS
CBS,2017-05-04,post,long,OOS
CBS,2018-05-03,post,long,OOS
CBSH,2013-04-11,pre,short,IS
CBSH,2015-01-27,pre,short,IS
CBSH,2015-04-13,pre,long,IS
CBSH,2015-10-14,pre,short,IS
CBSH,2017-07-13,pre,long,OOS
CBSH,2018-07-12,pre,long,OOS
CBSH,2019-04-11,pre,short,OOS
CBT,2013-01-30,post,short,IS
CBT,2013-04-30,post,short,IS
CBT,2014-01-29,post,long,IS
CBT,2014-07-30,post,short,IS
CBT,2015-01-28,post,long,IS
CBT,2016-05-02,post,short,IS
CBT,2017-02-01,post,long,OOS
CBT,2017-08-01,post,short,OOS
CBT,2018-11-05,post,short,OOS
CBT,2019-02-04,post,short,OOS
CBU,2018-10-22,pre,long,OOS
CC,2016-08-08,post,long,IS
CC,2016-11-06,post,long,IS
CC,2018-05-03,post,long,OOS
CC,2019-08-01,post,short,OOS
CC,2020-02-13,post,long,OOS
CCI,2015-01-21,post,long,IS
CCJ,2013-10-30,pre,long,IS
CCJ,2015-10-30,post,short,IS
CCJ,2016-02-05,post,short,IS
CCJ,2017-10-27,pre,short,OOS
CCK,2013-01-30,post,short,IS
CCK,2013-04-17,post,long,IS
CCK,2013-07-17,post,long,IS
CCK,2014-02-03,post,short,IS
CCK,2014-10-16,post,long,IS
CCK,2015-10-19,post,long,IS
CCK,2017-04-19,post,long,OOS
CCK,2018-04-18,post,long,OOS
CCK,2018-07-18,post,short,OOS
CCK,2019-07-17,post,short,OOS
CCL,2012-09-25,pre,long,IS
CCL,2013-06-25,pre,long,IS
CCL,2013-12-19,pre,long,IS
CCL,2014-09-23,pre,long,IS
CCL,2015-03-27,pre,long,IS
CCL,2015-12-18,pre,long,IS
CCL,2016-03-30,pre,long,IS
CCL,2016-06-28,pre,long,IS
CCL,2017-03-28,pre,long,OOS
CCL,2017-09-26,pre,long,OOS
CCL,2018-03-22,pre,long,OOS
CCMP,2018-01-25,pre,long,OOS
CCMP,2018-04-26,pre,long,OOS
CCMP,2018-07-25,post,long,OOS
CCMP,2019-05-08,post,short,OOS
CCMP,2021-05-05,post,short,OOS
CCOI,2014-05-08,pre,short,IS
CCOI,2015-05-07,pre,short,IS
CCOI,2015-11-05,pre,long,IS
CCOI,2017-11-02,pre,short,OOS
CCOI,2018-11-01,pre,long,OOS
CCOI,2019-05-02,pre,long,OOS
CCOI,2019-08-08,pre,short,OOS
CCS,2019-05-02,post,long,OOS
CCS,2020-07-28,post,long,OOS
CCS,2021-02-04,post,long,OOS
CCS,2021-04-28,post,long,OOS
CDAY,2019-02-06,post,short,OOS
CDAY,2019-05-01,post,short,OOS
CDAY,2019-07-30,post,long,OOS
CDE,2012-11-06,pre,short,IS
CDE,2013-05-09,pre,short,IS
CDE,2017-10-25,post,short,OOS
CDEV,2017-08-07,post,long,OOS
CDEV,2018-05-08,post,long,OOS
CDEV,2018-11-05,post,short,OOS
CDEV,2019-02-25,post,short,OOS
CDK,2016-11-02,pre,long,IS
CDK,2017-02-02,pre,long,OOS
CDK,2017-08-01,pre,long,OOS
CDK,2019-08-13,post,short,OOS
CDLX,2019-11-12,post,long,OOS
CDNA,2019-05-08,post,long,OOS
CDNS,2015-02-04,post,short,IS
CDNS,2015-04-27,post,long,IS
CDNS,2015-07-27,post,long,IS
CDNS,2015-10-26,post,long,IS
CDNS,2016-02-03,post,long,IS
CDNS,2016-10-24,post,long,IS
CDNS,2018-04-23,post,long,OOS
CDNS,2018-10-22,post,long,OOS
CDNS,2019-02-19,post,long,OOS
CDNS,2019-04-22,post,long,OOS
CDW,2014-11-06,pre,long,IS
CDW,2015-08-03,pre,long,IS
CDW,2016-05-04,pre,long,IS
CDW,2017-02-07,pre,long,OOS
CDW,2018-05-02,pre,long,OOS
CDW,2018-10-31,pre,long,OOS
CDW,2019-02-07,pre,long,OOS
CDW,2019-05-01,pre,long,OOS
CE,2013-01-28,post,long,IS
CE,2013-04-18,post,long,IS
CE,2013-07-18,post,short,IS
CE,2014-04-21,post,long,IS
CE,2014-07-17,post,long,IS
CE,2014-10-20,post,long,IS
CE,2015-04-16,post,long,IS
CE,2016-04-18,post,long,IS
CE,2016-10-17,post,long,IS
CE,2018-04-16,post,long,OOS
CE,2018-07-19,post,long,OOS
CE,2018-10-18,post,long,OOS
CE,2019-01-28,post,short,OOS
CE,2019-04-22,post,long,OOS
CELG,2016-10-27,pre,long,IS
CELG,2018-01-25,pre,long,OOS
CELH,2020-11-12,pre,long,OOS
CENX,2015-04-30,post,long,IS
CENX,2015-08-06,post,short,IS
CENX,2016-10-27,post,short,IS
CENX,2017-08-02,post,short,OOS
CENX,2017-10-26,post,short,OOS
CERN,2013-02-05,post,long,IS
CERN,2013-04-25,post,long,IS
CERN,2015-11-03,post,short,IS
CERN,2016-08-02,post,long,IS
CERN,2016-11-01,post,short,IS
CERN,2017-04-27,post,long,OOS
CERN,2017-10-26,post,short,OOS
CERN,2018-08-02,post,long,OOS
CF,2014-02-18,post,long,IS
CF,2014-11-05,post,short,IS
CF,2015-02-17,post,short,IS
CF,2015-08-05,post,long,IS
CF,2015-11-04,post,short,IS
CF,2016-08-03,post,short,IS
CF,2018-08-01,post,long,OOS
CFFN,2017-01-27,pre,short,OOS
CFG,2015-04-22,pre,long,IS
CFG,2015-10-23,pre,long,IS
CFG,2017-01-20,pre,long,OOS
CFG,2017-10-20,pre,long,OOS
CFG,2019-07-19,pre,long,OOS
CFR,2013-04-24,pre,short,IS
CFX,2014-02-06,pre,long,IS
CFX,2014-07-17,pre,short,IS
CFX,2014-10-23,pre,short,IS
CFX,2016-10-27,pre,long,IS
CFX,2018-08-06,pre,long,OOS
CFX,2019-05-08,pre,long,OOS
CFX,2019-08-06,pre,long,OOS
CG,2014-02-19,pre,long,IS
CG,2014-04-30,pre,short,IS
CG,2015-02-11,pre,long,IS
CG,2017-02-08,pre,short,OOS
CG,2017-08-02,pre,long,OOS
CGNX,2014-07-28,post,long,IS
CGNX,2016-05-02,post,long,IS
CGNX,2016-10-31,post,long,IS
CGNX,2017-02-16,post,long,OOS
CGNX,2017-07-31,post,long,OOS
CGNX,2017-10-30,post,long,OOS
CGNX,2019-02-14,post,long,OOS
CGNX,2020-04-27,post,long,OOS
CHD,2017-02-07,pre,long,OOS
CHD,2017-05-04,pre,long,OOS
CHD,2019-02-05,pre,short,OOS
CHDN,2018-04-25,post,long,OOS
CHDN,2018-10-31,post,long,OOS
CHDN,2019-04-24,post,long,OOS
CHE,2014-04-29,post,short,IS
CHE,2015-02-17,post,long,IS
CHE,2015-10-22,post,long,IS
CHE,2016-04-28,post,long,IS
CHE,2017-04-26,post,long,OOS
CHE,2017-10-26,post,long,OOS
CHE,2018-02-14,post,long,OOS
CHE,2018-04-19,post,long,OOS
CHE,2018-10-29,post,long,OOS
CHGG,2018-02-12,post,long,OOS
CHGG,2018-07-30,post,long,OOS
CHGG,2018-10-29,post,long,OOS
CHGG,2019-02-11,post,long,OOS
CHGG,2019-11-04,post,long,OOS
CHH,2016-08-02,pre,long,IS
CHH,2017-11-06,pre,long,OOS
CHH,2019-08-06,pre,long,OOS
CHK,2013-02-21,pre,long,IS
CHK,2013-08-01,pre,long,IS
CHK,2014-02-26,pre,short,IS
CHK,2014-05-07,pre,long,IS
CHK,2015-02-25,pre,short,IS
CHK,2016-05-05,pre,long,IS
CHK,2016-11-03,pre,long,IS
CHKP,2013-04-22,pre,long,IS
CHKP,2013-07-18,pre,long,IS
CHKP,2013-10-21,pre,long,IS
CHKP,2014-01-28,pre,long,IS
CHKP,2014-07-23,pre,long,IS
CHKP,2014-10-23,pre,long,IS
CHKP,2015-07-22,pre,long,IS
CHKP,2015-10-26,pre,long,IS
CHKP,2016-01-28,pre,long,IS
CHKP,2016-10-31,pre,long,IS
CHKP,2017-01-19,pre,long,OOS
CHKP,2018-07-25,pre,long,OOS
CHNG,2019-08-13,post,long,OOS
CHRS,2017-03-13,post,short,OOS
CHRW,2012-10-23,post,short,IS
CHRW,2013-02-05,post,short,IS
CHRW,2013-05-07,post,short,IS
CHRW,2013-08-06,post,short,IS
CHRW,2013-11-05,post,short,IS
CHRW,2014-02-04,post,short,IS
CHRW,2014-04-29,post,long,IS
CHRW,2014-07-29,post,long,IS
CHRW,2014-10-28,post,long,IS
CHRW,2015-04-27,post,short,IS
CHRW,2015-07-28,post,long,IS
CHRW,2016-02-02,post,long,IS
CHRW,2016-10-25,post,short,IS
CHRW,2017-07-19,post,short,OOS
CHRW,2017-10-31,post,long,OOS
CHRW,2019-07-30,post,short,OOS
CHS,2013-05-29,pre,short,IS
CHS,2014-02-27,pre,short,IS
CHS,2014-08-27,pre,short,IS
CHS,2015-08-26,pre,long,IS
CHS,2015-11-24,pre,short,IS
CHS,2016-05-26,pre,short,IS
CHS,2017-02-22,pre,long,OOS
CHS,2017-05-24,pre,short,OOS
CHS,2017-08-30,pre,short,OOS
CHS,2018-02-28,pre,long,OOS
CHS,2018-05-30,pre,short,OOS
CHS,2018-11-28,pre,short,OOS
CHSP,2015-04-30,post,short,IS
CHSP,2015-11-02,post,short,IS
CHTR,2012-11-06,pre,short,IS
CHTR,2015-05-01,pre,short,IS
CHTR,2016-11-03,pre,long,IS
CHTR,2017-10-26,pre,short,OOS
CHTR,2018-02-02,pre,long,OOS
CHTR,2018-07-31,pre,long,OOS
CI,2013-10-31,pre,long,IS
CI,2014-02-07,pre,short,IS
CI,2014-05-01,pre,long,IS
CI,2016-07-29,pre,short,IS
CI,2017-11-02,pre,long,OOS
CI,2019-02-01,pre,short,OOS
CIB,2018-08-01,post,short,OOS
CIEN,2013-03-07,pre,long,IS
CIEN,2013-06-06,pre,long,IS
CIEN,2013-09-04,pre,long,IS
CIEN,2014-06-05,pre,long,IS
CIEN,2015-06-04,pre,long,IS
CIEN,2016-06-02,pre,long,IS
CIEN,2016-09-01,pre,long,IS
CIEN,2017-03-08,pre,short,OOS
CIEN,2017-06-01,pre,long,OOS
CIEN,2018-03-06,pre,long,OOS
CIEN,2018-08-30,pre,long,OOS
CIEN,2018-12-13,pre,long,OOS
CIEN,2019-03-05,pre,long,OOS
CIM,2016-05-02,post,long,IS
CIM,2016-11-01,post,long,IS
CIM,2019-07-31,pre,short,OOS
CINF,2013-02-06,post,long,IS
CINF,2015-04-28,post,short,IS
CINF,2016-04-26,post,long,IS
CINF,2017-08-02,post,long,OOS
CINF,2018-04-25,post,short,OOS
CINF,2018-07-26,post,long,OOS
CINF,2018-10-25,post,long,OOS
CIR,2015-04-28,pre,short,IS
CIT,2012-10-23,pre,short,IS
CIT,2013-01-29,pre,long,IS
CIT,2014-01-28,pre,short,IS
CIT,2014-04-29,pre,short,IS
CIT,2014-07-22,pre,long,IS
CIT,2015-04-28,pre,short,IS
CIT,2015-11-03,pre,short,IS
CIT,2016-04-28,pre,short,IS
CIT,2016-10-25,pre,short,IS
CIT,2017-07-25,pre,long,OOS
CL,2014-01-30,pre,long,IS
CL,2015-01-29,pre,long,IS
CL,2016-07-28,pre,long,IS
CL,2019-04-26,pre,long,OOS
CLB,2013-01-30,post,long,IS
CLB,2013-04-17,post,long,IS
CLB,2013-10-16,post,long,IS
CLB,2014-04-23,post,short,IS
CLB,2015-07-22,post,long,IS
CLB,2017-04-19,post,long,OOS
CLB,2017-10-23,post,long,OOS
CLD,2012-10-25,post,long,IS
CLD,2013-04-30,post,short,IS
CLD,2014-04-29,post,short,IS
CLD,2014-07-29,post,long,IS
CLD,2014-10-29,post,long,IS
CLDR,2017-12-07,post,long,OOS
CLDR,2018-09-05,post,long,OOS
CLDR,2019-03-13,post,short,OOS
CLDR,2019-09-04,post,long,OOS
CLF,2012-10-24,post,short,IS
CLF,2013-02-12,post,short,IS
CLF,2013-04-24,post,long,IS
CLF,2014-02-13,post,long,IS
CLF,2016-07-28,pre,long,IS
CLF,2016-10-27,pre,short,IS
CLF,2018-01-25,pre,long,OOS
CLF,2018-07-20,pre,long,OOS
CLF,2019-04-25,pre,long,OOS
CLGX,2012-10-24,post,long,IS
CLGX,2014-02-25,post,short,IS
CLGX,2014-07-23,post,short,IS
CLGX,2014-10-22,post,long,IS
CLGX,2015-02-24,post,short,IS
CLGX,2015-04-22,post,long,IS
CLGX,2016-07-25,post,long,IS
CLGX,2016-10-24,post,long,IS
CLGX,2017-04-25,post,short,OOS
CLGX,2018-04-25,post,long,OOS
CLGX,2018-10-24,post,short,OOS
CLH,2013-08-07,pre,short,IS
CLH,2014-02-26,pre,short,IS
CLH,2014-11-05,pre,short,IS
CLH,2015-02-25,pre,long,IS
CLH,2015-05-06,pre,short,IS
CLH,2015-08-05,pre,long,IS
CLH,2015-11-04,pre,short,IS
CLH,2016-02-24,pre,short,IS
CLH,2016-05-04,pre,short,IS
CLH,2016-11-02,pre,short,IS
CLH,2017-02-22,pre,short,OOS
CLH,2017-05-03,pre,short,OOS
CLH,2018-02-28,pre,short,OOS
CLH,2018-05-02,pre,long,OOS
CLH,2018-08-01,pre,long,OOS
CLH,2019-02-27,pre,long,OOS
CLH,2019-05-01,pre,long,OOS
CLI,2016-08-02,post,long,IS
CLI,2017-08-02,post,short,OOS
CLI,2017-11-07,post,short,OOS
CLMT,2013-02-13,pre,long,IS
CLMT,2013-08-07,pre,short,IS
CLNE,2013-08-08,post,long,IS
CLNE,2014-05-08,post,long,IS
CLNE,2015-05-11,post,short,IS
CLR,2013-02-27,post,long,IS
CLR,2014-05-07,post,short,IS
CLR,2017-11-07,post,long,OOS
CLR,2019-02-18,post,short,OOS
CLR,2019-04-29,post,long,OOS
CLVS,2017-11-01,post,short,OOS
CLVS,2018-10-30,post,short,OOS
CLX,2013-02-04,pre,long,IS
CLX,2013-05-01,pre,short,IS
CLX,2015-02-04,pre,long,IS
CLX,2015-11-02,pre,long,IS
CLX,2016-05-03,pre,long,IS
CLX,2016-11-02,pre,short,IS
CLX,2017-02-03,pre,long,OOS
CLX,2017-08-03,pre,long,OOS
CLX,2017-11-01,pre,long,OOS
CLX,2018-08-02,pre,long,OOS
CLX,2019-02-04,pre,long,OOS
CLX,2019-05-01,pre,short,OOS
CM,2014-12-04,pre,short,IS
CM,2015-08-27,pre,long,IS
CM,2016-12-01,pre,long,IS
CM,2017-02-23,pre,long,OOS
CM,2017-08-24,pre,long,OOS
CM,2017-11-30,pre,long,OOS
CM,2018-02-22,pre,long,OOS
CM,2019-02-28,pre,short,OOS
CMA,2015-07-17,pre,short,IS
CMA,2016-04-19,pre,short,IS
CMA,2016-10-18,pre,long,IS
CMA,2019-07-17,pre,short,OOS
CMC,2014-01-07,pre,long,IS
CMC,2014-03-27,pre,long,IS
CMC,2014-06-27,pre,short,IS
CMC,2015-03-26,pre,long,IS
CMC,2015-10-28,pre,short,IS
CMC,2017-01-09,pre,short,OOS
CMC,2017-03-23,pre,long,OOS
CMC,2017-06-22,pre,long,OOS
CMC,2017-10-26,pre,short,OOS
CMC,2018-01-03,pre,long,OOS
CMC,2018-10-25,pre,long,OOS
CMC,2019-06-20,pre,long,OOS
CMCM,2014-08-19,pre,long,IS
CMCSA,2013-05-01,pre,long,IS
CMCSA,2013-07-31,pre,long,IS
CMCSA,2014-07-22,pre,long,IS
CMCSA,2015-05-04,pre,long,IS
CMCSA,2016-04-27,pre,long,IS
CMCSA,2016-07-27,pre,long,IS
CMCSA,2017-04-27,pre,long,OOS
CMCSA,2017-07-27,pre,long,OOS
CMCSA,2018-07-26,pre,long,OOS
CMCSA,2018-10-25,pre,long,OOS
CMCSA,2019-01-23,pre,long,OOS
CMCSA,2019-04-25,pre,long,OOS
CMD,2017-09-28,pre,long,OOS
CMD,2017-12-07,pre,long,OOS
CMD,2019-02-28,pre,short,OOS
CMD,2021-03-09,pre,long,OOS
CME,2014-02-04,pre,short,IS
CME,2014-07-31,pre,short,IS
CMG,2012-10-18,post,short,IS
CMG,2013-04-18,post,long,IS
CMG,2014-01-30,post,long,IS
CMG,2014-07-21,post,long,IS
CMG,2015-07-21,post,long,IS
CMG,2015-10-20,post,short,IS
CMG,2016-10-25,post,short,IS
CMG,2017-10-24,post,short,OOS
CMG,2018-04-25,post,long,OOS
CMG,2018-07-26,post,long,OOS
CMG,2019-02-06,post,long,OOS
CMG,2019-07-23,post,long,OOS
CMI,2013-02-06,pre,long,IS
CMI,2013-04-30,pre,short,IS
CMI,2013-07-30,pre,long,IS
CMI,2013-10-29,pre,short,IS
CMI,2014-02-06,pre,short,IS
CMI,2014-04-29,pre,long,IS
CMI,2014-10-28,pre,long,IS
CMI,2015-04-28,pre,short,IS
CMI,2015-07-28,pre,long,IS
CMI,2015-10-27,pre,short,IS
CMI,2017-05-02,pre,long,OOS
CMI,2017-08-01,pre,short,OOS
CMI,2019-04-30,pre,long,OOS
CMI,2019-07-30,pre,short,OOS
CMO,2013-10-23,post,short,IS
CMP,2013-07-29,post,short,IS
CMP,2014-02-10,post,short,IS
CMP,2014-07-28,pre,short,IS
CMP,2015-02-09,post,long,IS
CMP,2016-04-25,post,long,IS
CMP,2017-02-08,post,long,OOS
CMP,2017-05-03,post,long,OOS
CMP,2019-02-11,post,short,OOS
CMP,2019-08-06,post,short,OOS
CMPR,2015-07-29,post,short,IS
CMPR,2016-01-27,post,long,IS
CMPR,2016-07-27,post,short,IS
CMPR,2016-10-26,post,short,IS
CMPR,2017-01-25,post,short,OOS
CMPR,2017-04-26,post,short,OOS
CMPR,2017-11-01,post,long,OOS
CMPR,2018-01-31,post,long,OOS
CMPR,2018-05-02,post,short,OOS
CMPR,2018-10-31,post,short,OOS
CMPR,2019-01-30,post,short,OOS
CMPR,2019-07-31,post,long,OOS
CNA,2018-02-12,pre,long,OOS
CNA,2018-11-05,pre,long,OOS
CNC,2013-07-23,pre,long,IS
CNC,2014-04-22,pre,long,IS
CNC,2014-07-22,pre,long,IS
CNC,2017-02-07,pre,long,OOS
CNC,2017-07-25,pre,long,OOS
CNDT,2018-02-21,pre,long,OOS
CNDT,2018-08-08,pre,long,OOS
CNDT,2018-11-07,pre,short,OOS
CNDT,2019-08-08,post,short,OOS
CNHI,2014-10-30,pre,long,IS
CNHI,2015-07-29,pre,short,IS
CNHI,2016-07-26,pre,long,IS
CNHI,2017-10-31,pre,long,OOS
CNHI,2018-04-27,pre,long,OOS
CNHI,2018-07-26,pre,long,OOS
CNHI,2019-08-01,pre,long,OOS
CNI,2012-10-22,post,short,IS
CNI,2013-10-22,post,long,IS
CNI,2014-01-30,post,short,IS
CNI,2014-04-22,post,long,IS
CNI,2014-07-21,post,long,IS
CNI,2015-07-20,post,long,IS
CNI,2015-10-27,post,long,IS
CNI,2017-10-24,post,short,OOS
CNI,2018-07-24,post,long,OOS
CNI,2019-04-29,post,short,OOS
CNK,2014-08-05,pre,long,IS
CNK,2014-11-06,pre,short,IS
CNK,2015-02-18,pre,long,IS
CNK,2017-02-23,pre,long,OOS
CNK,2017-05-03,pre,long,OOS
CNK,2018-02-23,pre,long,OOS
CNK,2018-08-08,pre,short,OOS
CNMD,2019-04-24,post,long,OOS
CNMD,2019-07-31,post,long,OOS
CNO,2013-02-11,post,long,IS
CNO,2013-07-29,pre,long,IS
CNO,2014-02-11,post,long,IS
CNO,2014-07-28,post,short,IS
CNO,2015-04-29,post,short,IS
CNO,2016-04-27,post,short,IS
CNO,2016-11-01,post,long,IS
CNO,2017-04-26,post,long,OOS
CNO,2017-07-26,post,long,OOS
CNO,2019-02-12,post,short,OOS
CNP,2013-08-01,pre,long,IS
CNP,2014-05-01,pre,long,IS
CNP,2016-11-04,pre,long,IS
CNP,2017-02-28,pre,short,OOS
CNP,2017-11-03,pre,short,OOS
CNP,2018-02-22,pre,long,OOS
CNP,2018-05-04,pre,long,OOS
CNQ,2017-05-04,pre,short,OOS
CNX,2013-01-31,pre,long,IS
CNX,2014-04-29,pre,long,IS
CNX,2017-10-31,pre,short,OOS
CNX,2018-01-30,pre,long,OOS
COF,2012-10-18,post,long,IS
COF,2013-01-17,post,short,IS
COF,2013-04-18,post,long,IS
COF,2013-07-18,post,long,IS
COF,2014-01-16,post,short,IS
COF,2015-07-23,post,short,IS
COF,2015-10-22,post,long,IS
COF,2016-04-26,post,short,IS
COF,2017-04-25,post,short,OOS
COF,2017-07-20,post,long,OOS
COF,2017-10-24,post,long,OOS
COF,2018-07-19,post,long,OOS
COF,2019-01-22,post,short,OOS
COF,2019-04-25,post,long,OOS
COF,2019-07-18,post,long,OOS
COG,2012-10-25,post,long,IS
COG,2013-02-21,post,long,IS
COG,2013-10-24,post,long,IS
COG,2014-07-24,pre,long,IS
COG,2015-07-24,pre,short,IS
COG,2015-10-23,pre,short,IS
COG,2018-04-27,pre,long,OOS
COG,2018-07-27,pre,short,OOS
COG,2019-04-26,pre,long,OOS
COHR,2016-01-28,post,long,IS
COHR,2016-11-02,post,long,IS
COHR,2017-02-07,post,long,OOS
COHR,2017-05-09,post,long,OOS
COHR,2017-08-01,post,short,OOS
COHR,2017-11-07,post,long,OOS
COHR,2019-01-29,post,short,OOS
COHR,2019-07-30,post,short,OOS
COKE,2019-08-06,post,long,OOS
COLB,2017-01-26,pre,long,OOS
COLB,2018-10-25,pre,short,OOS
COLD,2019-11-07,post,short,OOS
COLL,2018-03-07,post,long,OOS
COLM,2014-02-18,post,long,IS
COLM,2014-04-29,post,long,IS
COLM,2015-02-12,post,long,IS
COLM,2015-10-29,post,long,IS
COLM,2016-02-11,post,long,IS
COLM,2017-02-09,post,long,OOS
COLM,2018-02-08,post,long,OOS
COLM,2018-04-26,post,long,OOS
COLM,2018-07-26,post,long,OOS
COLM,2019-02-07,post,long,OOS
COLM,2020-04-30,post,short,OOS
COMM,2015-04-30,pre,long,IS
COMM,2016-04-28,pre,long,IS
COMM,2016-11-03,pre,long,IS
COMM,2017-05-04,pre,short,OOS
COMM,2017-08-03,pre,short,OOS
COMM,2017-11-01,pre,long,OOS
COMM,2018-11-08,pre,short,OOS
COMM,2019-02-21,pre,long,OOS
CONE,2014-08-06,pre,short,IS
CONE,2016-05-04,post,short,IS
CONE,2018-02-21,post,short,OOS
CONE,2019-02-20,post,short,OOS
CONN,2013-06-06,pre,long,IS
CONN,2013-09-05,pre,short,IS
CONN,2013-12-05,pre,long,IS
CONN,2014-06-02,pre,long,IS
CONN,2014-09-02,pre,short,IS
CONN,2014-12-09,pre,short,IS
CONN,2015-06-02,pre,long,IS
CONN,2017-12-07,pre,long,OOS
CONN,2018-06-07,pre,long,OOS
COO,2013-06-06,post,long,IS
COO,2013-12-05,post,short,IS
COO,2014-03-06,post,long,IS
COO,2014-12-04,post,short,IS
COO,2015-03-05,post,long,IS
COO,2015-06-04,post,short,IS
COO,2015-12-03,post,short,IS
COO,2016-03-03,post,long,IS
COO,2016-06-02,post,long,IS
COO,2017-06-01,post,long,OOS
COO,2018-06-07,post,long,OOS
COO,2018-08-30,post,short,OOS
COO,2018-12-06,post,short,OOS
COO,2019-03-05,post,long,OOS
COP,2013-08-01,pre,long,IS
COP,2018-10-25,pre,long,OOS
COR,2018-10-25,pre,short,OOS
COR,2019-07-24,post,short,OOS
CORT,2018-08-09,post,short,OOS
CORT,2020-11-03,post,short,OOS
COST,2012-10-10,pre,long,IS
COST,2013-12-11,pre,short,IS
COST,2014-03-06,pre,short,IS
COST,2014-10-08,pre,long,IS
COST,2014-12-10,pre,long,IS
COST,2015-03-05,pre,long,IS
COST,2015-12-08,post,short,IS
COST,2016-03-02,post,short,IS
COST,2016-05-25,post,long,IS
COST,2016-09-29,post,long,IS
COST,2017-03-02,post,short,OOS
COST,2017-05-25,post,long,OOS
COST,2017-12-14,post,long,OOS
COST,2018-12-13,post,short,OOS
COST,2019-03-07,post,long,OOS
COT,2017-05-04,pre,short,OOS
COTY,2014-05-14,pre,long,IS
COTY,2015-02-05,pre,long,IS
COTY,2015-05-07,pre,long,IS
COTY,2016-02-04,pre,long,IS
COTY,2016-11-09,pre,short,IS
COTY,2017-02-09,pre,short,OOS
COTY,2017-05-10,pre,long,OOS
COTY,2017-08-22,pre,short,OOS
COTY,2017-11-09,pre,long,OOS
COTY,2018-02-08,pre,long,OOS
COTY,2018-05-09,pre,long,OOS
COTY,2019-02-08,pre,long,OOS
COUP,2018-06-04,post,long,OOS
COUP,2018-09-04,post,long,OOS
COUP,2019-06-03,post,long,OOS
COUP,2019-09-03,post,long,OOS
CP,2012-10-24,pre,long,IS
CP,2019-01-23,post,long,OOS
CP,2019-07-16,pre,long,OOS
CPA,2013-02-06,post,short,IS
CPA,2013-05-13,post,long,IS
CPA,2014-05-07,post,long,IS
CPA,2015-02-11,post,long,IS
CPA,2015-08-12,post,short,IS
CPA,2016-08-03,post,long,IS
CPA,2017-11-08,post,long,OOS
CPA,2018-05-09,post,long,OOS
CPA,2018-08-08,post,short,OOS
CPA,2018-11-14,post,short,OOS
CPA,2019-02-13,post,short,OOS
CPA,2019-05-08,post,long,OOS
CPB,2013-05-20,pre,long,IS
CPB,2013-11-19,pre,short,IS
CPB,2014-02-14,pre,long,IS
CPB,2015-02-25,pre,short,IS
CPB,2015-05-22,pre,long,IS
CPB,2015-11-24,pre,long,IS
CPB,2016-09-01,pre,short,IS
CPB,2016-11-22,pre,long,IS
CPB,2017-05-19,pre,short,OOS
CPB,2017-08-31,pre,short,OOS
CPB,2017-11-21,pre,short,OOS
CPB,2018-11-20,pre,long,OOS
CPB,2019-02-27,pre,long,OOS
CPB,2019-08-30,pre,long,OOS
CPE,2016-05-04,post,long,IS
CPE,2017-02-27,post,short,OOS
CPE,2017-08-02,post,short,OOS
CPE,2017-11-06,post,short,OOS
CPRI,2019-02-06,pre,long,OOS
CPRT,2013-05-30,post,short,IS
CPRT,2013-09-24,post,short,IS
CPRT,2014-05-28,post,short,IS
CPRT,2014-09-23,post,short,IS
CPRT,2014-11-24,post,long,IS
CPRT,2015-02-24,post,short,IS
CPRT,2015-05-27,post,short,IS
CPRT,2016-05-25,post,long,IS
CPRT,2016-09-20,post,long,IS
CPRT,2017-09-19,post,long,OOS
CPRT,2017-11-21,post,long,OOS
CPRT,2018-02-26,pre,long,OOS
CPRT,2018-09-19,pre,short,OOS
CPRT,2018-11-20,post,long,OOS
CPRT,2020-09-02,post,long,OOS
CPS,2016-10-31,post,long,IS
CPS,2017-10-31,post,short,OOS
CPS,2018-02-15,post,long,OOS
CPS,2018-11-01,post,short,OOS
CPT,2017-02-07,post,short,OOS
CPT,2019-07-25,post,short,OOS
CR,2013-10-28,post,short,IS
CR,2014-01-27,post,long,IS
CR,2016-04-25,post,long,IS
CR,2016-07-25,post,long,IS
CR,2016-10-24,post,long,IS
CR,2017-04-24,post,long,OOS
CR,2017-10-23,post,long,OOS
CR,2018-07-23,post,long,OOS
CR,2018-10-22,post,long,OOS
CR,2019-04-29,post,long,OOS
CRAY,2016-08-02,post,short,IS
CRC,2017-05-04,post,long,OOS
CRC,2017-11-06,post,long,OOS
CRC,2018-05-03,post,long,OOS
CRC,2019-02-27,post,long,OOS
CRC,2019-05-02,post,long,OOS
CREE,2012-10-16,post,long,IS
CREE,2013-01-22,post,long,IS
CREE,2014-10-21,post,short,IS
CREE,2015-01-20,post,long,IS
CREE,2015-04-21,post,short,IS
CREE,2015-08-11,post,short,IS
CREE,2016-01-19,post,long,IS
CREE,2016-08-16,post,short,IS
CREE,2017-01-24,post,long,OOS
CREE,2017-04-25,post,short,OOS
CREE,2017-08-22,post,short,OOS
CREE,2018-04-24,post,long,OOS
CRI,2012-10-25,pre,long,IS
CRI,2014-07-24,pre,long,IS
CRI,2015-04-29,pre,long,IS
CRI,2016-02-25,pre,long,IS
CRI,2017-02-23,pre,long,OOS
CRI,2017-04-27,pre,long,OOS
CRI,2018-10-25,pre,short,OOS
CRI,2019-02-25,pre,long,OOS
CRIS,2021-05-12,post,short,OOS
CRK,2013-07-29,post,short,IS
CRK,2014-02-10,post,short,IS
CRL,2013-02-13,post,long,IS
CRL,2013-05-01,post,short,IS
CRL,2014-08-06,post,long,IS
CRL,2015-02-10,post,long,IS
CRL,2015-04-29,post,short,IS
CRL,2015-07-30,pre,short,IS
CRL,2016-08-03,pre,long,IS
CRL,2017-02-14,pre,long,OOS
CRL,2019-02-13,pre,long,OOS
CRM,2013-02-28,post,long,IS
CRM,2013-05-23,post,short,IS
CRM,2013-08-29,post,long,IS
CRM,2014-08-21,post,long,IS
CRM,2015-05-20,post,long,IS
CRM,2015-11-18,post,long,IS
CRM,2017-05-18,post,long,OOS
CRM,2018-02-28,post,long,OOS
CRM,2018-05-29,post,long,OOS
CRM,2018-11-27,post,long,OOS
CRM,2019-06-04,post,long,OOS
CRM,2019-08-22,post,long,OOS
CRNC,2020-08-04,pre,long,OOS
CRNC,2020-11-16,pre,long,OOS
CRNT,2021-02-08,pre,short,OOS
CROX,2012-07-25,post,long,IS
CROX,2013-07-24,post,short,IS
CROX,2015-11-05,pre,short,IS
CROX,2018-02-28,pre,short,OOS
CROX,2018-05-08,pre,long,OOS
CROX,2018-11-08,pre,long,OOS
CROX,2019-02-28,pre,short,OOS
CROX,2019-05-07,pre,long,OOS
CROX,2019-08-01,pre,long,OOS
CRR,2012-10-25,pre,long,IS
CRR,2013-01-31,pre,long,IS
CRR,2013-04-25,pre,short,IS
CRR,2013-07-25,pre,long,IS
CRR,2013-10-31,pre,long,IS
CRR,2014-01-30,pre,long,IS
CRR,2014-04-24,pre,short,IS
CRS,2013-04-25,pre,short,IS
CRS,2014-10-23,pre,long,IS
CRS,2015-04-30,pre,short,IS
CRS,2016-10-27,pre,short,IS
CRS,2017-02-02,pre,long,OOS
CRS,2017-07-27,pre,long,OOS
CRS,2018-10-24,pre,short,OOS
CRS,2019-04-25,pre,long,OOS
CRS,2019-08-01,pre,long,OOS
CRTO,2014-05-06,pre,long,IS
CRTO,2014-08-05,post,long,IS
CRTO,2014-11-04,post,long,IS
CRTO,2015-02-18,pre,long,IS
CRTO,2015-11-04,pre,short,IS
CRTO,2016-02-10,pre,long,IS
CRTO,2016-11-02,pre,long,IS
CRTO,2018-02-14,pre,long,OOS
CRTO,2018-05-02,pre,long,OOS
CRTO,2019-02-13,pre,long,OOS
CRUS,2014-04-24,post,long,IS
CRUS,2015-07-22,post,long,IS
CRUS,2016-01-27,post,long,IS
CRUS,2016-07-27,post,long,IS
CRUS,2016-10-27,post,long,IS
CRUS,2017-11-02,post,long,OOS
CRUS,2018-02-05,post,short,OOS
CRUS,2018-05-02,post,short,OOS
CRUS,2019-07-31,post,long,OOS
CRUS,2021-04-29,post,short,OOS
CRWD,2019-07-18,post,long,OOS
CRWD,2020-03-19,post,long,OOS
CRZO,2013-02-26,pre,long,IS
CRZO,2018-05-07,post,long,OOS
CS,2014-07-22,pre,short,IS
CSCO,2012-11-13,post,long,IS
CSCO,2013-05-15,post,long,IS
CSCO,2014-05-14,post,long,IS
CSCO,2015-02-11,post,long,IS
CSCO,2015-08-12,post,long,IS
CSCO,2016-02-10,post,long,IS
CSCO,2016-05-18,post,long,IS
CSCO,2017-02-15,post,long,OOS
CSCO,2017-11-15,post,long,OOS
CSCO,2018-02-14,post,long,OOS
CSCO,2018-08-15,post,long,OOS
CSCO,2018-11-14,post,long,OOS
CSCO,2019-02-13,post,long,OOS
CSCO,2019-05-15,post,long,OOS
CSFL,2018-10-30,post,long,OOS
CSGP,2013-07-24,post,long,IS
CSGP,2014-07-23,post,long,IS
CSGP,2014-10-29,post,long,IS
CSGP,2015-04-29,post,long,IS
CSGP,2016-04-27,post,long,IS
CSGP,2017-04-26,post,long,OOS
CSGP,2018-04-23,post,long,OOS
CSGP,2019-02-26,post,long,OOS
CSGP,2019-07-23,post,long,OOS
CSGS,2017-02-01,post,short,OOS
CSIQ,2014-05-16,pre,short,IS
CSIQ,2014-08-13,pre,long,IS
CSIQ,2015-11-10,pre,long,IS
CSIQ,2016-05-11,pre,long,IS
CSIQ,2016-08-18,pre,long,IS
CSIQ,2017-03-21,pre,short,OOS
CSL,2013-07-23,pre,short,IS
CSL,2014-02-06,pre,long,IS
CSL,2014-10-21,pre,long,IS
CSL,2016-04-27,pre,long,IS
CSL,2016-10-25,post,long,IS
CSL,2018-04-24,post,long,OOS
CSL,2018-07-24,post,long,OOS
CSL,2019-02-07,post,long,OOS
CSL,2019-04-23,post,long,OOS
CSL,2019-07-23,post,long,OOS
CSOD,2014-08-06,post,short,IS
CSOD,2016-05-04,post,long,IS
CSOD,2017-02-13,post,long,OOS
CSOD,2017-05-02,post,long,OOS
CSOD,2017-08-03,post,short,OOS
CSTE,2014-11-05,pre,long,IS
CSTM,2014-08-28,pre,short,IS
CSTM,2015-05-14,pre,short,IS
CSX,2013-01-22,post,long,IS
CSX,2014-01-15,post,short,IS
CSX,2015-07-14,post,long,IS
CSX,2016-04-12,post,long,IS
CSX,2017-04-19,post,long,OOS
CSX,2018-04-17,post,long,OOS
CSX,2018-07-17,post,long,OOS
CSX,2019-04-16,post,long,OOS
CSX,2019-07-16,post,short,OOS
CTAS,2013-03-19,post,short,IS
CTAS,2013-07-15,post,short,IS
CTAS,2013-12-19,post,long,IS
CTAS,2014-09-29,post,long,IS
CTAS,2014-12-18,post,long,IS
CTAS,2015-03-18,post,long,IS
CTAS,2015-12-21,post,long,IS
CTAS,2016-07-19,post,long,IS
CTAS,2016-09-27,post,long,IS
CTAS,2016-12-22,post,short,IS
CTAS,2017-07-20,post,long,OOS
CTAS,2017-09-26,post,long,OOS
CTAS,2017-12-21,post,long,OOS
CTAS,2018-03-22,post,long,OOS
CTAS,2018-07-19,post,long,OOS
CTB,2012-11-02,pre,long,IS
CTB,2013-02-25,pre,long,IS
CTB,2014-03-14,pre,long,IS
CTB,2014-05-02,pre,long,IS
CTB,2014-08-07,pre,short,IS
CTB,2015-05-01,pre,short,IS
CTB,2015-08-06,pre,long,IS
CTB,2016-02-23,pre,long,IS
CTB,2016-08-04,pre,long,IS
CTB,2017-02-17,pre,long,OOS
CTB,2017-04-27,pre,short,OOS
CTB,2018-02-20,pre,short,OOS
CTB,2018-04-30,pre,short,OOS
CTB,2018-10-29,pre,long,OOS
CTL,2012-11-07,post,long,IS
CTL,2013-02-13,post,short,IS
CTL,2013-05-08,post,long,IS
CTL,2015-02-11,post,short,IS
CTL,2015-08-05,post,short,IS
CTL,2016-02-10,post,long,IS
CTL,2017-05-03,post,short,OOS
CTL,2017-11-08,post,short,OOS
CTL,2018-05-09,post,long,OOS
CTL,2018-08-08,post,long,OOS
CTLT,2016-05-04,post,short,IS
CTLT,2016-08-29,post,short,IS
CTLT,2016-11-07,post,long,IS
CTLT,2017-02-06,post,long,OOS
CTLT,2017-05-04,post,long,OOS
CTLT,2017-08-28,post,long,OOS
CTLT,2018-11-06,pre,short,OOS
CTLT,2019-02-05,pre,long,OOS
CTRL,2018-02-08,post,long,OOS
CTRP,2012-11-05,post,long,IS
CTRP,2013-01-31,post,long,IS
CTRP,2013-05-08,post,long,IS
CTRP,2013-07-31,post,long,IS
CTRP,2015-03-19,post,long,IS
CTRP,2015-05-13,post,long,IS
CTRP,2015-08-03,post,long,IS
CTRP,2016-11-23,post,long,IS
CTRP,2017-02-22,post,long,OOS
CTRP,2018-05-22,post,long,OOS
CTRP,2018-09-05,post,long,OOS
CTRP,2019-03-04,post,long,OOS
CTSH,2013-05-08,pre,long,IS
CTSH,2013-08-06,pre,long,IS
CTSH,2013-11-05,pre,long,IS
CTSH,2014-11-05,pre,long,IS
CTSH,2015-02-04,pre,long,IS
CTSH,2015-05-04,pre,long,IS
CTSH,2015-08-05,pre,long,IS
CTSH,2016-11-07,pre,long,IS
CTSH,2017-02-08,pre,long,OOS
CTSH,2018-02-07,pre,long,OOS
CTSH,2019-05-02,post,short,OOS
CTSH,2019-07-31,post,long,OOS
CTXS,2013-01-30,post,long,IS
CTXS,2013-04-24,post,short,IS
CTXS,2013-07-24,post,long,IS
CTXS,2013-10-23,post,long,IS
CTXS,2014-04-23,post,long,IS
CTXS,2014-07-23,post,long,IS
CTXS,2015-01-28,post,long,IS
CTXS,2015-07-28,post,long,IS
CTXS,2015-10-21,post,long,IS
CTXS,2016-01-27,post,long,IS
CTXS,2016-04-20,post,long,IS
CTXS,2016-10-19,post,long,IS
CTXS,2018-04-25,post,long,OOS
CTXS,2018-07-25,post,long,OOS
CTXS,2019-07-24,post,short,OOS
CTXS,2021-04-29,pre,short,OOS
CUB,2019-02-06,post,short,OOS
CUB,2019-08-06,post,long,OOS
CUBE,2012-11-08,post,short,IS
CUBE,2013-11-07,post,short,IS
CUK,2015-12-18,pre,long,IS
CUZ,2017-04-27,post,short,OOS
CVA,2013-07-17,post,long,IS
CVA,2014-02-11,post,short,IS
CVA,2014-04-22,post,long,IS
CVA,2014-07-22,post,long,IS
CVA,2015-02-11,post,short,IS
CVA,2015-07-22,post,short,IS
CVA,2017-04-25,post,short,OOS
CVA,2017-10-26,post,long,OOS
CVA,2018-04-26,post,long,OOS
CVBF,2018-10-24,post,short,OOS
CVBF,2019-07-24,post,long,OOS
CVCO,2019-07-29,post,long,OOS
CVE,2013-07-24,pre,short,IS
CVE,2014-07-30,pre,long,IS
CVE,2017-02-16,pre,long,OOS
CVE,2017-07-27,pre,long,OOS
CVE,2017-11-02,pre,long,OOS
CVE,2018-04-25,pre,short,OOS
CVET,2019-08-13,pre,short,OOS
CVI,2015-02-19,pre,short,IS
CVLT,2012-10-29,pre,long,IS
CVLT,2013-01-30,pre,long,IS
CVLT,2013-05-07,pre,long,IS
CVLT,2013-07-30,pre,long,IS
CVLT,2014-10-28,pre,short,IS
CVLT,2015-07-28,pre,short,IS
CVLT,2015-10-27,pre,long,IS
CVLT,2016-01-27,pre,long,IS
CVLT,2016-10-25,pre,long,IS
CVLT,2017-05-03,pre,long,OOS
CVLT,2017-10-24,pre,short,OOS
CVLT,2018-07-24,pre,long,OOS
CVLT,2019-01-29,pre,long,OOS
CVLT,2019-04-30,pre,short,OOS
CVLT,2019-07-30,pre,short,OOS
CVNA,2019-02-27,post,long,OOS
CVNA,2019-08-07,post,long,OOS
CVNA,2019-11-06,post,short,OOS
CVNA,2020-02-26,post,short,OOS
CVS,2012-11-06,pre,long,IS
CVS,2013-11-05,pre,long,IS
CVS,2014-02-11,pre,long,IS
CVS,2015-05-01,pre,long,IS
CVS,2015-10-30,pre,short,IS
CVS,2016-08-02,pre,long,IS
CVS,2018-08-08,pre,long,OOS
CVS,2019-05-01,pre,long,OOS
CVX,2013-08-02,pre,short,IS
CVX,2014-01-31,pre,short,IS
CVX,2017-01-27,pre,short,OOS
CVX,2017-04-28,pre,long,OOS
CVX,2018-11-02,pre,long,OOS
CW,2014-04-30,post,long,IS
CW,2014-10-29,post,long,IS
CW,2015-02-18,post,short,IS
CW,2016-05-04,post,long,IS
CW,2016-10-26,post,long,IS
CW,2017-05-03,post,long,OOS
CW,2017-07-26,post,long,OOS
CW,2018-02-21,post,long,OOS
CWH,2017-08-10,post,long,OOS
CWH,2018-08-07,post,short,OOS
CWH,2020-11-02,pre,long,OOS
CWT,2019-04-25,pre,short,OOS
CXO,2015-05-04,post,long,IS
CXO,2017-05-03,post,long,OOS
CXO,2017-10-31,post,long,OOS
CXO,2018-02-20,post,long,OOS
CXO,2019-02-19,post,short,OOS
CXO,2019-07-31,post,short,OOS
CXW,2015-08-05,post,short,IS
CXW,2016-02-10,post,short,IS
CY,2013-07-18,pre,long,IS
CY,2016-10-27,post,long,IS
CY,2017-02-02,post,long,OOS
CY,2018-07-26,post,long,OOS
CY,2019-01-31,post,long,OOS
CY,2019-04-25,post,long,OOS
CYBR,2014-11-12,post,long,IS
CYBR,2015-02-12,post,long,IS
CYBR,2015-05-07,post,long,IS
CYBR,2016-11-03,pre,long,IS
CYBR,2017-11-02,pre,long,OOS
CYBR,2018-02-15,pre,long,OOS
CYBR,2018-05-03,post,long,OOS
CYBR,2018-08-07,post,long,OOS
CYBR,2018-11-07,post,long,OOS
CYBR,2019-02-14,pre,long,OOS
CYBR,2019-05-14,pre,long,OOS
CYH,2015-05-05,post,long,IS
CYH,2015-08-03,post,long,IS
CYH,2016-02-15,post,short,IS
CYH,2016-05-02,post,short,IS
CYH,2016-08-02,post,short,IS
CYH,2017-02-20,post,long,OOS
CYH,2017-05-01,post,long,OOS
CYH,2017-11-01,post,short,OOS
CYRX,2021-05-04,post,long,OOS
CZR,2014-03-11,post,short,IS
CZR,2014-05-07,post,short,IS
CZR,2014-08-11,post,short,IS
CZR,2018-03-07,post,long,OOS
CZR,2021-02-25,post,long,OOS
D,2014-01-31,pre,short,IS
D,2014-10-31,pre,short,IS
D,2017-02-01,pre,short,OOS
D,2019-05-03,pre,short,OOS
DADA,2020-08-24,post,short,OOS
DAL,2013-07-24,pre,long,IS
DAL,2013-10-22,pre,long,IS
DAL,2014-01-21,pre,long,IS
DAL,2014-04-23,pre,long,IS
DAL,2015-04-15,pre,long,IS
DAL,2017-04-12,pre,long,OOS
DAL,2017-07-13,pre,short,OOS
DAL,2018-01-11,pre,long,OOS
DAL,2018-10-11,pre,long,OOS
DAL,2019-04-10,pre,long,OOS
DAN,2012-10-26,pre,short,IS
DAN,2013-04-25,pre,short,IS
DAN,2013-10-29,pre,short,IS
DAN,2014-07-24,pre,long,IS
DAN,2014-10-23,pre,long,IS
DAN,2015-04-23,pre,long,IS
DAN,2015-10-22,pre,short,IS
DAN,2016-07-21,pre,long,IS
DAN,2016-10-20,pre,long,IS
DAN,2017-05-02,pre,long,OOS
DAN,2017-07-31,pre,long,OOS
DAN,2018-04-30,pre,long,OOS
DAN,2018-07-25,pre,short,OOS
DAN,2018-10-29,pre,long,OOS
DAR,2014-02-26,post,short,IS
DAR,2016-03-01,post,long,IS
DAR,2016-05-12,post,short,IS
DAR,2017-02-28,post,long,OOS
DAR,2017-05-11,post,short,OOS
DAR,2017-08-09,post,short,OOS
DAR,2018-02-27,post,long,OOS
DAR,2018-05-09,post,long,OOS
DAR,2018-11-06,post,short,OOS
DAR,2019-05-08,post,short,OOS
DATA,2013-10-28,post,long,IS
DATA,2014-02-04,post,long,IS
DATA,2014-07-31,post,long,IS
DATA,2014-11-05,post,long,IS
DATA,2015-02-04,post,long,IS
DATA,2015-05-07,post,long,IS
DATA,2015-11-05,post,long,IS
DATA,2016-08-02,post,short,IS
DATA,2017-02-02,post,long,OOS
DATA,2017-05-03,post,long,OOS
DATA,2017-08-02,post,long,OOS
DATA,2017-11-02,post,short,OOS
DATA,2018-02-01,post,long,OOS
DATA,2018-11-06,post,long,OOS
DATA,2019-02-05,post,short,OOS
DATA,2019-05-02,post,long,OOS
DB,2019-04-26,pre,short,OOS
DBD,2013-04-30,pre,short,IS
DBD,2013-10-30,pre,long,IS
DBD,2014-08-06,pre,long,IS
DBD,2015-02-12,pre,short,IS
DBD,2015-10-29,pre,short,IS
DBD,2017-10-31,pre,long,OOS
DBD,2018-05-02,pre,short,OOS
DBD,2018-08-01,pre,short,OOS
DBD,2019-04-30,pre,short,OOS
DBI,2019-05-30,pre,long,OOS
DBI,2019-08-29,pre,long,OOS
DBX,2019-05-09,post,long,OOS
DBX,2020-02-20,post,long,OOS
DCI,2014-05-20,pre,short,IS
DCI,2014-11-20,pre,short,IS
DCI,2016-06-02,pre,long,IS
DCI,2016-09-08,pre,short,IS
DCI,2016-12-01,pre,long,IS
DCI,2017-03-01,pre,long,OOS
DCI,2017-06-01,pre,long,OOS
DCI,2017-09-07,pre,short,OOS
DCI,2017-11-30,pre,long,OOS
DCI,2019-03-06,pre,short,OOS
DDD,2012-10-25,pre,long,IS
DDD,2014-07-31,pre,short,IS
DDD,2016-03-14,pre,long,IS
DDD,2016-08-03,pre,long,IS
DDD,2017-05-03,post,short,OOS
DDD,2017-08-02,post,short,OOS
DDD,2017-10-31,post,short,OOS
DDD,2018-03-14,post,long,OOS
DDD,2018-08-07,post,long,OOS
DDD,2019-05-07,post,short,OOS
DDS,2012-11-08,pre,long,IS
DDS,2013-05-15,post,long,IS
DDS,2013-08-14,post,long,IS
DDS,2014-02-24,pre,short,IS
DDS,2014-05-15,post,long,IS
DDS,2014-08-15,pre,short,IS
DDS,2015-05-14,post,short,IS
DDS,2015-08-13,pre,long,IS
DDS,2015-11-16,pre,short,IS
DDS,2016-05-12,post,short,IS
DDS,2016-11-10,post,short,IS
DDS,2017-02-21,pre,short,OOS
DDS,2017-08-10,pre,short,OOS
DDS,2018-02-27,pre,long,OOS
DDS,2018-05-17,pre,long,OOS
DDS,2018-11-15,pre,short,OOS
DE,2012-11-21,pre,short,IS
DE,2013-11-20,pre,long,IS
DE,2015-05-22,pre,long,IS
DE,2015-11-25,pre,long,IS
DE,2016-08-19,pre,long,IS
DE,2016-11-23,pre,long,IS
DE,2017-02-17,pre,long,OOS
DE,2017-05-19,pre,long,OOS
DE,2017-11-22,pre,long,OOS
DE,2019-05-17,pre,short,OOS
DEA,2021-05-04,pre,long,OOS
DECK,2013-02-28,post,long,IS
DECK,2013-10-24,post,long,IS
DECK,2014-04-24,post,long,IS
DECK,2014-07-24,post,long,IS
DECK,2015-01-29,post,short,IS
DECK,2015-10-29,post,long,IS
DECK,2016-07-28,post,long,IS
DECK,2017-02-02,post,short,OOS
DECK,2017-05-25,post,long,OOS
DECK,2018-02-01,post,long,OOS
DECK,2018-05-24,post,long,OOS
DECK,2019-01-31,post,long,OOS
DECK,2019-05-23,post,long,OOS
DEI,2012-11-06,post,short,IS
DEI,2017-11-07,post,short,OOS
DELL,2019-08-29,post,long,OOS
DENN,2020-05-14,post,long,OOS
DF,2013-05-09,pre,long,IS
DF,2013-11-12,pre,short,IS
DF,2014-02-11,pre,short,IS
DF,2014-05-08,pre,short,IS
DF,2014-08-11,pre,short,IS
DF,2014-11-10,pre,long,IS
DF,2015-02-10,pre,short,IS
DF,2015-05-11,pre,long,IS
DF,2015-11-09,pre,long,IS
DF,2016-08-08,pre,short,IS
DF,2017-02-16,pre,short,OOS
DF,2017-08-08,pre,short,OOS
DF,2018-02-26,pre,short,OOS
DF,2018-11-07,pre,short,OOS
DFS,2012-09-27,pre,long,IS
DFS,2012-12-20,pre,short,IS
DFS,2013-04-23,pre,long,IS
DFS,2014-01-23,post,long,IS
DFS,2015-01-21,post,short,IS
DFS,2015-10-20,post,long,IS
DFS,2016-01-27,post,short,IS
DFS,2016-04-19,post,long,IS
DFS,2017-07-26,post,short,OOS
DFS,2019-04-25,post,long,OOS
DFS,2019-07-23,post,long,OOS
DG,2013-03-25,pre,long,IS
DG,2013-06-04,pre,short,IS
DG,2013-09-04,pre,long,IS
DG,2013-12-05,pre,long,IS
DG,2015-06-02,pre,long,IS
DG,2016-03-10,pre,long,IS
DG,2016-05-26,pre,long,IS
DG,2016-08-25,pre,short,IS
DG,2016-12-01,pre,short,IS
DG,2017-06-01,pre,long,OOS
DG,2017-12-07,pre,long,OOS
DG,2018-05-31,pre,short,OOS
DG,2019-03-14,pre,short,OOS
DG,2019-05-30,pre,long,OOS
DG,2019-08-29,pre,long,OOS
DG,2021-03-18,pre,short,OOS
DGX,2013-01-23,pre,short,IS
DGX,2013-10-17,pre,short,IS
DGX,2014-01-30,pre,long,IS
DGX,2017-04-20,pre,long,OOS
DGX,2019-07-23,pre,long,OOS
DHI,2013-01-29,pre,long,IS
DHI,2013-04-26,pre,long,IS
DHI,2014-01-28,pre,long,IS
DHI,2014-04-24,pre,long,IS
DHI,2014-07-24,pre,short,IS
DHI,2015-01-26,pre,long,IS
DHI,2016-11-08,pre,short,IS
DHI,2017-01-24,pre,long,OOS
DHI,2018-01-31,pre,long,OOS
DHI,2018-07-26,pre,long,OOS
DHI,2018-11-08,pre,short,OOS
DHR,2012-10-18,pre,short,IS
DHR,2013-04-18,pre,short,IS
DHR,2013-10-17,pre,long,IS
DHR,2015-07-23,pre,long,IS
DHR,2016-10-20,pre,long,IS
DHR,2017-01-31,pre,long,OOS
DHR,2017-10-19,pre,long,OOS
DHR,2018-07-19,pre,long,OOS
DHR,2019-04-18,pre,long,OOS
DHT,2021-02-08,post,short,OOS
DIN,2013-02-27,pre,long,IS
DIN,2014-10-28,pre,long,IS
DIN,2015-04-30,pre,long,IS
DIN,2017-08-10,pre,long,OOS
DIN,2019-02-21,pre,long,OOS
DIN,2019-07-31,pre,short,OOS
DIOD,2018-11-06,post,long,OOS
DIOD,2019-05-07,post,long,OOS
DIS,2013-02-05,post,long,IS
DIS,2014-02-05,post,long,IS
DIS,2015-02-03,post,long,IS
DIS,2016-05-10,post,short,IS
DIS,2019-08-06,post,short,OOS
DISCA,2012-11-06,pre,short,IS
DISCA,2013-02-14,pre,short,IS
DISCA,2013-05-07,pre,short,IS
DISCA,2015-11-03,pre,long,IS
DISCA,2016-05-05,pre,long,IS
DISCA,2016-08-02,pre,long,IS
DISCA,2017-05-09,pre,short,OOS
DISCA,2017-11-02,pre,short,OOS
DISCA,2018-08-07,pre,short,OOS
DISCA,2019-02-26,pre,short,OOS
DISCK,2016-08-02,pre,long,IS
DISCK,2017-05-09,pre,short,OOS
DISCK,2017-07-31,pre,short,OOS
DISCK,2017-11-02,pre,short,OOS
DISCK,2019-02-26,pre,short,OOS
DISH,2013-05-09,pre,short,IS
DISH,2013-11-12,pre,long,IS
DISH,2014-02-21,pre,long,IS
DISH,2014-05-08,pre,short,IS
DISH,2014-11-04,pre,short,IS
DISH,2016-04-20,pre,long,IS
DISH,2016-11-09,pre,short,IS
DISH,2017-02-22,pre,long,OOS
DISH,2018-08-03,pre,long,OOS
DISH,2019-02-13,pre,short,OOS
DISH,2019-11-07,pre,long,OOS
DK,2013-05-08,post,long,IS
DK,2014-02-26,post,short,IS
DK,2014-05-07,post,long,IS
DK,2014-08-06,post,long,IS
DK,2015-02-23,post,long,IS
DK,2017-08-02,post,short,OOS
DK,2018-02-26,post,long,OOS
DK,2018-11-06,post,long,OOS
DK,2019-05-06,pre,long,OOS
DKS,2012-11-13,pre,long,IS
DKS,2013-03-11,pre,short,IS
DKS,2013-08-20,pre,short,IS
DKS,2014-05-20,pre,short,IS
DKS,2014-08-19,pre,long,IS
DKS,2015-03-03,pre,long,IS
DKS,2015-08-18,pre,long,IS
DKS,2015-11-17,pre,short,IS
DKS,2016-03-08,pre,short,IS
DKS,2016-05-19,pre,long,IS
DKS,2016-08-16,pre,long,IS
DKS,2017-08-15,pre,short,OOS
DKS,2018-05-30,pre,long,OOS
DKS,2019-05-29,pre,long,OOS
DKS,2019-08-22,pre,long,OOS
DLB,2013-01-29,post,long,IS
DLB,2013-04-25,post,long,IS
DLB,2015-04-21,post,long,IS
DLB,2016-01-27,post,long,IS
DLB,2016-04-27,post,long,IS
DLB,2016-10-26,post,long,IS
DLB,2017-01-25,post,long,OOS
DLB,2018-01-24,post,long,OOS
DLB,2018-07-25,post,long,OOS
DLB,2019-01-30,post,long,OOS
DLB,2019-08-01,post,short,OOS
DLPH,2018-05-09,pre,long,OOS
DLPH,2018-11-07,pre,short,OOS
DLPH,2019-02-21,pre,long,OOS
DLPH,2019-05-02,pre,long,OOS
DLPH,2019-08-01,pre,short,OOS
DLPH,2019-10-31,pre,short,OOS
DLR,2013-10-29,post,short,IS
DLR,2016-07-28,post,short,IS
DLTR,2012-11-15,pre,long,IS
DLTR,2013-02-27,pre,long,IS
DLTR,2013-05-23,pre,long,IS
DLTR,2013-11-21,pre,short,IS
DLTR,2014-11-20,pre,long,IS
DLTR,2015-09-01,pre,short,IS
DLTR,2016-05-26,pre,long,IS
DLTR,2016-11-22,pre,long,IS
DLTR,2017-03-01,pre,long,OOS
DLTR,2017-05-25,pre,short,OOS
DLTR,2017-08-24,pre,long,OOS
DLTR,2017-11-21,pre,long,OOS
DLTR,2018-03-07,pre,short,OOS
DLTR,2018-05-31,pre,short,OOS
DLTR,2018-08-30,pre,short,OOS
DLTR,2019-03-06,pre,long,OOS
DLX,2013-07-25,pre,long,IS
DLX,2013-10-24,pre,long,IS
DLX,2014-07-24,pre,long,IS
DLX,2014-10-23,pre,long,IS
DLX,2015-01-22,pre,long,IS
DLX,2015-07-23,pre,long,IS
DLX,2016-01-28,pre,long,IS
DLX,2016-10-27,pre,long,IS
DLX,2019-04-25,pre,long,OOS
DNB,2012-10-25,post,long,IS
DNB,2013-02-11,post,short,IS
DNB,2013-11-04,post,long,IS
DNB,2016-08-01,post,long,IS
DNKN,2012-10-25,pre,long,IS
DNKN,2013-01-31,pre,long,IS
DNKN,2013-07-25,pre,long,IS
DNKN,2013-10-24,pre,short,IS
DNKN,2015-04-23,pre,long,IS
DNKN,2017-02-09,pre,long,OOS
DNKN,2017-07-27,pre,long,OOS
DNKN,2017-10-26,pre,short,OOS
DNKN,2018-07-26,pre,long,OOS
DNKN,2019-05-02,pre,long,OOS
DNOW,2014-08-06,pre,short,IS
DNOW,2016-08-03,pre,long,IS
DNOW,2018-08-02,pre,long,OOS
DNR,2013-02-21,pre,long,IS
DO,2014-04-24,pre,long,IS
DO,2019-02-11,pre,short,OOS
DO,2019-08-05,pre,short,OOS
DOC,2017-11-03,pre,short,OOS
DOCU,2019-12-05,post,long,OOS
DOCU,2020-03-12,post,long,OOS
DOMO,2019-03-13,post,long,OOS
DOMO,2020-06-04,post,long,OOS
DOMO,2020-09-03,post,long,OOS
DOMO,2020-12-03,post,long,OOS
DOOR,2015-02-24,post,short,IS
DOOR,2016-02-24,post,long,IS
DOOR,2016-05-04,post,long,IS
DOOR,2016-11-08,post,long,IS
DOOR,2017-08-09,post,short,OOS
DOOR,2017-11-07,post,long,OOS
DOOR,2018-11-06,post,short,OOS
DORM,2014-07-30,pre,short,IS
DORM,2014-10-28,pre,short,IS
DORM,2017-05-02,pre,long,OOS
DORM,2019-04-29,pre,short,OOS
DORM,2019-07-30,pre,short,OOS
DOV,2013-07-18,pre,long,IS
DOV,2015-07-21,pre,short,IS
DOV,2017-04-20,pre,long,OOS
DOV,2018-07-19,pre,long,OOS
DOV,2019-01-29,pre,long,OOS
DOW,2019-10-24,pre,long,OOS
DOW,2020-01-29,pre,long,OOS
DOX,2014-04-30,post,long,IS
DOX,2014-11-04,post,short,IS
DOX,2015-01-27,post,long,IS
DOX,2015-07-29,post,long,IS
DOX,2017-05-09,post,long,OOS
DOX,2017-08-02,post,long,OOS
DOX,2018-01-30,post,long,OOS
DOX,2019-05-14,post,long,OOS
DPLO,2015-08-03,post,long,IS
DPLO,2015-11-03,post,long,IS
DPLO,2016-05-09,post,long,IS
DPLO,2016-11-02,post,short,IS
DPLO,2018-08-06,post,short,OOS
DPLO,2018-11-06,post,short,OOS
DPZ,2012-10-16,pre,long,IS
DPZ,2013-02-28,pre,long,IS
DPZ,2013-04-30,pre,long,IS
DPZ,2013-10-15,pre,short,IS
DPZ,2014-02-25,pre,long,IS
DPZ,2014-10-14,pre,long,IS
DPZ,2015-04-23,pre,long,IS
DPZ,2015-10-08,pre,short,IS
DPZ,2016-04-28,pre,short,IS
DPZ,2016-07-21,pre,long,IS
DPZ,2016-10-18,pre,long,IS
DPZ,2017-04-27,pre,long,OOS
DPZ,2018-04-26,pre,long,OOS
DPZ,2019-02-21,pre,short,OOS
DPZ,2019-04-24,pre,long,OOS
DQ,2018-02-28,pre,long,OOS
DRE,2012-10-31,post,short,IS
DRE,2016-10-26,post,long,IS
DRE,2018-07-25,post,long,OOS
DRH,2015-11-05,post,short,IS
DRH,2019-02-25,post,long,OOS
DRI,2012-09-21,pre,long,IS
DRI,2013-09-20,pre,short,IS
DRI,2013-12-19,pre,short,IS
DRI,2014-06-20,pre,short,IS
DRI,2015-03-20,pre,long,IS
DRI,2015-06-23,pre,long,IS
DRI,2016-10-04,pre,long,IS
DRI,2017-06-27,pre,long,OOS
DRI,2017-12-19,pre,long,OOS
DRI,2018-06-21,pre,long,OOS
DRI,2018-09-20,pre,long,OOS
DRI,2019-03-21,pre,long,OOS
DRQ,2013-05-03,pre,long,IS
DRQ,2014-02-28,pre,long,IS
DRQ,2017-02-28,pre,short,OOS
DRQ,2019-02-26,post,long,OOS
DSW,2012-11-20,pre,long,IS
DSW,2013-05-29,pre,long,IS
DSW,2014-05-28,pre,short,IS
DSW,2014-08-26,pre,long,IS
DSW,2014-11-25,pre,long,IS
DSW,2017-03-14,pre,long,OOS
DSW,2017-08-22,pre,long,OOS
DSW,2017-11-21,pre,short,OOS
DSW,2018-03-13,pre,long,OOS
DSW,2019-03-19,pre,short,OOS
DSX,2014-02-18,pre,short,IS
DTE,2019-02-07,pre,short,OOS
DUK,2018-05-10,pre,long,OOS
DUK,2018-11-02,pre,long,OOS
DVA,2013-05-07,post,long,IS
DVA,2014-02-11,post,long,IS
DVA,2014-05-01,post,short,IS
DVA,2014-07-31,post,long,IS
DVA,2014-11-06,post,short,IS
DVA,2016-05-04,post,long,IS
DVA,2017-05-02,post,short,OOS
DVA,2017-11-07,post,short,OOS
DVA,2018-11-07,post,short,OOS
DVA,2019-05-07,post,short,OOS
DVN,2013-08-07,pre,long,IS
DVN,2014-11-04,post,long,IS
DVN,2015-08-04,post,long,IS
DVN,2017-10-31,post,long,OOS
DVN,2018-02-20,post,short,OOS
DVN,2018-05-01,post,long,OOS
DVN,2018-07-31,post,short,OOS
DWDP,2018-11-01,pre,long,OOS
DWDP,2019-01-31,pre,short,OOS
DXC,2017-08-08,post,long,OOS
DXC,2017-11-07,post,long,OOS
DXC,2018-02-08,post,long,OOS
DXC,2018-08-07,post,long,OOS
DXC,2019-02-07,post,long,OOS
DXCM,2013-08-07,post,long,IS
DXCM,2013-11-06,post,long,IS
DXCM,2014-02-20,post,long,IS
DXCM,2015-11-04,post,short,IS
DXCM,2016-11-01,post,short,IS
DXCM,2017-08-01,post,long,OOS
DXCM,2017-11-01,post,long,OOS
DXCM,2018-08-01,post,long,OOS
DXCM,2019-02-21,post,long,OOS
DXCM,2020-02-13,post,long,OOS
DXCM,2021-02-11,post,short,OOS
DY,2015-05-19,post,long,IS
DY,2015-08-25,post,long,IS
DY,2015-11-23,post,long,IS
DY,2016-02-23,post,short,IS
DY,2016-05-24,post,long,IS
DY,2017-03-01,pre,long,OOS
DY,2017-11-20,pre,long,OOS
DY,2018-05-22,pre,short,OOS
DY,2019-02-27,pre,short,OOS
E,2016-10-28,pre,short,IS
EA,2013-07-23,post,long,IS
EA,2013-10-29,post,long,IS
EA,2014-05-06,post,long,IS
EA,2014-10-28,post,long,IS
EA,2015-01-27,post,long,IS
EA,2015-05-05,post,long,IS
EA,2016-05-10,post,long,IS
EA,2018-01-30,post,long,OOS
EA,2018-05-08,post,long,OOS
EA,2019-05-07,post,long,OOS
EA,2019-07-30,post,long,OOS
EAF,2019-02-08,pre,long,OOS
EAT,2012-10-24,pre,short,IS
EAT,2013-08-02,pre,long,IS
EAT,2013-10-23,pre,short,IS
EAT,2014-01-22,pre,long,IS
EAT,2015-08-06,pre,short,IS
EAT,2016-08-11,pre,long,IS
EAT,2016-10-25,pre,short,IS
EAT,2017-01-25,pre,short,OOS
EAT,2017-08-10,pre,long,OOS
EB,2020-05-11,post,short,OOS
EBAY,2014-01-22,post,long,IS
EBAY,2015-01-21,post,long,IS
EBAY,2015-04-22,post,long,IS
EBAY,2015-07-16,pre,long,IS
EBAY,2015-10-21,post,long,IS
EBAY,2016-04-26,post,long,IS
EBAY,2016-07-20,post,long,IS
EBAY,2018-10-30,post,long,OOS
EBAY,2019-04-23,post,long,OOS
EBAY,2019-07-17,post,long,OOS
EBIX,2018-05-09,pre,short,OOS
EBS,2014-05-08,post,short,IS
EBS,2016-11-07,post,long,IS
EBS,2018-08-02,post,long,OOS
EBS,2019-02-21,post,long,OOS
EBS,2019-05-02,post,short,OOS
EBS,2019-08-01,post,short,OOS
ECA,2013-07-24,pre,long,IS
ECA,2014-05-13,pre,long,IS
ECA,2017-11-08,pre,short,OOS
ECA,2019-02-28,pre,long,OOS
ECHO,2018-10-24,post,long,OOS
ECL,2015-04-28,pre,short,IS
ECL,2016-02-23,pre,short,IS
ECL,2016-05-03,pre,long,IS
ECL,2017-05-02,pre,short,OOS
ECL,2018-10-30,pre,short,OOS
ECOL,2014-11-05,post,long,IS
ECOL,2020-02-26,post,short,OOS
ECPG,2013-11-07,post,long,IS
ECPG,2017-11-02,post,long,OOS
ECPG,2018-08-08,post,long,OOS
ED,2015-11-05,post,short,IS
ED,2016-11-03,post,long,IS
ED,2017-08-03,post,short,OOS
EDU,2013-01-29,pre,short,IS
EDU,2015-04-21,pre,long,IS
EDU,2016-01-19,pre,long,IS
EDU,2018-04-24,pre,long,OOS
EDU,2018-07-24,pre,long,OOS
EDU,2018-10-23,pre,short,OOS
EDU,2019-04-23,pre,short,OOS
EE,2017-11-01,pre,short,OOS
EEFT,2014-10-22,post,long,IS
EEFT,2015-10-21,post,long,IS
EFII,2016-01-27,post,long,IS
EFII,2016-04-20,post,short,IS
EFII,2016-07-25,post,short,IS
EFII,2017-04-20,post,short,OOS
EFII,2017-10-26,post,short,OOS
EFX,2012-10-24,post,long,IS
EFX,2015-04-22,post,long,IS
EFX,2015-07-22,post,long,IS
EFX,2018-10-24,post,short,OOS
EFX,2021-04-21,post,long,OOS
EGBN,2018-10-17,post,long,OOS
EGHT,2017-05-25,post,long,OOS
EGHT,2018-01-25,post,long,OOS
EGHT,2018-05-24,post,short,OOS
EGO,2014-10-30,post,short,IS
EGP,2017-02-01,post,short,OOS
EGRX,2016-08-09,pre,long,IS
EGRX,2017-05-08,pre,short,OOS
EGRX,2017-11-08,pre,long,OOS
EGRX,2018-02-26,pre,short,OOS
EGRX,2018-08-07,pre,long,OOS
EHC,2018-04-26,post,long,OOS
EHC,2018-07-25,post,long,OOS
EHTH,2019-04-25,post,long,OOS
EHTH,2019-07-25,post,long,OOS
EHTH,2021-04-29,post,long,OOS
EIX,2013-02-26,post,long,IS
EIX,2015-04-28,post,long,IS
EIX,2016-02-23,post,long,IS
EIX,2017-05-01,post,long,OOS
EIX,2017-10-30,post,long,OOS
EIX,2018-02-22,post,long,OOS
EIX,2018-05-01,post,short,OOS
EIX,2019-04-30,post,short,OOS
EL,2013-02-05,pre,long,IS
EL,2013-08-15,pre,long,IS
EL,2013-10-31,pre,long,IS
EL,2014-05-02,pre,long,IS
EL,2015-02-05,pre,long,IS
EL,2015-05-05,pre,long,IS
EL,2015-11-02,pre,long,IS
EL,2017-02-02,pre,long,OOS
EL,2017-05-03,pre,long,OOS
EL,2017-08-18,pre,long,OOS
EL,2017-11-01,pre,long,OOS
EL,2018-02-02,pre,long,OOS
EL,2018-08-20,pre,long,OOS
EL,2018-10-31,pre,long,OOS
EL,2019-02-05,pre,long,OOS
EL,2019-05-01,pre,long,OOS
EL,2019-08-19,pre,long,OOS
ELGX,2016-08-02,post,short,IS
ELGX,2017-02-22,post,short,OOS
ELLI,2013-02-14,post,long,IS
ELLI,2013-10-31,post,short,IS
ELLI,2014-05-01,post,long,IS
ELLI,2017-02-09,post,long,OOS
ELLI,2017-07-27,post,short,OOS
ELLI,2018-02-08,post,long,OOS
ELY,2017-05-04,post,long,OOS
ELY,2018-02-07,post,long,OOS
ELY,2018-04-26,post,long,OOS
ELY,2018-08-02,post,long,OOS
ELY,2018-10-24,post,long,OOS
ELY,2019-08-08,post,long,OOS
EME,2013-10-24,pre,short,IS
EME,2014-04-29,pre,long,IS
EME,2015-04-30,pre,short,IS
EME,2016-02-25,pre,long,IS
EME,2016-10-27,pre,long,IS
EME,2017-02-23,pre,short,OOS
EME,2017-07-27,pre,long,OOS
EME,2017-10-26,pre,long,OOS
EME,2019-07-30,pre,long,OOS
EMN,2012-10-25,post,long,IS
EMN,2013-07-29,post,long,IS
EMN,2016-07-28,post,short,IS
EMN,2016-10-27,post,long,IS
EMN,2017-10-26,post,long,OOS
EMN,2018-02-01,post,long,OOS
EMR,2012-11-06,pre,long,IS
EMR,2013-05-07,pre,short,IS
EMR,2014-08-05,pre,short,IS
EMR,2015-05-05,pre,short,IS
EMR,2016-08-02,pre,short,IS
EMR,2016-11-01,pre,long,IS
EMR,2017-02-07,pre,long,OOS
EMR,2018-08-07,pre,long,OOS
EMR,2018-11-06,pre,short,OOS
EMR,2019-05-07,pre,short,OOS
ENB,2017-05-11,pre,short,OOS
ENB,2018-05-10,pre,long,OOS
ENB,2019-05-10,pre,long,OOS
ENDP,2013-08-06,pre,long,IS
ENDP,2013-11-05,pre,long,IS
ENDP,2014-05-01,pre,long,IS
ENDP,2016-08-08,post,long,IS
ENDP,2017-02-28,pre,long,OOS
ENDP,2017-05-09,pre,long,OOS
ENDP,2017-08-08,pre,long,OOS
ENDP,2018-05-08,pre,long,OOS
ENDP,2018-08-08,pre,long,OOS
ENDP,2019-02-28,pre,long,OOS
ENPH,2019-04-30,post,long,OOS
ENPH,2019-07-30,post,long,OOS
ENPH,2020-02-18,post,long,OOS
ENR,2016-02-03,pre,long,IS
ENR,2016-11-09,pre,long,IS
ENR,2017-02-01,pre,long,OOS
ENR,2017-08-02,pre,long,OOS
ENR,2017-11-08,pre,long,OOS
ENR,2018-01-31,pre,long,OOS
ENS,2013-05-28,post,long,IS
ENS,2014-02-05,post,long,IS
ENS,2014-08-06,post,short,IS
ENS,2016-08-10,post,long,IS
ENS,2017-08-09,post,short,OOS
ENS,2017-11-08,post,long,OOS
ENS,2019-02-06,post,short,OOS
ENSG,2018-10-31,post,long,OOS
ENSG,2019-02-06,post,long,OOS
ENTG,2015-07-30,pre,long,IS
ENTG,2017-07-27,pre,long,OOS
ENTG,2018-10-25,pre,short,OOS
EOG,2012-11-05,post,long,IS
EOG,2013-02-13,post,long,IS
EOG,2014-05-05,post,long,IS
EOG,2015-02-18,post,short,IS
EOLS,2021-03-24,post,short,OOS
EPAM,2017-02-16,pre,short,OOS
EPAM,2017-05-04,pre,short,OOS
EPAM,2017-08-03,pre,short,OOS
EPAM,2017-11-02,pre,long,OOS
EPAM,2018-05-09,pre,long,OOS
EPAY,2018-05-03,post,long,OOS
EPC,2015-11-13,pre,short,IS
EPC,2016-02-03,pre,long,IS
EPC,2016-08-02,pre,short,IS
EPC,2016-11-10,pre,long,IS
EPC,2017-08-08,pre,long,OOS
EPC,2018-02-08,pre,short,OOS
EPC,2019-02-07,pre,long,OOS
EPD,2018-10-31,pre,long,OOS
EPD,2019-05-01,pre,long,OOS
EPE,2014-08-06,post,long,IS
EPR,2014-02-27,post,long,IS
EPR,2014-07-24,post,short,IS
EPR,2017-11-08,post,short,OOS
EPR,2018-02-28,post,short,OOS
EQIX,2013-02-13,post,long,IS
EQIX,2013-10-23,post,long,IS
EQIX,2017-02-15,post,short,OOS
EQIX,2018-02-14,post,short,OOS
EQIX,2018-08-08,post,short,OOS
EQIX,2019-07-31,post,long,OOS
EQM,2015-04-23,pre,long,IS
EQR,2014-04-30,post,short,IS
EQR,2016-07-26,post,short,IS
EQT,2013-04-25,pre,long,IS
EQT,2014-04-24,pre,long,IS
EQT,2017-02-02,pre,long,OOS
EQT,2017-04-27,pre,short,OOS
ERF,2012-11-09,pre,short,IS
ERI,2017-05-04,post,short,OOS
ERI,2017-11-02,post,long,OOS
ERI,2019-02-27,post,short,OOS
ERI,2019-05-02,post,long,OOS
ERIC,2013-07-18,pre,short,IS
ERIC,2013-10-24,pre,short,IS
ERIC,2014-01-30,pre,long,IS
ERIC,2014-04-23,pre,short,IS
ERIC,2014-07-18,pre,long,IS
ERIC,2014-10-24,pre,short,IS
ERIC,2015-04-23,pre,short,IS
ERIC,2015-07-17,pre,long,IS
ERIC,2016-04-21,pre,short,IS
ERIC,2016-07-19,pre,short,IS
ERIC,2016-10-21,pre,short,IS
ERIC,2017-07-18,pre,short,OOS
ERIC,2018-01-31,pre,short,OOS
ERIC,2018-04-20,pre,long,OOS
ERIC,2018-10-18,pre,long,OOS
ERIC,2019-04-17,pre,long,OOS
ERIC,2019-07-17,pre,short,OOS
ERJ,2014-02-26,pre,long,IS
ERJ,2015-03-04,post,short,IS
ERJ,2016-03-03,pre,short,IS
ERJ,2016-07-29,pre,short,IS
ERJ,2016-10-31,pre,long,IS
ERJ,2017-03-09,pre,long,OOS
ERJ,2017-07-28,pre,long,OOS
ES,2016-05-04,post,short,IS
ES,2017-05-03,post,short,OOS
ESI,2021-04-28,post,long,OOS
ESL,2012-12-06,post,long,IS
ESL,2014-05-29,post,short,IS
ESL,2014-09-04,post,short,IS
ESL,2014-12-11,post,short,IS
ESL,2015-03-05,post,short,IS
ESL,2015-06-04,post,short,IS
ESL,2015-09-03,post,short,IS
ESL,2016-02-04,post,short,IS
ESL,2017-11-09,post,short,OOS
ESL,2018-02-01,post,long,OOS
ESL,2018-05-03,post,long,OOS
ESNT,2015-05-08,pre,long,IS
ESNT,2016-08-04,pre,long,IS
ESNT,2016-11-04,pre,long,IS
ESNT,2017-02-10,pre,long,OOS
ESNT,2018-08-03,pre,long,OOS
ESNT,2018-11-09,pre,long,OOS
ESS,2013-05-01,post,short,IS
ESTC,2019-08-28,post,long,OOS
ESTC,2020-12-02,post,long,OOS
ETFC,2012-10-18,post,short,IS
ETFC,2013-01-24,post,short,IS
ETFC,2013-07-24,post,long,IS
ETFC,2014-04-23,post,long,IS
ETFC,2015-01-22,post,long,IS
ETFC,2016-10-20,post,long,IS
ETFC,2017-07-20,post,long,OOS
ETFC,2019-04-17,post,long,OOS
ETN,2013-04-29,pre,long,IS
ETN,2013-08-02,pre,short,IS
ETN,2014-07-29,pre,short,IS
ETN,2014-10-29,pre,long,IS
ETN,2015-02-03,pre,long,IS
ETN,2016-02-03,pre,long,IS
ETN,2017-05-02,pre,long,OOS
ETN,2017-08-01,pre,short,OOS
ETN,2017-10-31,pre,short,OOS
ETN,2018-02-01,pre,long,OOS
ETN,2018-10-30,pre,short,OOS
ETN,2019-01-31,pre,long,OOS
ETR,2012-11-05,pre,short,IS
ETR,2014-11-04,pre,short,IS
ETR,2015-08-04,pre,short,IS
ETRN,2019-07-30,pre,short,OOS
ETSY,2015-05-19,post,short,IS
ETSY,2015-08-04,post,short,IS
ETSY,2017-08-03,post,long,OOS
ETSY,2018-02-27,post,long,OOS
ETSY,2018-11-06,post,long,OOS
ETSY,2019-02-25,post,long,OOS
ETSY,2021-02-25,post,long,OOS
EV,2014-11-25,pre,long,IS
EV,2018-02-27,pre,long,OOS
EVBG,2019-11-04,post,long,OOS
EVER,2015-10-28,pre,short,IS
EVH,2017-11-02,post,long,OOS
EVH,2018-05-09,post,long,OOS
EVH,2019-02-26,post,short,OOS
EVH,2019-05-07,post,long,OOS
EVR,2013-10-23,post,long,IS
EVR,2014-01-29,pre,long,IS
EVR,2014-04-23,pre,short,IS
EVR,2014-10-22,pre,long,IS
EVR,2016-02-03,pre,long,IS
EVR,2016-10-26,pre,long,IS
EVR,2017-02-01,pre,long,OOS
EVR,2018-01-31,pre,long,OOS
EVR,2018-04-25,pre,long,OOS
EVR,2018-07-25,pre,long,OOS
EVR,2019-01-30,pre,long,OOS
EVRG,2019-02-21,post,short,OOS
EVTC,2018-02-21,post,long,OOS
EVTC,2018-05-01,post,long,OOS
EVTC,2018-07-31,post,long,OOS
EVTC,2018-10-30,post,long,OOS
EW,2013-04-23,post,short,IS
EW,2014-07-29,post,long,IS
EW,2014-10-23,post,long,IS
EW,2015-10-26,post,long,IS
EW,2016-02-02,post,long,IS
EW,2016-07-26,post,long,IS
EW,2017-04-25,post,long,OOS
EW,2017-07-26,post,long,OOS
EW,2017-10-24,post,short,OOS
EW,2018-02-01,post,long,OOS
EW,2019-07-23,post,long,OOS
EWBC,2012-10-17,post,long,IS
EWBC,2013-07-17,post,long,IS
EWBC,2014-10-20,post,long,IS
EWBC,2018-01-25,pre,short,OOS
EWBC,2019-04-18,pre,short,OOS
EXAS,2016-07-26,pre,long,IS
EXAS,2017-02-21,pre,long,OOS
EXAS,2017-04-27,pre,long,OOS
EXAS,2017-10-30,post,long,OOS
EXAS,2018-04-26,post,long,OOS
EXAS,2018-10-30,post,long,OOS
EXC,2014-04-30,pre,short,IS
EXC,2015-02-13,pre,short,IS
EXC,2017-02-08,pre,short,OOS
EXC,2019-08-01,pre,short,OOS
EXEL,2015-11-10,post,short,IS
EXEL,2016-08-03,post,long,IS
EXEL,2016-11-03,post,long,IS
EXEL,2017-05-01,post,long,OOS
EXEL,2017-11-01,post,long,OOS
EXEL,2018-05-02,post,long,OOS
EXEL,2018-11-01,post,long,OOS
EXEL,2019-02-12,post,long,OOS
EXP,2015-08-03,post,short,IS
EXP,2017-05-18,pre,long,OOS
EXP,2017-10-25,pre,short,OOS
EXP,2018-07-30,pre,short,OOS
EXP,2019-05-16,pre,long,OOS
EXP,2019-07-30,post,short,OOS
EXPD,2013-02-26,pre,short,IS
EXPD,2013-08-06,pre,long,IS
EXPD,2013-11-05,pre,short,IS
EXPD,2014-08-05,pre,short,IS
EXPD,2015-05-06,pre,long,IS
EXPD,2016-05-03,pre,short,IS
EXPD,2017-11-07,pre,long,OOS
EXPD,2018-05-08,pre,long,OOS
EXPD,2019-05-07,pre,short,OOS
EXPD,2019-08-06,pre,long,OOS
EXPE,2012-10-25,post,long,IS
EXPE,2013-07-25,post,short,IS
EXPE,2013-10-30,post,long,IS
EXPE,2014-02-06,post,long,IS
EXPE,2014-07-31,post,long,IS
EXPE,2014-10-30,post,long,IS
EXPE,2015-02-05,post,short,IS
EXPE,2015-07-30,post,long,IS
EXPE,2015-10-29,post,long,IS
EXPE,2016-04-28,post,long,IS
EXPE,2017-04-27,post,short,OOS
EXPE,2017-10-26,post,short,OOS
EXPE,2018-02-08,post,short,OOS
EXPE,2018-04-26,post,long,OOS
EXPE,2018-07-26,post,long,OOS
EXPE,2018-10-25,post,long,OOS
EXPE,2019-02-07,post,long,OOS
EXPE,2019-07-25,post,long,OOS
EXPE,2020-02-13,post,long,OOS
EXPO,2019-04-18,post,long,OOS
EXPO,2019-07-18,post,long,OOS
EXPR,2012-11-28,pre,long,IS
EXPR,2013-05-30,pre,long,IS
EXPR,2013-12-04,pre,short,IS
EXPR,2014-03-12,pre,short,IS
EXPR,2014-05-29,post,short,IS
EXPR,2014-08-27,pre,long,IS
EXPR,2015-03-11,pre,long,IS
EXPR,2015-05-28,pre,long,IS
EXPR,2015-08-26,pre,long,IS
EXPR,2015-12-03,pre,long,IS
EXPR,2016-03-09,pre,long,IS
EXPR,2016-05-25,pre,short,IS
EXPR,2016-08-24,pre,short,IS
EXPR,2016-12-01,pre,short,IS
EXPR,2017-06-01,pre,short,OOS
EXPR,2017-08-23,pre,long,OOS
EXPR,2018-03-14,pre,long,OOS
EXPR,2018-05-31,pre,long,OOS
EXR,2016-10-26,post,short,IS
EXR,2018-07-31,post,short,OOS
EXR,2019-02-20,post,short,OOS
EXTR,2018-05-08,post,short,OOS
EYE,2018-08-14,pre,long,OOS
EYE,2019-02-27,pre,short,OOS
EYE,2020-02-26,pre,long,OOS
F,2012-10-30,pre,long,IS
F,2013-07-24,pre,long,IS
F,2013-10-24,pre,long,IS
F,2015-07-28,pre,long,IS
F,2016-07-28,pre,short,IS
F,2018-04-25,post,long,OOS
F,2018-07-25,post,short,OOS
F,2019-04-25,post,long,OOS
F,2019-07-24,post,short,OOS
FAF,2014-04-24,pre,long,IS
FAF,2014-07-24,pre,short,IS
FAF,2015-02-12,pre,long,IS
FAF,2015-07-23,pre,long,IS
FAF,2016-10-20,pre,long,IS
FAF,2017-04-27,pre,long,OOS
FAF,2017-07-27,pre,long,OOS
FAF,2018-02-08,pre,long,OOS
FANG,2013-11-04,post,long,IS
FANG,2014-05-07,post,short,IS
FANG,2017-02-14,post,long,OOS
FANG,2017-08-01,post,long,OOS
FANG,2019-05-07,post,long,OOS
FAST,2013-10-09,pre,short,IS
FAST,2014-01-15,pre,short,IS
FAST,2014-04-11,pre,long,IS
FAST,2015-04-14,pre,long,IS
FAST,2016-01-15,pre,short,IS
FAST,2016-07-12,pre,short,IS
FAST,2017-07-12,pre,long,OOS
FAST,2018-07-11,pre,long,OOS
FAST,2019-04-11,pre,long,OOS
FAST,2019-07-11,pre,short,OOS
FB,2012-10-23,post,long,IS
FB,2013-07-24,post,long,IS
FB,2014-01-29,post,long,IS
FB,2014-07-23,post,long,IS
FB,2015-11-04,post,long,IS
FB,2016-01-27,post,long,IS
FB,2016-04-27,post,long,IS
FB,2016-07-27,post,long,IS
FB,2017-07-26,post,long,OOS
FB,2018-04-25,post,long,OOS
FB,2018-07-25,post,short,OOS
FB,2018-10-30,post,long,OOS
FB,2019-01-30,post,long,OOS
FBHS,2012-10-23,post,long,IS
FBHS,2013-05-02,post,long,IS
FBHS,2013-10-23,post,long,IS
FBHS,2015-02-04,post,short,IS
FBHS,2015-07-22,post,long,IS
FBHS,2018-10-25,post,short,OOS
FBHS,2019-04-24,post,long,OOS
FBP,2019-04-24,pre,short,OOS
FCAU,2017-04-26,pre,long,OOS
FCAU,2017-10-24,pre,long,OOS
FCAU,2018-01-25,pre,long,OOS
FCAU,2018-04-26,pre,long,OOS
FCAU,2018-07-25,pre,short,OOS
FCFS,2017-04-27,pre,long,OOS
FCFS,2017-10-26,pre,long,OOS
FCFS,2018-02-01,pre,long,OOS
FCFS,2018-04-26,pre,long,OOS
FCFS,2019-04-24,pre,long,OOS
FCN,2014-10-30,pre,long,IS
FCN,2018-04-26,pre,long,OOS
FCN,2018-07-26,pre,long,OOS
FCN,2018-10-25,pre,long,OOS
FCN,2019-02-26,pre,long,OOS
FCN,2019-04-25,pre,long,OOS
FCN,2019-07-25,pre,long,OOS
FCX,2013-10-22,pre,long,IS
FCX,2014-04-24,pre,long,IS
FCX,2015-01-27,pre,short,IS
FCX,2015-04-23,pre,short,IS
FCX,2016-07-26,pre,short,IS
FCX,2019-01-24,pre,short,OOS
FCX,2019-04-25,pre,short,OOS
FDC,2016-11-07,pre,long,IS
FDC,2017-05-08,pre,long,OOS
FDC,2018-04-30,pre,long,OOS
FDC,2018-07-30,pre,long,OOS
FDC,2018-10-29,pre,short,OOS
FDP,2017-02-21,pre,long,OOS
FDP,2017-05-02,pre,short,OOS
FDS,2013-06-18,pre,short,IS
FDS,2013-12-17,pre,short,IS
FDS,2015-12-15,pre,short,IS
FDS,2016-06-28,pre,long,IS
FDS,2016-09-27,pre,short,IS
FDS,2017-09-26,pre,long,OOS
FDS,2018-09-25,pre,short,OOS
FDS,2020-06-25,pre,long,OOS
FDX,2013-03-20,pre,short,IS
FDX,2013-09-18,pre,long,IS
FDX,2014-06-18,pre,long,IS
FDX,2014-09-17,pre,long,IS
FDX,2014-12-17,pre,short,IS
FDX,2015-06-17,pre,short,IS
FDX,2015-12-16,post,long,IS
FDX,2016-03-16,post,long,IS
FDX,2016-09-20,post,long,IS
FDX,2016-12-20,post,short,IS
FDX,2017-12-19,post,long,OOS
FDX,2018-09-17,post,short,OOS
FDX,2018-12-18,post,short,OOS
FDX,2019-03-19,post,short,OOS
FDX,2019-09-17,post,short,OOS
FE,2017-02-21,post,short,OOS
FET,2014-10-23,post,long,IS
FET,2015-07-23,post,short,IS
FET,2017-02-09,post,long,OOS
FET,2018-02-08,post,short,OOS
FEYE,2013-11-07,post,long,IS
FEYE,2015-02-11,post,long,IS
FEYE,2015-04-30,post,long,IS
FEYE,2016-11-03,post,long,IS
FEYE,2017-05-02,post,long,OOS
FEYE,2017-08-01,post,long,OOS
FEYE,2018-02-08,post,long,OOS
FEYE,2018-10-30,post,long,OOS
FEYE,2019-07-30,post,short,OOS
FFBC,2019-01-23,post,long,OOS
FFIV,2012-10-24,post,short,IS
FFIV,2013-07-24,post,long,IS
FFIV,2014-01-22,post,long,IS
FFIV,2014-04-23,post,long,IS
FFIV,2014-10-29,post,long,IS
FFIV,2015-07-22,post,long,IS
FFIV,2016-01-20,post,long,IS
FFIV,2016-04-20,post,long,IS
FFIV,2016-10-26,post,long,IS
FFIV,2017-04-26,post,short,OOS
FFIV,2018-07-25,post,long,OOS
FFIV,2018-10-24,post,long,OOS
FFIV,2020-04-27,post,long,OOS
FGEN,2020-03-02,post,short,OOS
FHB,2017-04-27,post,long,OOS
FHB,2018-07-26,post,long,OOS
FHB,2021-04-23,pre,short,OOS
FHN,2013-07-19,pre,short,IS
FHN,2014-07-18,pre,long,IS
FHN,2019-07-16,pre,long,OOS
FI,2015-04-29,pre,long,IS
FI,2015-08-05,pre,short,IS
FICO,2016-01-28,post,long,IS
FICO,2016-07-28,post,long,IS
FICO,2017-07-31,post,short,OOS
FICO,2018-01-25,post,long,OOS
FICO,2018-04-26,post,long,OOS
FII,2012-10-25,post,long,IS
FII,2013-04-25,post,short,IS
FII,2015-04-23,post,short,IS
FII,2015-10-22,post,long,IS
FII,2016-01-28,post,long,IS
FII,2016-07-28,post,long,IS
FII,2018-10-25,post,long,OOS
FII,2019-04-25,post,short,OOS
FIS,2012-11-05,post,long,IS
FIS,2013-02-12,pre,short,IS
FIS,2013-04-30,pre,long,IS
FIS,2015-04-30,pre,short,IS
FIS,2015-11-03,pre,short,IS
FIS,2016-05-03,pre,long,IS
FIS,2016-07-26,pre,long,IS
FIS,2017-08-02,pre,long,OOS
FIS,2018-05-01,pre,long,OOS
FIS,2019-04-30,pre,long,OOS
FISV,2013-07-30,post,long,IS
FISV,2014-10-28,post,long,IS
FISV,2017-08-01,post,short,OOS
FISV,2017-10-31,post,short,OOS
FISV,2018-02-07,post,long,OOS
FISV,2018-10-31,post,short,OOS
FISV,2019-07-25,post,long,OOS
FIT,2016-08-02,post,long,IS
FIT,2017-05-03,post,long,OOS
FIT,2017-08-02,post,long,OOS
FIT,2018-02-26,post,short,OOS
FITB,2013-01-17,pre,long,IS
FITB,2013-04-18,pre,long,IS
FITB,2014-04-17,pre,short,IS
FITB,2018-04-24,pre,long,OOS
FIVE,2013-09-09,post,long,IS
FIVE,2014-03-25,post,long,IS
FIVE,2015-03-25,post,long,IS
FIVE,2015-06-03,post,long,IS
FIVE,2015-12-03,post,long,IS
FIVE,2016-12-01,post,long,IS
FIVE,2017-03-22,post,long,OOS
FIVE,2018-06-06,post,long,OOS
FIVE,2018-09-06,post,long,OOS
FIVE,2019-03-27,post,long,OOS
FIVN,2018-08-06,post,long,OOS
FIVN,2018-11-06,post,long,OOS
FIVN,2019-02-19,post,long,OOS
FIVN,2019-07-31,post,long,OOS
FIVN,2021-04-29,post,long,OOS
FIX,2018-10-25,post,long,OOS
FIX,2019-10-24,post,long,OOS
FL,2012-11-16,pre,long,IS
FL,2013-03-08,pre,short,IS
FL,2013-11-22,pre,long,IS
FL,2014-03-07,pre,long,IS
FL,2014-05-23,pre,long,IS
FL,2014-08-22,pre,long,IS
FL,2014-11-21,pre,long,IS
FL,2015-03-06,pre,long,IS
FL,2015-05-22,pre,long,IS
FL,2015-11-20,pre,long,IS
FL,2016-05-20,pre,short,IS
FL,2016-08-19,pre,long,IS
FL,2017-02-24,pre,long,OOS
FL,2017-05-19,pre,short,OOS
FL,2017-08-18,pre,short,OOS
FL,2017-11-17,pre,long,OOS
FL,2018-05-25,pre,long,OOS
FL,2018-11-20,post,long,OOS
FL,2019-03-01,pre,long,OOS
FL,2019-05-24,pre,short,OOS
FLEX,2013-07-25,post,long,IS
FLEX,2014-01-29,post,long,IS
FLEX,2014-04-30,post,long,IS
FLEX,2015-01-28,post,long,IS
FLEX,2015-10-19,post,long,IS
FLEX,2016-01-28,post,long,IS
FLEX,2017-07-27,post,short,OOS
FLEX,2018-01-25,post,long,OOS
FLEX,2018-04-26,post,short,OOS
FLEX,2019-04-30,post,long,OOS
FLEX,2019-07-25,post,long,OOS
FLEX,2021-05-05,pre,long,OOS
FLGT,2020-11-09,post,long,OOS
FLGT,2021-03-04,post,long,OOS
FLIR,2014-02-07,pre,short,IS
FLIR,2014-10-24,pre,long,IS
FLIR,2015-10-28,pre,short,IS
FLIR,2018-07-25,pre,long,OOS
FLIR,2019-04-24,pre,long,OOS
FLNT,2021-03-16,post,short,OOS
FLO,2013-02-07,pre,long,IS
FLO,2013-05-16,pre,long,IS
FLO,2013-08-13,pre,long,IS
FLO,2013-11-07,pre,short,IS
FLO,2014-08-12,pre,short,IS
FLO,2015-11-11,post,short,IS
FLO,2016-02-10,post,short,IS
FLO,2018-08-08,post,short,OOS
FLOW,2016-05-04,pre,long,IS
FLR,2012-08-02,post,long,IS
FLR,2012-11-01,post,short,IS
FLR,2013-05-02,post,long,IS
FLR,2015-04-30,post,short,IS
FLR,2015-07-30,post,short,IS
FLR,2016-02-18,post,short,IS
FLR,2016-05-05,post,short,IS
FLR,2016-08-04,post,short,IS
FLR,2017-05-04,post,short,OOS
FLR,2018-08-02,post,long,OOS
FLR,2019-08-01,post,short,OOS
FLS,2013-10-24,post,long,IS
FLS,2014-10-23,post,short,IS
FLS,2016-10-27,post,short,IS
FLS,2017-07-27,post,short,OOS
FLS,2018-11-07,post,long,OOS
FLS,2019-05-02,post,long,OOS
FLT,2012-11-08,post,long,IS
FLT,2013-02-07,post,long,IS
FLT,2013-05-02,post,long,IS
FLT,2013-08-01,post,long,IS
FLT,2013-10-30,post,long,IS
FLT,2014-05-01,post,long,IS
FLT,2015-11-04,post,long,IS
FLT,2016-08-04,post,long,IS
FLT,2017-05-01,post,long,OOS
FLT,2017-11-01,post,long,OOS
FLT,2018-10-30,post,long,OOS
FLT,2019-02-06,post,long,OOS
FLT,2019-08-06,post,long,OOS
FLWS,2021-04-29,pre,long,OOS
FLXN,2017-11-06,post,short,OOS
FLXN,2018-03-08,post,short,OOS
FMBI,2017-07-25,post,short,OOS
FMC,2014-10-29,post,short,IS
FMC,2016-11-02,post,long,IS
FMC,2017-02-06,post,short,OOS
FMC,2017-08-01,post,long,OOS
FMC,2018-05-02,post,long,OOS
FMC,2019-05-06,post,long,OOS
FMX,2012-10-25,pre,long,IS
FN,2016-11-07,post,long,IS
FN,2017-02-06,post,long,OOS
FN,2017-11-06,post,short,OOS
FN,2018-02-05,post,long,OOS
FN,2018-08-20,post,long,OOS
FN,2018-11-05,post,long,OOS
FN,2019-05-06,post,long,OOS
FNB,2016-07-21,pre,short,IS
FNB,2018-10-23,pre,long,OOS
FNB,2019-04-23,pre,long,OOS
FND,2018-11-01,pre,long,OOS
FND,2019-08-01,post,long,OOS
FNF,2013-10-23,post,long,IS
FNF,2019-02-13,post,short,OOS
FNSR,2012-12-05,post,long,IS
FNSR,2013-06-19,post,long,IS
FNSR,2013-12-05,post,long,IS
FNSR,2015-09-10,post,short,IS
FNSR,2015-12-10,post,long,IS
FNSR,2016-03-10,post,long,IS
FNSR,2016-06-16,post,long,IS
FNSR,2016-09-08,post,long,IS
FNSR,2016-12-08,post,long,IS
FNSR,2017-03-09,post,short,OOS
FNSR,2018-03-08,post,short,OOS
FNSR,2018-09-06,post,long,OOS
FNV,2017-05-09,post,long,OOS
FNV,2017-11-06,pre,long,OOS
FNV,2019-03-19,post,short,OOS
FOSL,2013-02-12,pre,long,IS
FOSL,2013-05-07,pre,long,IS
FOSL,2013-08-06,pre,long,IS
FOSL,2014-02-11,post,long,IS
FOSL,2014-11-11,post,long,IS
FOSL,2015-02-17,post,short,IS
FOSL,2016-02-16,post,long,IS
FOSL,2016-08-09,post,long,IS
FOSL,2017-05-09,post,short,OOS
FOSL,2018-02-13,post,long,OOS
FOSL,2019-02-13,post,short,OOS
FOX,2014-08-06,post,long,IS
FOX,2014-11-04,post,long,IS
FOX,2016-02-08,post,short,IS
FOXA,2014-08-06,post,long,IS
FOXA,2014-11-04,post,long,IS
FOXA,2017-08-09,post,long,OOS
FOXA,2019-05-08,post,long,OOS
FOXF,2018-08-01,post,long,OOS
FOXF,2018-10-31,post,long,OOS
FOXF,2019-02-26,post,long,OOS
FOXF,2019-07-31,post,long,OOS
FPRX,2017-05-04,post,short,OOS
FPRX,2017-11-06,post,short,OOS
FR,2014-04-23,post,short,IS
FR,2018-04-24,post,short,OOS
FRAC,2017-11-01,post,short,OOS
FRAN,2012-12-05,pre,long,IS
FRAN,2013-03-19,post,long,IS
FRAN,2013-09-04,pre,short,IS
FRAN,2014-03-26,pre,short,IS
FRAN,2014-06-10,pre,short,IS
FRAN,2016-12-06,pre,long,IS
FRAN,2017-03-21,pre,long,OOS
FRAN,2017-06-06,pre,short,OOS
FRC,2017-07-14,pre,short,OOS
FRC,2017-10-13,pre,short,OOS
FRC,2018-04-13,pre,long,OOS
FRC,2019-01-15,pre,long,OOS
FRC,2019-07-16,pre,short,OOS
FRED,2017-04-06,pre,long,OOS
FRGI,2014-05-06,post,long,IS
FRGI,2015-07-30,post,long,IS
FRGI,2015-10-29,post,short,IS
FRGI,2016-05-09,post,short,IS
FRGI,2017-05-08,post,short,OOS
FRPT,2019-08-05,post,short,OOS
FRPT,2020-05-04,post,short,OOS
FRPT,2020-08-03,post,long,OOS
FRPT,2021-02-22,post,short,OOS
FRPT,2021-05-03,post,short,OOS
FRT,2015-11-04,post,short,IS
FRT,2019-08-01,post,long,OOS
FSCT,2018-05-10,post,long,OOS
FSCT,2018-11-08,post,long,OOS
FSCT,2019-02-07,post,long,OOS
FSCT,2019-08-07,post,long,OOS
FSCT,2019-11-06,post,short,OOS
FSLR,2012-08-01,post,long,IS
FSLR,2013-08-06,post,short,IS
FSLR,2013-10-31,post,long,IS
FSLR,2014-02-25,post,short,IS
FSLR,2014-08-05,post,short,IS
FSLR,2014-11-06,post,short,IS
FSLR,2015-04-30,post,short,IS
FSLR,2015-08-04,post,long,IS
FSLR,2015-10-29,post,long,IS
FSLR,2017-05-02,post,long,OOS
FSLR,2017-07-27,post,long,OOS
FSLR,2017-10-26,post,long,OOS
FSLR,2018-07-26,post,short,OOS
FSLY,2019-11-07,post,long,OOS
FTCH,2019-02-28,post,long,OOS
FTCH,2019-05-15,post,short,OOS
FTCH,2019-08-08,post,short,OOS
FTDR,2019-05-08,pre,long,OOS
FTDR,2019-08-07,post,long,OOS
FTI,2012-10-23,post,short,IS
FTI,2013-10-22,post,short,IS
FTI,2014-04-22,post,long,IS
FTI,2014-07-22,post,long,IS
FTI,2015-07-21,post,short,IS
FTI,2016-10-19,post,long,IS
FTI,2019-02-20,post,short,OOS
FTI,2019-07-24,post,long,OOS
FTK,2014-10-22,post,long,IS
FTK,2015-07-22,post,long,IS
FTNT,2013-01-30,post,long,IS
FTNT,2013-10-23,post,long,IS
FTNT,2014-01-29,post,long,IS
FTNT,2014-04-23,post,long,IS
FTNT,2014-07-23,post,long,IS
FTNT,2014-10-22,post,long,IS
FTNT,2015-04-20,post,long,IS
FTNT,2015-07-22,post,long,IS
FTNT,2016-04-26,post,long,IS
FTNT,2018-02-05,post,long,OOS
FTNT,2018-08-01,post,long,OOS
FTNT,2019-08-01,post,long,OOS
FTR,2015-05-05,post,short,IS
FTR,2018-05-01,post,long,OOS
FTV,2016-10-27,post,long,IS
FTV,2017-07-27,post,long,OOS
FTV,2018-02-08,post,long,OOS
FTV,2018-10-25,post,short,OOS
FUL,2013-09-25,post,long,IS
FUL,2014-01-15,post,short,IS
FUL,2014-06-25,post,short,IS
FUL,2015-03-25,post,short,IS
FUL,2017-06-28,post,short,OOS
FUL,2018-09-26,post,short,OOS
FUL,2019-01-16,post,short,OOS
FUL,2019-06-26,post,short,OOS
FULT,2015-10-20,post,long,IS
FULT,2016-01-19,post,long,IS
FULT,2017-04-18,post,long,OOS
FULT,2018-10-16,post,long,OOS
FULT,2019-01-15,post,short,OOS
FUN,2018-08-01,pre,short,OOS
FVRR,2020-05-07,pre,long,OOS
FVRR,2020-08-05,pre,long,OOS
FWONK,2018-05-09,pre,long,OOS
FWRD,2015-07-21,post,short,IS
FWRD,2018-02-07,post,long,OOS
FWRD,2018-10-24,post,short,OOS
G,2015-02-04,post,long,IS
G,2015-08-04,post,long,IS
G,2015-11-04,post,long,IS
G,2016-02-04,post,long,IS
G,2016-11-02,post,long,IS
G,2017-02-10,pre,long,OOS
G,2017-08-02,post,long,OOS
G,2017-11-07,post,long,OOS
G,2019-02-07,post,long,OOS
G,2019-05-02,post,long,OOS
GATX,2017-04-20,pre,long,OOS
GATX,2018-01-18,pre,short,OOS
GATX,2018-04-19,pre,long,OOS
GATX,2018-07-19,pre,long,OOS
GATX,2019-07-18,pre,long,OOS
GBCI,2018-04-19,post,short,OOS
GBX,2014-07-02,pre,long,IS
GBX,2015-01-07,pre,long,IS
GBX,2015-04-07,pre,long,IS
GBX,2016-10-25,pre,short,IS
GBX,2017-04-05,pre,long,OOS
GCI,2018-05-07,pre,long,OOS
GCO,2013-12-06,pre,long,IS
GCO,2014-12-05,pre,short,IS
GCO,2016-03-11,pre,short,IS
GCO,2016-05-26,pre,long,IS
GCO,2017-03-10,pre,long,OOS
GCO,2017-05-25,pre,short,OOS
GCO,2018-09-07,pre,long,OOS
GCO,2019-03-14,pre,short,OOS
GCO,2019-05-31,pre,long,OOS
GCO,2019-09-06,pre,long,OOS
GCP,2017-05-09,pre,short,OOS
GCP,2017-11-02,pre,long,OOS
GD,2013-01-23,pre,short,IS
GD,2014-07-23,pre,long,IS
GD,2014-10-22,pre,long,IS
GD,2015-04-29,pre,long,IS
GD,2015-07-29,pre,long,IS
GD,2019-04-24,pre,long,OOS
GDDY,2015-08-05,post,short,IS
GDDY,2018-02-22,post,long,OOS
GDDY,2019-02-20,post,long,OOS
GDDY,2019-05-02,post,short,OOS
GDDY,2019-08-01,post,short,OOS
GDDY,2020-02-13,post,long,OOS
GDI,2017-08-02,post,long,OOS
GDI,2017-10-25,post,long,OOS
GDI,2018-04-26,post,long,OOS
GDOT,2013-10-31,post,long,IS
GDOT,2017-11-07,post,long,OOS
GDOT,2018-02-21,post,long,OOS
GDOT,2018-05-09,post,long,OOS
GDOT,2018-11-07,post,long,OOS
GDP,2014-02-19,post,short,IS
GE,2013-01-18,pre,long,IS
GE,2013-10-18,pre,long,IS
GE,2014-04-17,pre,long,IS
GE,2014-10-17,pre,long,IS
GE,2015-10-16,pre,long,IS
GE,2017-10-20,pre,short,OOS
GE,2018-04-20,pre,long,OOS
GE,2018-10-30,pre,short,OOS
GE,2019-04-30,pre,long,OOS
GE,2019-10-30,pre,long,OOS
GE,2020-01-29,pre,long,OOS
GE,2020-10-28,pre,long,OOS
GEF,2015-03-04,post,short,IS
GEF,2017-06-07,post,short,OOS
GEL,2016-11-03,pre,short,IS
GEL,2017-02-16,pre,short,OOS
GEL,2018-08-08,pre,short,OOS
GEO,2013-02-21,pre,long,IS
GEO,2015-04-30,pre,short,IS
GEO,2019-04-30,pre,long,OOS
GEOS,2014-05-07,post,short,IS
GEOS,2014-08-06,post,short,IS
GES,2013-05-30,post,long,IS
GES,2013-08-28,post,long,IS
GES,2014-08-27,post,short,IS
GES,2015-03-18,post,long,IS
GES,2015-11-24,post,long,IS
GES,2016-03-16,post,short,IS
GES,2016-08-24,post,long,IS
GES,2016-11-30,post,short,IS
GES,2017-03-15,post,short,OOS
GES,2017-05-24,post,long,OOS
GES,2017-08-23,post,long,OOS
GES,2018-03-21,post,long,OOS
GES,2018-08-29,post,long,OOS
GES,2019-03-20,post,short,OOS
GG,2012-10-25,pre,long,IS
GG,2014-10-30,pre,short,IS
GG,2015-04-30,pre,short,IS
GG,2016-02-25,post,short,IS
GG,2018-07-25,post,short,OOS
GGG,2013-01-28,post,long,IS
GGG,2013-04-24,post,long,IS
GGG,2014-07-23,post,long,IS
GGG,2015-01-26,post,short,IS
GGG,2015-04-22,post,short,IS
GGG,2015-07-22,post,long,IS
GGG,2016-01-25,post,long,IS
GGG,2016-07-20,post,short,IS
GGG,2016-10-19,post,long,IS
GGG,2017-04-26,post,long,OOS
GGG,2017-07-26,post,long,OOS
GGG,2017-10-25,post,long,OOS
GGG,2018-01-29,post,short,OOS
GGG,2018-04-25,post,long,OOS
GGG,2018-07-25,post,short,OOS
GGG,2018-10-24,post,long,OOS
GGG,2019-04-24,post,short,OOS
GH,2019-03-12,post,long,OOS
GH,2019-05-09,post,long,OOS
GH,2019-08-06,post,long,OOS
GH,2019-11-07,post,long,OOS
GHDX,2018-08-02,post,long,OOS
GHDX,2018-11-06,post,long,OOS
GHDX,2019-02-20,post,long,OOS
GHL,2012-10-17,post,short,IS
GHL,2013-04-17,post,short,IS
GHL,2014-04-23,post,short,IS
GHL,2014-07-28,post,long,IS
GHL,2015-01-28,post,short,IS
GHL,2017-04-27,post,short,OOS
GIB,2014-01-29,pre,short,IS
GIB,2018-11-07,pre,long,OOS
GIII,2014-06-03,pre,long,IS
GIII,2014-12-03,pre,long,IS
GIII,2015-06-02,post,long,IS
GIII,2015-12-02,pre,long,IS
GIII,2016-03-22,pre,short,IS
GIII,2016-06-01,pre,long,IS
GIII,2016-08-30,pre,short,IS
GIII,2016-12-01,post,short,IS
GIII,2017-03-27,pre,short,OOS
GIII,2017-06-06,pre,long,OOS
GIII,2017-09-06,pre,long,OOS
GIII,2017-12-05,pre,long,OOS
GIII,2018-06-05,pre,long,OOS
GIII,2018-09-06,pre,long,OOS
GIII,2019-03-21,pre,long,OOS
GIL,2013-05-02,pre,long,IS
GIL,2015-02-04,post,short,IS
GIL,2015-07-31,pre,short,IS
GIL,2016-07-27,pre,short,IS
GIL,2017-02-23,pre,long,OOS
GIL,2017-05-03,post,long,OOS
GIL,2018-08-02,pre,long,OOS
GIL,2019-02-21,pre,short,OOS
GIL,2019-05-01,post,long,OOS
GILD,2012-10-23,post,long,IS
GILD,2013-10-29,post,long,IS
GILD,2015-04-30,post,long,IS
GILD,2015-07-28,post,long,IS
GILD,2016-04-28,post,short,IS
GILD,2017-05-02,post,short,OOS
GILD,2017-07-26,post,long,OOS
GILD,2018-05-01,post,short,OOS
GILD,2019-02-04,post,short,OOS
GILD,2021-04-29,post,short,OOS
GIS,2014-06-25,pre,short,IS
GIS,2014-09-17,pre,short,IS
GIS,2016-12-20,pre,short,IS
GIS,2017-06-28,pre,long,OOS
GIS,2017-09-20,pre,short,OOS
GIS,2018-12-19,pre,long,OOS
GIS,2019-03-20,pre,long,OOS
GKOS,2017-03-01,post,long,OOS
GKOS,2018-08-02,post,short,OOS
GKOS,2019-02-27,post,long,OOS
GKOS,2019-08-07,post,short,OOS
GKOS,2020-02-27,post,short,OOS
GLNG,2016-08-31,pre,short,IS
GLNG,2018-02-28,pre,long,OOS
GLOB,2018-05-10,post,long,OOS
GLOB,2019-02-14,post,long,OOS
GLOB,2020-05-14,post,long,OOS
GLOG,2014-02-28,pre,long,IS
GLOG,2014-05-14,pre,short,IS
GLOG,2015-02-27,pre,long,IS
GLPI,2014-04-30,pre,short,IS
GLPI,2018-04-25,pre,short,OOS
GLPI,2019-05-06,post,short,OOS
GLUU,2019-02-04,post,short,OOS
GLW,2013-04-24,pre,long,IS
GLW,2014-04-28,pre,long,IS
GLW,2017-01-24,pre,long,OOS
GLW,2017-04-25,pre,long,OOS
GLW,2017-10-24,pre,long,OOS
GLW,2018-07-25,pre,long,OOS
GLW,2019-01-29,pre,long,OOS
GLYC,2018-03-06,pre,short,OOS
GM,2012-10-31,pre,long,IS
GM,2013-05-02,pre,long,IS
GM,2013-10-30,pre,long,IS
GM,2014-07-24,pre,short,IS
GM,2015-02-04,pre,long,IS
GM,2015-04-23,pre,short,IS
GM,2015-07-23,pre,long,IS
GM,2015-10-21,pre,long,IS
GM,2016-04-21,pre,long,IS
GM,2016-07-21,pre,long,IS
GM,2018-07-25,pre,short,OOS
GM,2018-10-31,pre,long,OOS
GM,2019-08-01,pre,long,OOS
GME,2013-08-22,pre,long,IS
GME,2014-03-27,pre,short,IS
GME,2014-05-22,post,long,IS
GME,2014-08-21,post,long,IS
GME,2014-11-20,post,short,IS
GME,2015-05-28,post,long,IS
GME,2015-11-23,pre,short,IS
GME,2017-08-24,post,short,OOS
GME,2017-11-21,post,long,OOS
GME,2018-09-06,post,short,OOS
GME,2019-09-10,post,short,OOS
GMED,2014-04-29,post,long,IS
GMED,2015-05-05,post,long,IS
GMED,2015-11-03,post,long,IS
GMED,2017-02-27,post,short,OOS
GMED,2017-05-03,post,long,OOS
GMED,2018-02-21,post,long,OOS
GMED,2018-05-02,post,long,OOS
GMED,2018-08-01,post,long,OOS
GMED,2019-05-02,post,short,OOS
GMS,2018-03-06,pre,short,OOS
GMS,2018-06-28,pre,short,OOS
GNC,2013-02-14,pre,long,IS
GNC,2013-07-25,pre,long,IS
GNC,2014-05-06,post,short,IS
GNC,2014-07-29,pre,short,IS
GNC,2014-10-30,pre,long,IS
GNC,2015-02-12,pre,long,IS
GNC,2015-04-30,pre,short,IS
GNC,2015-10-29,pre,short,IS
GNC,2016-04-28,pre,short,IS
GNC,2016-10-27,pre,short,IS
GNC,2017-02-16,pre,short,OOS
GNC,2017-04-18,pre,long,OOS
GNC,2017-10-26,pre,short,OOS
GNRC,2013-05-02,pre,long,IS
GNRC,2013-07-30,pre,long,IS
GNRC,2013-10-24,pre,long,IS
GNRC,2014-02-13,pre,long,IS
GNRC,2014-05-01,pre,short,IS
GNRC,2014-11-06,pre,short,IS
GNRC,2015-02-11,pre,long,IS
GNRC,2015-04-30,pre,short,IS
GNRC,2015-08-06,pre,short,IS
GNRC,2015-10-28,pre,long,IS
GNRC,2016-02-16,pre,long,IS
GNRC,2016-10-26,pre,long,IS
GNRC,2017-02-14,pre,long,OOS
GNRC,2017-11-01,pre,long,OOS
GNRC,2018-02-13,pre,long,OOS
GNRC,2018-05-02,pre,long,OOS
GNRC,2018-08-01,pre,long,OOS
GNRC,2018-11-01,pre,long,OOS
GNRC,2019-02-14,pre,long,OOS
GNRC,2019-05-02,pre,long,OOS
GNTX,2013-01-29,pre,long,IS
GNTX,2013-07-24,pre,long,IS
GNTX,2013-10-22,pre,long,IS
GNTX,2014-10-22,pre,long,IS
GNTX,2015-04-22,pre,long,IS
GNTX,2016-01-28,pre,long,IS
GNTX,2016-07-22,pre,long,IS
GNTX,2017-01-27,pre,short,OOS
GNTX,2017-04-21,pre,long,OOS
GNTX,2017-07-21,pre,short,OOS
GNTX,2018-01-26,pre,long,OOS
GNTX,2018-07-20,pre,short,OOS
GNTX,2019-01-30,pre,short,OOS
GNTX,2019-04-24,pre,long,OOS
GNTX,2019-07-19,pre,long,OOS
GNW,2012-10-30,post,long,IS
GNW,2013-04-30,post,long,IS
GNW,2013-07-30,post,short,IS
GNW,2013-10-29,post,short,IS
GNW,2014-02-04,post,long,IS
GNW,2014-07-29,post,short,IS
GNW,2014-11-05,post,short,IS
GNW,2015-04-28,post,long,IS
GNW,2015-08-04,post,short,IS
GO,2019-08-13,post,long,OOS
GO,2019-11-11,post,long,OOS
GOGO,2013-11-11,pre,long,IS
GOGO,2014-11-10,pre,short,IS
GOGO,2015-02-26,pre,long,IS
GOGO,2015-11-05,pre,long,IS
GOLD,2014-11-06,pre,long,IS
GOLD,2016-02-08,pre,long,IS
GOLD,2017-02-06,pre,long,OOS
GOOG,2019-04-29,post,short,OOS
GOOG,2019-07-25,post,long,OOS
GOOGL,2015-07-16,post,long,IS
GOOGL,2015-10-22,post,long,IS
GOOGL,2016-02-01,post,long,IS
GOOGL,2016-04-21,post,short,IS
GOOGL,2016-07-28,post,long,IS
GOOGL,2016-10-27,post,long,IS
GOOGL,2017-04-27,post,long,OOS
GOOGL,2017-10-26,post,long,OOS
GOOGL,2018-02-01,post,short,OOS
GOOGL,2018-07-23,post,long,OOS
GOOGL,2019-04-29,post,short,OOS
GOOGL,2019-07-25,post,long,OOS
GOOS,2017-08-10,pre,long,OOS
GOOS,2017-11-09,pre,long,OOS
GOOS,2018-06-15,pre,long,OOS
GOOS,2018-08-09,pre,long,OOS
GOOS,2018-11-14,pre,long,OOS
GPC,2013-04-19,pre,short,IS
GPC,2013-10-18,pre,short,IS
GPC,2015-07-20,pre,short,IS
GPC,2016-07-19,pre,short,IS
GPC,2016-10-19,pre,short,IS
GPC,2017-04-19,pre,long,OOS
GPC,2017-10-19,pre,short,OOS
GPC,2018-04-19,pre,short,OOS
GPC,2019-07-18,pre,short,OOS
GPI,2013-10-24,pre,short,IS
GPI,2014-04-24,pre,long,IS
GPI,2014-07-24,pre,short,IS
GPI,2014-10-23,pre,long,IS
GPI,2015-02-05,pre,long,IS
GPI,2015-07-23,pre,long,IS
GPI,2016-04-27,pre,long,IS
GPI,2016-10-20,pre,short,IS
GPI,2017-04-28,pre,short,OOS
GPI,2017-10-26,pre,long,OOS
GPI,2018-07-26,pre,long,OOS
GPK,2014-07-24,pre,long,IS
GPK,2014-10-21,pre,short,IS
GPK,2015-02-05,pre,long,IS
GPK,2016-10-25,pre,short,IS
GPK,2017-04-25,pre,long,OOS
GPK,2018-04-24,pre,long,OOS
GPK,2018-07-24,pre,short,OOS
GPK,2018-10-23,pre,short,OOS
GPK,2019-01-29,pre,long,OOS
GPK,2019-04-23,pre,long,OOS
GPN,2013-01-08,post,long,IS
GPN,2013-07-25,post,short,IS
GPN,2013-10-01,post,long,IS
GPN,2014-01-08,post,long,IS
GPN,2014-10-02,pre,long,IS
GPN,2015-01-08,pre,long,IS
GPN,2015-04-08,pre,long,IS
GPN,2016-04-06,pre,long,IS
GPN,2016-10-05,pre,long,IS
GPN,2017-01-09,pre,long,OOS
GPN,2017-05-04,pre,long,OOS
GPN,2018-08-02,pre,long,OOS
GPN,2019-02-13,pre,long,OOS
GPOR,2013-05-07,post,short,IS
GPOR,2014-05-07,post,short,IS
GPOR,2015-02-25,post,long,IS
GPOR,2017-05-08,post,long,OOS
GPOR,2017-11-01,post,short,OOS
GPOR,2018-02-21,post,long,OOS
GPOR,2018-05-08,post,long,OOS
GPRE,2014-04-29,post,long,IS
GPRE,2014-07-29,post,short,IS
GPRE,2015-04-28,post,short,IS
GPRE,2017-07-31,post,short,OOS
GPRE,2018-08-01,pre,long,OOS
GPRO,2014-10-30,post,long,IS
GPRO,2015-04-28,post,long,IS
GPRO,2015-10-28,post,short,IS
GPRO,2016-02-03,post,short,IS
GPRO,2016-07-27,post,long,IS
GPRO,2016-11-03,post,short,IS
GPRO,2017-08-03,post,long,OOS
GPRO,2019-05-09,post,long,OOS
GPS,2014-08-21,post,long,IS
GPS,2014-11-20,post,short,IS
GPS,2015-02-26,post,long,IS
GPS,2017-05-18,post,long,OOS
GPS,2017-11-16,post,long,OOS
GPS,2018-03-01,post,long,OOS
GPS,2018-05-24,post,short,OOS
GPS,2019-02-28,post,long,OOS
GPS,2019-05-30,post,short,OOS
GRA,2012-10-24,pre,long,IS
GRA,2015-02-05,pre,long,IS
GRA,2016-08-01,pre,long,IS
GRA,2016-10-26,pre,long,IS
GRA,2017-02-08,pre,long,OOS
GRA,2017-07-27,pre,long,OOS
GRA,2017-10-25,pre,long,OOS
GRA,2018-04-25,pre,long,OOS
GRA,2018-10-24,pre,long,OOS
GRMN,2013-02-20,pre,short,IS
GRMN,2013-07-31,pre,long,IS
GRMN,2013-10-30,pre,long,IS
GRMN,2014-02-19,pre,long,IS
GRMN,2014-04-30,pre,long,IS
GRMN,2014-07-30,pre,long,IS
GRMN,2015-02-18,pre,short,IS
GRMN,2015-04-29,pre,short,IS
GRMN,2016-02-17,pre,long,IS
GRMN,2016-07-27,pre,long,IS
GRMN,2016-10-26,pre,long,IS
GRMN,2017-02-22,pre,long,OOS
GRMN,2017-08-02,pre,long,OOS
GRMN,2017-11-01,pre,long,OOS
GRMN,2018-05-02,pre,long,OOS
GRMN,2018-08-01,pre,long,OOS
GRMN,2019-02-20,pre,long,OOS
GRMN,2019-07-31,pre,long,OOS
GRPN,2013-02-27,post,short,IS
GRPN,2014-02-20,post,short,IS
GRPN,2014-10-30,post,long,IS
GRPN,2018-02-14,pre,short,OOS
GRUB,2014-10-23,pre,long,IS
GRUB,2015-02-05,pre,long,IS
GRUB,2015-07-28,pre,long,IS
GRUB,2016-02-04,pre,long,IS
GRUB,2016-07-28,pre,long,IS
GRUB,2017-02-08,pre,short,OOS
GRUB,2017-04-27,pre,long,OOS
GRUB,2017-10-25,pre,long,OOS
GRUB,2018-02-08,pre,long,OOS
GRUB,2018-07-25,pre,long,OOS
GRUB,2019-02-07,pre,short,OOS
GRUB,2019-04-25,post,long,OOS
GRUB,2019-07-30,pre,short,OOS
GS,2013-01-16,pre,long,IS
GS,2014-04-17,pre,long,IS
GS,2014-07-15,pre,long,IS
GS,2017-04-18,pre,short,OOS
GS,2019-01-16,pre,long,OOS
GSK,2015-07-29,pre,long,IS
GSK,2015-10-28,pre,long,IS
GSX,2020-02-18,pre,long,OOS
GSX,2020-09-02,pre,short,OOS
GSX,2020-11-20,pre,short,OOS
GT,2012-10-26,pre,short,IS
GT,2013-04-26,pre,long,IS
GT,2013-07-30,pre,long,IS
GT,2014-02-13,pre,long,IS
GT,2014-04-29,pre,short,IS
GT,2014-10-29,pre,long,IS
GT,2015-02-17,pre,long,IS
GT,2015-04-29,pre,long,IS
GT,2015-07-29,pre,long,IS
GT,2016-07-27,pre,long,IS
GT,2017-07-28,pre,short,OOS
GT,2018-10-26,pre,short,OOS
GT,2019-04-26,pre,long,OOS
GT,2019-07-26,pre,short,OOS
GTLS,2012-11-01,pre,short,IS
GTLS,2013-10-31,pre,short,IS
GTLS,2014-04-29,pre,short,IS
GTLS,2014-07-31,pre,short,IS
GTLS,2014-10-30,pre,short,IS
GTLS,2018-07-19,pre,long,OOS
GTLS,2019-04-18,pre,short,OOS
GTLS,2019-07-18,pre,long,OOS
GTN,2017-05-04,pre,long,OOS
GTN,2018-05-08,pre,long,OOS
GTN,2018-11-06,pre,long,OOS
GTN,2019-05-08,pre,short,OOS
GTT,2018-08-03,pre,short,OOS
GVA,2016-04-29,pre,short,IS
GVA,2016-07-29,pre,short,IS
GVA,2017-10-27,pre,long,OOS
GVA,2018-04-30,pre,long,OOS
GVA,2018-08-08,pre,short,OOS
GWB,2016-01-27,pre,long,IS
GWB,2017-04-27,pre,short,OOS
GWB,2018-10-25,pre,short,OOS
GWPH,2017-08-07,post,short,OOS
GWPH,2018-02-05,post,short,OOS
GWPH,2019-02-26,post,long,OOS
GWPH,2019-05-06,post,long,OOS
GWPH,2019-08-06,post,long,OOS
GWR,2017-08-01,pre,long,OOS
GWR,2017-10-31,pre,short,OOS
GWR,2019-02-06,pre,long,OOS
GWR,2019-04-30,pre,short,OOS
GWRE,2013-05-28,post,long,IS
GWRE,2013-12-03,post,long,IS
GWRE,2014-03-03,post,long,IS
GWRE,2015-12-01,post,long,IS
GWRE,2016-03-01,post,long,IS
GWRE,2017-03-02,post,long,OOS
GWRE,2018-03-06,post,long,OOS
GWRE,2019-03-06,post,long,OOS
GWW,2012-10-16,pre,short,IS
GWW,2013-01-24,pre,short,IS
GWW,2013-04-16,pre,long,IS
GWW,2014-01-24,pre,short,IS
GWW,2014-04-16,pre,long,IS
GWW,2015-01-26,pre,short,IS
GWW,2015-10-16,pre,short,IS
GWW,2016-01-26,pre,long,IS
GWW,2017-04-18,pre,short,OOS
GWW,2017-07-19,pre,long,OOS
GWW,2017-10-17,pre,long,OOS
GWW,2018-01-24,pre,long,OOS
GWW,2018-04-19,pre,long,OOS
GWW,2018-07-18,pre,long,OOS
GXP,2014-05-08,post,short,IS
GXP,2014-11-06,post,short,IS
GXP,2015-11-05,post,short,IS
H,2014-02-14,pre,long,IS
H,2014-04-30,pre,long,IS
H,2015-05-05,pre,short,IS
H,2016-11-03,pre,long,IS
H,2017-05-04,pre,long,OOS
H,2017-08-03,pre,long,OOS
H,2017-11-02,pre,long,OOS
H,2018-07-31,post,long,OOS
HA,2014-04-22,post,long,IS
HA,2014-07-22,post,long,IS
HA,2015-04-23,post,long,IS
HA,2015-07-28,post,short,IS
HA,2017-04-20,post,long,OOS
HA,2018-04-24,post,long,OOS
HA,2018-07-24,post,long,OOS
HAE,2014-04-28,pre,short,IS
HAE,2015-07-27,pre,long,IS
HAE,2016-05-02,pre,short,IS
HAE,2016-11-07,pre,long,IS
HAE,2017-11-07,pre,long,OOS
HAE,2018-02-06,pre,long,OOS
HAE,2018-08-07,pre,long,OOS
HAE,2019-08-06,pre,long,OOS
HAIN,2013-08-21,post,long,IS
HAIN,2014-05-08,pre,long,IS
HAIN,2017-08-29,pre,long,OOS
HAIN,2018-02-07,pre,short,OOS
HAIN,2018-05-08,pre,short,OOS
HAIN,2018-11-08,pre,short,OOS
HAIN,2019-02-07,pre,short,OOS
HAIN,2019-08-29,pre,long,OOS
HAL,2013-01-25,pre,long,IS
HAL,2013-04-22,pre,long,IS
HAL,2018-07-23,pre,short,OOS
HAL,2019-07-22,pre,long,OOS
HALO,2016-05-09,post,long,IS
HALO,2017-11-07,post,long,OOS
HAS,2013-04-22,pre,long,IS
HAS,2013-10-21,pre,long,IS
HAS,2014-04-21,pre,long,IS
HAS,2014-07-21,pre,short,IS
HAS,2015-04-20,pre,long,IS
HAS,2015-07-20,pre,long,IS
HAS,2016-04-18,pre,long,IS
HAS,2016-10-17,pre,long,IS
HAS,2017-02-06,pre,long,OOS
HAS,2017-04-24,pre,long,OOS
HAS,2018-04-23,pre,short,OOS
HAS,2018-07-23,pre,long,OOS
HAS,2018-10-22,pre,short,OOS
HAS,2019-04-23,pre,long,OOS
HAS,2019-07-23,pre,long,OOS
HBAN,2013-01-17,pre,long,IS
HBAN,2014-07-18,pre,long,IS
HBAN,2017-01-25,pre,long,OOS
HBI,2013-07-30,post,long,IS
HBI,2013-10-30,post,long,IS
HBI,2014-01-29,post,long,IS
HBI,2014-04-24,post,long,IS
HBI,2014-07-23,post,long,IS
HBI,2015-10-28,post,long,IS
HBI,2016-02-04,post,short,IS
HBI,2016-04-21,post,long,IS
HBI,2016-08-02,post,short,IS
HBI,2017-02-02,post,short,OOS
HBI,2018-02-08,pre,short,OOS
HBI,2018-05-01,pre,long,OOS
HBI,2018-08-01,pre,short,OOS
HBI,2019-02-07,pre,long,OOS
HCA,2014-04-29,pre,short,IS
HCA,2017-07-25,pre,short,OOS
HCA,2018-01-30,pre,long,OOS
HCA,2018-07-25,pre,long,OOS
HCA,2019-01-29,pre,long,OOS
HCA,2019-04-30,pre,long,OOS
HCA,2019-07-30,pre,short,OOS
HCA,2021-04-22,pre,long,OOS
HCC,2014-10-28,post,long,IS
HCC,2015-04-28,post,long,IS
HCC,2018-08-01,post,short,OOS
HCP,2014-02-11,pre,short,IS
HCP,2016-02-09,pre,short,IS
HCP,2016-11-01,pre,short,IS
HCSG,2017-04-11,post,long,OOS
HCSG,2017-07-11,post,long,OOS
HCSG,2018-02-06,post,short,OOS
HCSG,2018-04-17,post,short,OOS
HD,2012-11-13,pre,long,IS
HD,2013-02-26,pre,long,IS
HD,2013-05-21,pre,long,IS
HD,2013-08-20,pre,long,IS
HD,2013-11-19,pre,long,IS
HD,2014-02-25,pre,long,IS
HD,2014-05-20,pre,long,IS
HD,2014-08-19,pre,long,IS
HD,2015-02-24,pre,long,IS
HD,2015-08-18,pre,long,IS
HD,2015-11-17,pre,long,IS
HD,2016-02-23,pre,long,IS
HD,2017-02-21,pre,long,OOS
HD,2017-05-16,pre,long,OOS
HD,2019-08-20,pre,long,OOS
HDS,2013-09-09,post,short,IS
HDS,2013-12-10,pre,long,IS
HDS,2014-03-25,pre,long,IS
HDS,2014-09-09,pre,long,IS
HDS,2015-06-09,pre,long,IS
HDS,2016-03-15,pre,long,IS
HDS,2016-09-07,pre,short,IS
HDS,2017-06-06,pre,short,OOS
HDS,2017-12-05,pre,long,OOS
HDS,2018-03-13,pre,long,OOS
HDS,2018-06-05,pre,long,OOS
HDS,2018-09-05,pre,long,OOS
HDS,2018-12-04,pre,long,OOS
HE,2016-11-04,post,long,IS
HE,2017-02-14,post,short,OOS
HEAR,2018-08-06,post,long,OOS
HEES,2014-10-30,pre,short,IS
HEES,2015-02-26,pre,long,IS
HEI,2016-12-13,post,long,IS
HEI,2017-12-18,post,long,OOS
HEI,2018-08-27,post,long,OOS
HELE,2014-04-28,post,short,IS
HELE,2014-07-09,post,short,IS
HELE,2014-10-09,post,long,IS
HELE,2015-01-08,post,long,IS
HELE,2015-04-28,post,long,IS
HELE,2015-07-09,post,short,IS
HELE,2015-10-08,post,long,IS
HELE,2016-01-07,post,long,IS
HELE,2017-07-10,pre,long,OOS
HELE,2018-04-26,pre,long,OOS
HELE,2018-07-09,pre,long,OOS
HELE,2018-10-09,pre,long,OOS
HELE,2019-04-26,pre,long,OOS
HELE,2019-07-09,post,long,OOS
HES,2014-07-30,pre,long,IS
HES,2017-04-26,pre,long,OOS
HES,2018-02-05,pre,short,OOS
HES,2018-10-31,pre,long,OOS
HF,2018-04-24,post,short,OOS
HFC,2015-05-06,pre,long,IS
HFC,2017-05-03,pre,short,OOS
HFC,2018-08-02,pre,short,OOS
HFC,2018-10-31,pre,long,OOS
HFC,2019-08-01,pre,long,OOS
HGV,2017-08-02,post,long,OOS
HGV,2019-02-27,post,long,OOS
HGV,2019-05-01,post,short,OOS
HGV,2019-08-01,pre,short,OOS
HHC,2017-08-07,post,short,OOS
HI,2019-11-13,post,long,OOS
HIBB,2013-03-15,pre,long,IS
HIBB,2014-03-14,pre,short,IS
HIBB,2014-11-21,pre,long,IS
HIBB,2015-03-13,pre,long,IS
HIBB,2015-05-22,pre,short,IS
HIBB,2015-08-21,pre,short,IS
HIBB,2015-11-20,pre,long,IS
HIBB,2016-03-11,pre,long,IS
HIBB,2016-05-20,pre,long,IS
HIBB,2016-11-18,pre,short,IS
HIBB,2018-05-25,pre,short,OOS
HIBB,2018-08-24,pre,short,OOS
HIBB,2019-05-24,pre,long,OOS
HIG,2012-08-01,post,short,IS
HIG,2013-02-04,post,long,IS
HIG,2015-10-26,post,short,IS
HIG,2016-10-27,post,long,IS
HIG,2017-07-27,post,long,OOS
HIG,2018-04-26,post,long,OOS
HII,2013-11-07,pre,long,IS
HII,2014-02-27,pre,long,IS
HII,2014-11-06,pre,short,IS
HII,2015-02-19,pre,long,IS
HII,2015-05-07,pre,short,IS
HII,2016-11-03,pre,short,IS
HII,2017-05-04,pre,short,OOS
HII,2019-05-02,pre,short,OOS
HII,2019-08-01,pre,short,OOS
HIIQ,2019-03-06,post,long,OOS
HIMX,2016-02-04,pre,long,IS
HIMX,2016-08-11,pre,long,IS
HIMX,2018-02-13,pre,short,OOS
HIW,2016-02-09,post,short,IS
HIW,2018-07-24,post,short,OOS
HIW,2019-07-23,post,long,OOS
HK,2014-05-07,post,long,IS
HLF,2012-10-29,post,long,IS
HLF,2013-07-29,post,long,IS
HLF,2014-07-28,post,short,IS
HLF,2014-11-03,post,short,IS
HLF,2015-05-05,post,long,IS
HLF,2015-08-05,post,long,IS
HLF,2016-02-25,post,long,IS
HLF,2016-05-05,post,long,IS
HLF,2017-05-04,post,long,OOS
HLF,2018-08-01,post,long,OOS
HLF,2019-05-02,post,short,OOS
HLF,2019-08-01,post,short,OOS
HLF,2021-05-04,post,long,OOS
HLI,2019-01-29,post,long,OOS
HLI,2019-07-25,post,long,OOS
HLI,2020-02-03,post,long,OOS
HLT,2014-05-09,pre,long,IS
HLT,2015-07-29,pre,long,IS
HLT,2017-05-02,pre,long,OOS
HLT,2017-10-26,pre,long,OOS
HLT,2019-02-13,pre,long,OOS
HLT,2019-05-01,pre,long,OOS
HLX,2014-04-21,post,long,IS
HLX,2014-07-21,post,long,IS
HLX,2014-10-20,post,long,IS
HLX,2015-02-16,post,short,IS
HLX,2015-04-20,post,long,IS
HLX,2015-07-20,post,short,IS
HLX,2015-10-19,post,long,IS
HLX,2017-02-20,post,long,OOS
HMC,2015-04-28,pre,short,IS
HMC,2016-10-31,pre,long,IS
HMC,2017-02-03,pre,long,OOS
HMC,2017-08-01,pre,long,OOS
HMC,2017-11-01,pre,long,OOS
HMC,2018-02-02,pre,long,OOS
HMC,2018-07-31,pre,long,OOS
HMHC,2015-08-06,pre,short,IS
HMSY,2013-04-26,pre,short,IS
HMSY,2013-11-08,pre,short,IS
HMSY,2014-05-09,pre,short,IS
HMSY,2014-08-08,pre,long,IS
HMSY,2018-11-02,pre,long,OOS
HMSY,2019-02-22,pre,long,OOS
HMSY,2019-05-03,pre,long,OOS
HMSY,2019-08-02,pre,long,OOS
HOG,2013-07-25,pre,long,IS
HOG,2014-01-30,pre,long,IS
HOG,2014-04-22,pre,long,IS
HOG,2014-10-21,pre,long,IS
HOG,2015-07-21,pre,long,IS
HOG,2015-10-20,pre,short,IS
HOG,2016-01-28,pre,long,IS
HOG,2019-01-29,pre,short,OOS
HOLI,2017-02-14,post,short,OOS
HOLX,2014-02-03,post,long,IS
HOLX,2014-04-30,post,long,IS
HOLX,2014-07-30,post,long,IS
HOLX,2015-04-29,post,long,IS
HOLX,2015-07-29,post,long,IS
HOLX,2016-11-02,post,long,IS
HOMB,2017-01-19,pre,long,OOS
HOMB,2019-01-17,pre,short,OOS
HOMB,2019-04-18,pre,short,OOS
HOME,2019-03-27,pre,short,OOS
HON,2012-07-18,pre,long,IS
HON,2013-01-25,pre,long,IS
HON,2013-04-19,pre,long,IS
HON,2013-07-19,pre,long,IS
HON,2014-07-18,pre,long,IS
HON,2014-10-17,pre,long,IS
HON,2015-01-23,pre,long,IS
HON,2017-04-21,pre,long,OOS
HON,2017-10-20,pre,long,OOS
HON,2019-02-01,pre,long,OOS
HON,2019-04-18,pre,long,OOS
HOS,2013-02-06,post,long,IS
HOS,2013-05-01,post,long,IS
HOS,2013-07-31,post,long,IS
HOS,2014-04-30,post,short,IS
HOS,2014-07-30,post,long,IS
HOS,2014-10-29,post,long,IS
HOS,2015-04-29,post,long,IS
HOS,2015-07-29,post,long,IS
HOV,2014-03-05,pre,short,IS
HP,2012-11-15,pre,long,IS
HP,2013-07-26,pre,long,IS
HP,2014-01-30,pre,long,IS
HP,2017-01-26,pre,short,OOS
HP,2019-04-24,post,long,OOS
HPE,2016-03-03,post,long,IS
HPE,2017-05-31,post,short,OOS
HPE,2018-02-22,post,long,OOS
HPE,2019-08-27,post,long,OOS
HPQ,2013-02-21,post,long,IS
HPQ,2013-05-22,post,long,IS
HPQ,2013-08-21,post,short,IS
HPQ,2013-11-26,post,long,IS
HPQ,2015-11-24,post,short,IS
HPQ,2016-02-24,post,short,IS
HPQ,2017-02-22,post,long,OOS
HPQ,2017-05-24,post,long,OOS
HPQ,2018-02-22,post,long,OOS
HPT,2013-11-05,pre,short,IS
HPT,2016-11-09,pre,short,IS
HPT,2017-08-09,pre,short,OOS
HQY,2017-03-21,post,long,OOS
HQY,2017-09-05,post,long,OOS
HQY,2018-06-04,post,long,OOS
HQY,2019-12-03,post,long,OOS
HRB,2013-09-03,post,short,IS
HRB,2014-06-11,pre,long,IS
HRB,2014-12-08,post,short,IS
HRB,2015-09-01,post,long,IS
HRB,2015-12-07,post,short,IS
HRB,2016-03-03,post,short,IS
HRB,2016-08-30,post,short,IS
HRB,2017-03-07,post,long,OOS
HRB,2018-03-06,post,long,OOS
HRC,2012-10-24,post,long,IS
HRC,2013-04-24,post,short,IS
HRC,2014-01-23,pre,short,IS
HRC,2015-05-05,pre,long,IS
HRC,2016-08-04,pre,long,IS
HRC,2017-04-28,pre,long,OOS
HRC,2018-11-02,pre,long,OOS
HRC,2019-01-25,pre,long,OOS
HRI,2016-11-08,pre,short,IS
HRI,2017-03-01,pre,short,OOS
HRI,2018-02-28,pre,long,OOS
HRI,2018-05-09,pre,long,OOS
HRI,2018-11-08,pre,long,OOS
HRL,2013-11-26,pre,long,IS
HRL,2015-11-24,pre,long,IS
HRL,2016-08-18,pre,long,IS
HRL,2017-02-23,pre,short,OOS
HRL,2017-05-25,pre,short,OOS
HRL,2017-08-24,pre,short,OOS
HRL,2017-11-21,pre,long,OOS
HRL,2018-05-24,pre,short,OOS
HRL,2019-02-21,pre,short,OOS
HRL,2019-08-22,pre,long,OOS
HRS,2013-07-30,pre,long,IS
HRS,2014-01-28,pre,long,IS
HRS,2014-04-29,pre,long,IS
HRS,2015-02-06,pre,long,IS
HRS,2016-11-01,pre,long,IS
HRS,2019-01-29,pre,long,OOS
HRS,2019-05-01,pre,long,OOS
HSC,2014-08-07,pre,short,IS
HSC,2018-05-02,pre,long,OOS
HSC,2018-10-31,pre,long,OOS
HSIC,2016-11-02,pre,long,IS
HSIC,2017-02-21,pre,long,OOS
HSIC,2017-05-09,pre,long,OOS
HSIC,2017-11-06,pre,short,OOS
HSIC,2018-08-06,pre,long,OOS
HSIC,2019-05-07,pre,long,OOS
HST,2013-08-02,pre,short,IS
HST,2013-11-05,pre,short,IS
HST,2015-02-19,pre,short,IS
HST,2016-04-29,pre,short,IS
HSY,2014-10-29,pre,short,IS
HSY,2015-01-29,pre,short,IS
HSY,2015-04-23,pre,short,IS
HSY,2016-10-28,pre,long,IS
HSY,2018-02-01,pre,short,OOS
HSY,2018-07-26,pre,long,OOS
HSY,2018-10-25,pre,short,OOS
HSY,2019-01-31,pre,short,OOS
HSY,2019-04-25,pre,long,OOS
HTA,2015-10-28,pre,short,IS
HTHT,2019-03-14,post,long,OOS
HTHT,2019-05-22,post,short,OOS
HTZ,2016-08-08,post,short,IS
HTZ,2016-11-07,post,short,IS
HTZ,2017-05-08,post,short,OOS
HTZ,2018-05-07,post,short,OOS
HTZ,2018-08-06,post,long,OOS
HTZ,2018-11-08,post,long,OOS
HTZ,2019-02-25,post,long,OOS
HUBB,2017-01-31,pre,long,OOS
HUBB,2017-07-25,pre,long,OOS
HUBB,2017-10-24,pre,long,OOS
HUBB,2018-01-30,pre,long,OOS
HUBB,2018-07-24,pre,long,OOS
HUBB,2019-02-05,pre,long,OOS
HUBB,2019-04-30,pre,long,OOS
HUBB,2019-07-30,pre,long,OOS
HUBG,2014-10-23,post,short,IS
HUBG,2015-07-21,post,long,IS
HUBG,2016-04-26,post,long,IS
HUBG,2017-10-26,post,long,OOS
HUBG,2018-02-08,post,long,OOS
HUBG,2018-04-26,post,long,OOS
HUBG,2018-08-01,post,long,OOS
HUBG,2019-02-07,post,long,OOS
HUBG,2019-07-30,post,long,OOS
HUBS,2015-08-06,post,long,IS
HUBS,2016-08-03,post,long,IS
HUBS,2016-11-02,post,long,IS
HUBS,2017-05-02,post,long,OOS
HUBS,2017-08-02,post,long,OOS
HUBS,2019-02-12,post,long,OOS
HUM,2013-05-01,pre,long,IS
HUM,2014-02-05,pre,short,IS
HUM,2014-11-07,pre,short,IS
HUM,2015-04-29,pre,short,IS
HUM,2017-08-02,pre,long,OOS
HUM,2019-07-31,pre,long,OOS
HUN,2012-11-02,pre,long,IS
HUN,2013-07-31,pre,short,IS
HUN,2014-02-11,pre,long,IS
HUN,2014-07-30,pre,long,IS
HUN,2015-04-30,pre,long,IS
HUN,2015-07-29,pre,long,IS
HUN,2015-10-27,pre,long,IS
HUN,2018-02-23,pre,long,OOS
HURN,2014-02-25,post,long,IS
HURN,2014-04-29,post,long,IS
HURN,2014-10-28,post,short,IS
HURN,2015-07-28,post,long,IS
HWC,2019-04-16,post,short,OOS
HWC,2019-07-16,post,long,OOS
HWC,2021-04-20,post,long,OOS
HXL,2013-01-23,post,short,IS
HXL,2013-04-22,post,long,IS
HXL,2013-10-21,post,long,IS
HXL,2015-04-20,post,long,IS
HXL,2015-10-19,post,short,IS
HXL,2016-04-20,post,long,IS
HXL,2016-07-20,post,long,IS
HXL,2016-10-19,post,long,IS
HXL,2017-04-19,post,short,OOS
HXL,2017-07-24,post,short,OOS
HXL,2018-04-23,post,long,OOS
HXL,2019-01-23,post,long,OOS
HXL,2019-04-23,post,long,OOS
HXL,2019-07-22,post,long,OOS
HZNP,2014-11-06,pre,long,IS
HZNP,2015-02-27,pre,long,IS
HZNP,2015-05-08,pre,short,IS
HZNP,2015-11-06,pre,long,IS
HZNP,2016-02-29,pre,short,IS
HZNP,2016-08-08,pre,long,IS
HZNP,2017-05-08,pre,short,OOS
HZNP,2017-08-07,pre,long,OOS
HZNP,2018-05-09,pre,short,OOS
HZNP,2018-08-08,pre,long,OOS
HZNP,2019-02-27,pre,long,OOS
HZO,2021-04-22,pre,long,OOS
IAC,2016-02-02,post,short,IS
IAC,2016-11-02,post,long,IS
IAC,2017-02-01,post,long,OOS
IAC,2017-08-02,post,long,OOS
IAC,2018-02-07,post,long,OOS
IAC,2018-08-08,post,long,OOS
IAC,2020-11-05,post,long,OOS
IAG,2012-11-13,post,short,IS
IAG,2017-11-07,post,long,OOS
IAG,2018-02-21,post,short,OOS
IAG,2018-05-07,post,long,OOS
IART,2016-07-28,pre,long,IS
IART,2016-10-27,post,long,IS
IART,2017-04-26,pre,short,OOS
IART,2017-10-26,pre,short,OOS
IART,2018-04-25,pre,long,OOS
IART,2019-02-21,pre,long,OOS
IART,2019-07-24,pre,long,OOS
IBKC,2016-01-27,post,long,IS
IBKC,2016-10-26,post,short,IS
IBKC,2017-04-27,post,long,OOS
IBKC,2017-10-19,post,short,OOS
IBKC,2018-01-25,post,long,OOS
IBKC,2018-04-19,post,short,OOS
IBKC,2018-07-20,pre,long,OOS
IBKR,2014-01-21,post,short,IS
IBKR,2014-04-15,post,long,IS
IBKR,2016-04-19,post,long,IS
IBKR,2017-01-17,post,short,OOS
IBKR,2017-04-18,post,short,OOS
IBKR,2017-10-17,post,long,OOS
IBM,2013-01-22,post,long,IS
IBM,2013-04-18,post,short,IS
IBM,2013-07-17,post,long,IS
IBM,2017-10-17,post,long,OOS
IBM,2018-07-18,post,long,OOS
IBM,2019-01-22,post,long,OOS
IBM,2021-04-19,post,long,OOS
IBP,2018-02-28,pre,short,OOS
IBP,2019-11-01,pre,long,OOS
ICE,2013-11-05,pre,long,IS
ICE,2016-05-04,pre,long,IS
ICE,2016-08-03,pre,long,IS
ICE,2017-11-02,pre,long,OOS
ICHR,2018-05-08,post,long,OOS
ICLR,2014-02-20,pre,long,IS
ICLR,2014-07-30,pre,long,IS
ICLR,2014-10-22,pre,long,IS
ICLR,2015-02-25,pre,long,IS
ICLR,2016-07-26,pre,long,IS
ICLR,2017-04-27,pre,long,OOS
ICLR,2017-07-27,pre,long,OOS
ICLR,2017-10-26,pre,long,OOS
ICLR,2019-05-01,post,long,OOS
ICON,2014-04-30,pre,long,IS
ICON,2014-07-29,pre,long,IS
ICON,2014-10-28,pre,long,IS
ICON,2015-04-29,pre,short,IS
ICPT,2014-08-11,post,long,IS
ICUI,2015-02-09,post,long,IS
ICUI,2015-08-10,post,long,IS
ICUI,2015-11-05,post,long,IS
ICUI,2016-02-03,post,long,IS
ICUI,2016-08-08,post,long,IS
ICUI,2016-11-09,post,long,IS
ICUI,2017-05-10,post,long,OOS
ICUI,2017-11-09,post,long,OOS
ICUI,2018-03-01,post,long,OOS
ICUI,2018-05-09,post,long,OOS
ICUI,2018-08-09,post,long,OOS
IDA,2014-07-31,pre,long,IS
IDA,2015-04-30,pre,short,IS
IDA,2017-08-03,pre,short,OOS
IDA,2018-11-01,pre,long,OOS
IDCC,2014-02-20,pre,long,IS
IDCC,2015-10-30,pre,long,IS
IDCC,2016-02-18,pre,long,IS
IDCC,2017-10-26,pre,long,OOS
IDTI,2013-10-28,post,long,IS
IDTI,2014-02-03,post,long,IS
IDTI,2014-07-28,post,long,IS
IDTI,2014-10-27,post,long,IS
IDTI,2015-02-02,post,long,IS
IDTI,2015-05-04,post,long,IS
IDTI,2015-08-03,post,long,IS
IDTI,2015-10-26,post,long,IS
IDTI,2016-05-02,post,long,IS
IDTI,2016-10-31,post,long,IS
IDTI,2017-10-30,post,long,OOS
IDTI,2018-04-30,post,long,OOS
IDTI,2018-07-30,post,long,OOS
IDXX,2014-07-25,pre,long,IS
IDXX,2014-10-24,pre,long,IS
IDXX,2015-04-28,pre,short,IS
IDXX,2016-01-29,pre,long,IS
IDXX,2016-04-29,pre,long,IS
IDXX,2016-08-02,pre,long,IS
IDXX,2016-11-01,pre,long,IS
IDXX,2017-02-02,pre,long,OOS
IDXX,2017-04-28,pre,long,OOS
IEX,2013-04-22,post,long,IS
IEX,2013-07-22,post,long,IS
IEX,2014-01-29,post,long,IS
IEX,2014-04-22,post,long,IS
IEX,2014-07-22,post,long,IS
IEX,2017-04-19,post,long,OOS
IEX,2018-01-29,post,long,OOS
IEX,2018-07-24,post,long,OOS
IEX,2019-04-25,post,long,OOS
IEX,2019-07-25,post,long,OOS
IFF,2013-02-07,pre,short,IS
IFF,2015-02-12,pre,long,IS
IFF,2016-02-10,post,short,IS
IFF,2016-05-09,post,long,IS
IFF,2016-08-08,post,long,IS
IFF,2016-11-07,post,short,IS
IFF,2017-05-08,post,short,OOS
IFF,2017-11-06,post,long,OOS
IGT,2014-01-23,post,short,IS
IGT,2015-05-13,pre,short,IS
IGT,2016-11-21,pre,long,IS
IGT,2017-05-25,pre,short,OOS
IGT,2017-11-14,pre,long,OOS
IGT,2018-03-08,pre,long,OOS
IGT,2018-10-31,pre,long,OOS
IGT,2019-03-07,pre,short,OOS
IGT,2019-08-01,pre,long,OOS
IIPR,2019-11-06,post,long,OOS
IIVI,2017-08-07,pre,long,OOS
IIVI,2017-10-31,pre,short,OOS
IIVI,2018-08-07,pre,long,OOS
ILMN,2013-04-22,post,long,IS
ILMN,2013-07-23,post,long,IS
ILMN,2013-10-21,post,long,IS
ILMN,2014-04-22,post,long,IS
ILMN,2014-10-20,post,long,IS
ILMN,2017-08-01,post,long,OOS
ILMN,2018-01-30,post,long,OOS
ILMN,2018-04-24,post,long,OOS
ILMN,2018-07-30,post,long,OOS
IMAX,2012-10-25,pre,long,IS
IMAX,2013-02-21,pre,long,IS
IMAX,2013-10-24,pre,long,IS
IMAX,2014-02-20,pre,long,IS
IMAX,2015-02-19,pre,long,IS
IMAX,2016-02-24,post,short,IS
IMAX,2016-04-21,pre,long,IS
IMAX,2016-07-20,post,long,IS
IMAX,2016-10-20,pre,long,IS
IMAX,2017-10-26,pre,long,OOS
IMAX,2018-05-01,pre,long,OOS
IMGN,2013-10-25,pre,long,IS
IMGN,2014-01-31,pre,long,IS
IMGN,2015-07-31,pre,short,IS
IMGN,2017-07-28,pre,long,OOS
IMGN,2017-11-03,pre,short,OOS
IMMU,2019-02-25,post,short,OOS
IMMU,2020-02-27,post,short,OOS
IMO,2016-02-02,pre,short,IS
IMO,2018-02-02,pre,short,OOS
IMO,2018-11-02,pre,long,OOS
IMO,2019-04-26,pre,short,OOS
INCY,2013-02-14,pre,long,IS
INCY,2015-08-04,pre,long,IS
INCY,2017-10-31,pre,long,OOS
INCY,2019-07-30,pre,long,OOS
INFN,2014-01-29,post,long,IS
INFN,2014-04-23,post,long,IS
INFN,2014-07-23,post,long,IS
INFN,2014-10-22,post,long,IS
INFN,2015-01-22,post,long,IS
INFN,2015-07-22,post,long,IS
INFN,2015-10-27,post,long,IS
INFN,2017-02-09,post,long,OOS
INFO,2018-03-27,pre,long,OOS
INFO,2018-06-26,pre,long,OOS
INFY,2014-10-10,post,long,IS
INFY,2015-01-09,pre,long,IS
INFY,2019-01-11,pre,long,OOS
INFY,2019-04-12,pre,short,OOS
INGN,2017-05-09,post,long,OOS
INGN,2017-11-07,post,long,OOS
INGN,2018-04-30,post,long,OOS
INGN,2018-08-07,post,long,OOS
INGN,2019-11-05,post,long,OOS
INGN,2020-02-25,post,short,OOS
INGR,2012-10-25,pre,long,IS
INGR,2013-10-30,pre,short,IS
INGR,2015-01-30,pre,short,IS
INGR,2015-04-30,pre,long,IS
INGR,2016-04-28,pre,long,IS
INGR,2017-11-01,pre,long,OOS
INGR,2019-02-05,pre,short,OOS
INGR,2019-05-02,pre,short,OOS
INGR,2019-08-01,pre,long,OOS
INMD,2021-02-10,pre,long,OOS
INN,2017-08-02,post,short,OOS
INO,2016-05-09,pre,long,IS
INSG,2020-11-05,post,long,OOS
INSG,2021-03-01,post,short,OOS
INSP,2019-02-26,post,long,OOS
INSP,2020-02-25,post,long,OOS
INST,2018-10-29,post,long,OOS
INSY,2014-08-12,pre,long,IS
INSY,2015-08-06,pre,short,IS
INT,2014-02-12,post,long,IS
INT,2015-02-12,post,long,IS
INT,2015-07-30,post,short,IS
INT,2015-10-28,post,long,IS
INT,2017-02-14,post,short,OOS
INT,2017-07-27,post,short,OOS
INT,2018-02-22,post,short,OOS
INT,2018-07-26,post,long,OOS
INT,2019-04-25,post,long,OOS
INT,2019-07-25,post,long,OOS
INTC,2014-01-16,post,short,IS
INTC,2014-07-15,post,long,IS
INTC,2015-07-15,post,long,IS
INTC,2017-10-26,post,long,OOS
INTC,2018-01-25,post,long,OOS
INTC,2018-04-26,post,long,OOS
INTC,2019-10-24,post,long,OOS
INTC,2020-01-23,post,long,OOS
INTU,2014-11-20,post,long,IS
INTU,2015-02-19,post,long,IS
INTU,2015-11-19,post,long,IS
INTU,2017-02-23,post,long,OOS
INTU,2017-05-23,post,long,OOS
INTU,2019-05-23,post,long,OOS
INTU,2019-08-22,post,long,OOS
INVA,2017-04-27,post,short,OOS
INVA,2018-02-08,post,long,OOS
INVH,2018-05-14,post,short,OOS
INVH,2018-08-09,post,short,OOS
INXN,2017-03-01,pre,short,OOS
INXN,2019-03-06,pre,short,OOS
IONS,2017-02-28,pre,long,OOS
IONS,2017-05-09,pre,long,OOS
IOVA,2019-08-01,post,short,OOS
IP,2013-05-02,pre,short,IS
IP,2014-04-30,pre,long,IS
IP,2018-10-25,pre,long,OOS
IPG,2012-10-26,pre,short,IS
IPG,2013-07-19,pre,short,IS
IPG,2013-10-18,pre,short,IS
IPG,2014-04-22,pre,long,IS
IPG,2015-04-24,pre,long,IS
IPG,2016-04-22,pre,long,IS
IPG,2017-02-10,pre,long,OOS
IPG,2017-07-25,pre,short,OOS
IPG,2017-10-24,pre,short,OOS
IPG,2018-02-14,pre,long,OOS
IPG,2019-02-13,pre,long,OOS
IPG,2019-04-26,pre,long,OOS
IPGP,2013-02-15,pre,short,IS
IPGP,2013-05-01,pre,short,IS
IPGP,2013-11-01,pre,short,IS
IPGP,2014-07-29,pre,long,IS
IPGP,2015-04-28,pre,long,IS
IPGP,2015-07-28,pre,long,IS
IPGP,2015-10-27,pre,short,IS
IPGP,2016-04-28,pre,short,IS
IPGP,2016-07-28,pre,long,IS
IPGP,2016-10-27,pre,long,IS
IPGP,2017-05-02,pre,long,OOS
IPGP,2017-08-01,pre,long,OOS
IPGP,2017-10-31,pre,long,OOS
IPGP,2019-04-30,pre,short,OOS
IPGP,2019-07-30,pre,short,OOS
IPHI,2015-10-27,post,long,IS
IPHI,2016-08-08,post,long,IS
IPHI,2016-11-01,post,long,IS
IPHI,2017-02-07,post,long,OOS
IPHI,2019-04-30,post,long,OOS
IPI,2014-02-12,post,short,IS
IQ,2019-08-19,post,short,OOS
IQ,2019-11-06,post,long,OOS
IQV,2018-07-24,pre,long,OOS
IQV,2018-10-22,pre,long,OOS
IQV,2019-02-14,pre,long,OOS
IQV,2021-04-22,pre,long,OOS
IR,2013-07-19,pre,long,IS
IR,2013-10-18,pre,long,IS
IR,2014-07-22,pre,long,IS
IR,2015-04-23,pre,long,IS
IR,2015-07-28,pre,short,IS
IR,2016-04-26,pre,long,IS
IR,2016-10-26,pre,long,IS
IR,2017-02-01,pre,short,OOS
IR,2018-04-25,pre,long,OOS
IRBT,2014-10-21,post,long,IS
IRBT,2017-04-25,post,long,OOS
IRBT,2017-07-25,post,long,OOS
IRBT,2017-10-24,post,long,OOS
IRBT,2018-04-24,post,long,OOS
IRBT,2018-07-24,post,long,OOS
IRBT,2019-02-06,post,long,OOS
IRM,2013-02-28,pre,short,IS
IRM,2013-10-31,pre,long,IS
IRM,2015-04-28,pre,long,IS
IRM,2015-07-30,pre,short,IS
IRM,2019-04-25,pre,short,OOS
IRM,2019-08-01,pre,long,OOS
IRTC,2018-02-14,post,short,OOS
IRTC,2019-05-07,post,long,OOS
IRWD,2013-04-23,pre,short,IS
IRWD,2014-08-04,post,short,IS
IRWD,2015-11-03,post,short,IS
IRWD,2016-05-09,post,long,IS
IRWD,2016-11-03,pre,long,IS
IRWD,2018-02-15,pre,long,OOS
IRWD,2018-05-01,pre,short,OOS
IRWD,2018-08-06,pre,short,OOS
IRWD,2019-02-13,pre,long,OOS
IRWD,2019-07-30,post,long,OOS
ISBC,2014-10-30,post,long,IS
ISBC,2017-07-27,post,short,OOS
ISBC,2019-01-30,post,long,OOS
ISBC,2019-04-24,post,short,OOS
ISRG,2013-01-22,post,long,IS
ISRG,2013-07-18,post,short,IS
ISRG,2014-04-22,post,short,IS
ISRG,2015-04-21,post,short,IS
ISRG,2015-07-21,post,long,IS
ISRG,2015-10-20,post,long,IS
ISRG,2016-04-19,post,long,IS
ISRG,2016-07-19,post,long,IS
ISRG,2017-04-18,post,long,OOS
ISRG,2018-04-17,post,long,OOS
ISRG,2018-07-19,post,long,OOS
ISRG,2018-10-18,post,long,OOS
ISRG,2019-01-24,post,short,OOS
ISRG,2019-04-18,post,short,OOS
ISRG,2021-04-20,post,long,OOS
IT,2013-08-02,pre,short,IS
IT,2014-02-06,pre,short,IS
IT,2014-05-01,pre,long,IS
IT,2014-08-05,pre,long,IS
IT,2014-11-06,pre,long,IS
IT,2015-02-05,pre,short,IS
IT,2016-05-05,pre,long,IS
IT,2016-11-03,pre,long,IS
IT,2018-02-06,pre,short,OOS
IT,2019-02-05,pre,short,OOS
IT,2021-05-04,pre,long,OOS
ITGR,2018-08-02,pre,long,OOS
ITGR,2019-05-02,pre,long,OOS
ITRI,2012-08-01,post,long,IS
ITRI,2013-04-26,pre,short,IS
ITRI,2013-07-31,post,short,IS
ITRI,2014-02-12,post,short,IS
ITRI,2014-04-24,post,long,IS
ITRI,2014-11-04,post,long,IS
ITRI,2017-11-01,post,short,OOS
ITRI,2018-02-28,post,long,OOS
ITRI,2019-05-06,post,long,OOS
ITT,2013-02-27,pre,long,IS
ITT,2013-08-01,pre,long,IS
ITT,2013-10-31,pre,long,IS
ITT,2014-02-14,pre,long,IS
ITT,2014-05-01,pre,long,IS
ITT,2014-07-31,pre,long,IS
ITT,2015-02-13,pre,long,IS
ITT,2015-07-31,pre,long,IS
ITT,2018-08-03,pre,long,OOS
ITT,2018-11-02,pre,long,OOS
ITT,2019-05-03,pre,long,OOS
ITUB,2013-10-29,pre,long,IS
ITUB,2017-02-07,pre,long,OOS
ITUB,2017-07-31,post,long,OOS
ITUB,2019-02-04,post,short,OOS
ITUB,2019-07-29,post,short,OOS
ITW,2013-01-29,pre,short,IS
ITW,2013-07-23,pre,short,IS
ITW,2014-01-28,pre,long,IS
ITW,2014-04-22,pre,long,IS
ITW,2014-10-21,pre,long,IS
ITW,2016-01-27,pre,long,IS
ITW,2017-01-25,pre,long,OOS
ITW,2017-04-24,pre,long,OOS
ITW,2018-01-24,pre,long,OOS
ITW,2018-07-23,pre,short,OOS
ITW,2019-07-26,pre,short,OOS
IVR,2017-02-21,post,short,OOS
IVZ,2013-01-31,pre,short,IS
IVZ,2013-04-30,pre,long,IS
IVZ,2014-10-30,pre,long,IS
IVZ,2015-01-29,pre,long,IS
IVZ,2015-07-30,pre,long,IS
IVZ,2016-04-28,pre,short,IS
IVZ,2017-10-26,pre,long,OOS
JACK,2013-11-20,post,long,IS
JACK,2014-02-19,post,long,IS
JACK,2014-08-06,post,long,IS
JACK,2014-11-18,post,long,IS
JACK,2015-02-17,post,long,IS
JACK,2016-02-17,post,short,IS
JACK,2016-05-11,post,long,IS
JACK,2016-08-03,post,long,IS
JACK,2017-02-22,post,short,OOS
JACK,2017-05-16,post,long,OOS
JACK,2018-02-21,post,long,OOS
JACK,2018-05-16,post,short,OOS
JACK,2018-08-08,post,long,OOS
JACK,2019-02-20,post,long,OOS
JAG,2018-08-09,post,long,OOS
JAMF,2020-09-01,post,short,OOS
JAZZ,2012-11-08,post,short,IS
JAZZ,2014-02-25,post,short,IS
JAZZ,2014-05-08,post,short,IS
JAZZ,2014-11-04,post,long,IS
JAZZ,2015-11-09,post,short,IS
JAZZ,2016-08-09,post,short,IS
JAZZ,2017-02-28,post,long,OOS
JAZZ,2017-08-08,post,short,OOS
JAZZ,2018-05-08,post,long,OOS
JAZZ,2019-02-26,post,long,OOS
JAZZ,2019-05-07,post,long,OOS
JBHT,2014-01-23,pre,short,IS
JBHT,2014-10-14,pre,long,IS
JBHT,2016-01-21,pre,long,IS
JBHT,2016-07-18,pre,short,IS
JBHT,2016-10-17,pre,short,IS
JBHT,2018-07-16,pre,long,OOS
JBHT,2019-01-17,post,long,OOS
JBHT,2019-07-15,post,long,OOS
JBHT,2021-04-15,post,long,OOS
JBL,2012-09-25,post,short,IS
JBL,2012-12-19,post,long,IS
JBL,2013-12-17,post,short,IS
JBL,2014-09-24,post,long,IS
JBL,2014-12-17,post,long,IS
JBL,2015-09-24,post,long,IS
JBL,2016-03-16,post,short,IS
JBL,2016-12-15,post,long,IS
JBL,2018-03-15,post,long,OOS
JBL,2018-12-18,post,long,OOS
JBL,2019-09-24,pre,long,OOS
JBL,2021-03-16,pre,long,OOS
JBLU,2013-01-29,pre,short,IS
JBLU,2016-10-25,pre,short,IS
JBLU,2019-01-24,pre,long,OOS
JBT,2017-02-27,post,long,OOS
JBT,2017-10-23,post,long,OOS
JBT,2018-05-01,post,short,OOS
JBT,2018-07-25,post,long,OOS
JBT,2018-10-31,post,short,OOS
JBT,2019-02-25,post,long,OOS
JCI,2013-04-26,pre,long,IS
JCI,2016-11-08,pre,long,IS
JCI,2019-05-01,pre,long,OOS
JCOM,2013-02-13,post,long,IS
JCOM,2014-02-13,post,long,IS
JCOM,2014-05-08,post,long,IS
JCOM,2015-02-12,post,long,IS
JCOM,2015-08-04,post,long,IS
JCOM,2016-02-10,post,long,IS
JCOM,2016-08-03,post,long,IS
JCOM,2017-02-09,post,long,OOS
JCOM,2017-05-08,post,short,OOS
JCOM,2019-02-12,post,long,OOS
JCP,2012-11-09,pre,short,IS
JCP,2013-02-27,post,short,IS
JCP,2013-05-16,post,short,IS
JCP,2014-02-26,post,long,IS
JCP,2014-05-15,post,long,IS
JCP,2015-02-26,post,short,IS
JCP,2015-08-14,pre,long,IS
JD,2015-03-03,pre,long,IS
JD,2016-08-10,pre,long,IS
JD,2016-11-15,pre,long,IS
JD,2017-03-02,pre,long,OOS
JD,2017-05-08,pre,long,OOS
JD,2017-11-13,pre,long,OOS
JD,2018-03-02,pre,short,OOS
JD,2019-02-28,pre,long,OOS
JD,2019-05-10,pre,long,OOS
JD,2019-08-13,pre,long,OOS
JEC,2013-11-18,post,short,IS
JEC,2014-01-22,post,short,IS
JEC,2014-04-28,post,short,IS
JEC,2015-04-28,pre,short,IS
JEC,2016-08-09,pre,long,IS
JEC,2017-11-21,pre,long,OOS
JEC,2018-05-08,pre,long,OOS
JEC,2018-08-06,pre,long,OOS
JELD,2018-02-21,pre,short,OOS
JELD,2018-05-08,pre,long,OOS
JELD,2018-08-07,pre,short,OOS
JELD,2019-02-19,pre,long,OOS
JHG,2017-08-08,pre,long,OOS
JHG,2017-11-09,pre,short,OOS
JHG,2018-05-09,pre,long,OOS
JHG,2019-05-02,pre,short,OOS
JHG,2019-07-31,pre,short,OOS
JJSF,2018-11-08,post,short,OOS
JJSF,2019-01-28,post,long,OOS
JKHY,2013-08-13,post,long,IS
JKHY,2015-08-25,post,long,IS
JKHY,2017-05-02,post,long,OOS
JKHY,2018-08-21,post,long,OOS
JKS,2013-11-18,pre,long,IS
JKS,2015-11-19,pre,short,IS
JKS,2017-09-06,pre,short,OOS
JKS,2021-04-09,pre,short,OOS
JLL,2013-01-29,post,short,IS
JLL,2013-07-30,post,short,IS
JLL,2013-10-28,post,long,IS
JLL,2014-01-28,post,long,IS
JLL,2014-07-31,post,long,IS
JLL,2015-02-03,pre,long,IS
JLL,2015-04-27,post,long,IS
JLL,2015-10-28,pre,long,IS
JLL,2016-11-02,pre,short,IS
JLL,2017-02-06,post,long,OOS
JLL,2017-08-02,pre,long,OOS
JLL,2017-11-06,pre,long,OOS
JLL,2018-02-07,pre,long,OOS
JLL,2019-02-12,pre,long,OOS
JMEI,2015-08-19,post,short,IS
JNJ,2012-10-16,pre,long,IS
JNJ,2016-07-19,pre,long,IS
JNJ,2017-10-17,pre,long,OOS
JNJ,2018-07-17,pre,long,OOS
JNJ,2019-04-16,pre,long,OOS
JNPR,2014-01-23,post,long,IS
JNPR,2015-01-27,post,long,IS
JNPR,2015-04-23,post,long,IS
JNPR,2015-07-23,post,long,IS
JNPR,2015-10-22,post,long,IS
JNPR,2016-10-25,post,long,IS
JNPR,2017-04-25,post,long,OOS
JNPR,2017-10-24,post,short,OOS
JNPR,2018-05-01,post,long,OOS
JNPR,2019-07-25,post,long,OOS
JPM,2014-04-11,pre,short,IS
JPM,2014-07-15,pre,long,IS
JPM,2014-10-14,pre,short,IS
JPM,2015-01-14,pre,short,IS
JPM,2016-04-13,pre,long,IS
JPM,2016-07-14,pre,long,IS
JPM,2016-10-14,pre,long,IS
JPM,2018-10-12,pre,long,OOS
JPM,2019-04-12,pre,long,OOS
JWN,2013-05-16,post,short,IS
JWN,2014-05-15,post,long,IS
JWN,2015-08-13,post,long,IS
JWN,2015-11-12,post,short,IS
JWN,2016-02-18,post,short,IS
JWN,2016-05-12,post,short,IS
JWN,2016-08-11,post,long,IS
JWN,2018-03-01,post,short,OOS
JWN,2018-08-16,post,long,OOS
JWN,2019-05-21,post,short,OOS
JWN,2019-08-21,post,long,OOS
K,2013-02-05,pre,long,IS
K,2013-11-04,pre,long,IS
K,2015-02-12,pre,short,IS
K,2015-05-05,pre,long,IS
K,2016-02-11,pre,long,IS
K,2017-02-09,pre,long,OOS
K,2017-10-31,pre,long,OOS
K,2018-05-03,pre,long,OOS
K,2018-10-31,pre,short,OOS
K,2019-08-01,pre,long,OOS
KALU,2014-10-20,post,short,IS
KALU,2016-02-16,post,short,IS
KALU,2016-10-19,post,short,IS
KALU,2017-04-19,post,long,OOS
KALU,2018-02-21,post,short,OOS
KALU,2018-07-23,post,long,OOS
KALU,2019-02-20,post,long,OOS
KAR,2014-11-04,post,long,IS
KAR,2015-11-04,post,short,IS
KAR,2016-05-03,post,long,IS
KAR,2016-08-02,post,short,IS
KAR,2016-11-03,post,short,IS
KAR,2017-02-21,post,short,OOS
KAR,2017-05-09,post,long,OOS
KAR,2019-05-07,post,short,OOS
KAR,2019-08-06,post,short,OOS
KBH,2014-03-19,pre,long,IS
KBH,2014-09-24,pre,short,IS
KBH,2015-03-20,pre,long,IS
KBH,2015-06-19,pre,long,IS
KBH,2016-01-07,pre,short,IS
KBH,2016-03-23,post,long,IS
KBH,2017-03-23,post,long,OOS
KBH,2017-09-28,post,long,OOS
KBH,2018-01-10,post,long,OOS
KBH,2018-03-22,post,long,OOS
KBH,2018-06-28,post,long,OOS
KBH,2018-09-25,post,long,OOS
KBH,2019-03-26,post,long,OOS
KBH,2019-06-26,post,long,OOS
KBR,2013-10-24,post,short,IS
KBR,2015-04-29,pre,long,IS
KBR,2015-08-04,pre,long,IS
KBR,2016-02-26,pre,long,IS
KBR,2017-02-24,pre,short,OOS
KBR,2017-08-02,pre,long,OOS
KBR,2018-04-26,pre,long,OOS
KBR,2018-07-30,pre,long,OOS
KBR,2018-10-30,pre,long,OOS
KDP,2019-08-08,pre,long,OOS
KEM,2017-08-02,pre,long,OOS
KEM,2018-10-30,pre,long,OOS
KEM,2019-05-16,pre,long,OOS
KEX,2013-01-30,post,long,IS
KEX,2014-04-30,post,long,IS
KEX,2014-10-29,post,short,IS
KEX,2016-01-27,post,short,IS
KEX,2016-04-27,post,short,IS
KEX,2019-05-02,pre,long,OOS
KEY,2012-10-18,pre,long,IS
KEY,2014-10-15,pre,short,IS
KEY,2017-04-20,pre,long,OOS
KEY,2018-01-18,pre,short,OOS
KEYS,2015-08-19,post,long,IS
KEYS,2016-05-19,post,long,IS
KEYS,2017-06-06,post,long,OOS
KEYS,2017-12-06,post,long,OOS
KEYS,2018-08-21,post,long,OOS
KEYS,2018-11-20,post,long,OOS
KEYS,2019-02-21,post,long,OOS
KEYS,2019-05-29,post,long,OOS
KEYS,2019-08-21,post,long,OOS
KFY,2017-12-06,post,long,OOS
KFY,2018-06-13,pre,long,OOS
KHC,2015-11-05,post,short,IS
KHC,2016-02-25,post,long,IS
KHC,2016-05-04,post,long,IS
KHC,2016-08-04,post,long,IS
KHC,2017-05-03,post,short,OOS
KHC,2018-02-16,pre,short,OOS
KHC,2018-05-02,post,long,OOS
KHC,2018-08-03,pre,long,OOS
KHC,2018-11-01,post,short,OOS
KHC,2019-02-21,post,short,OOS
KIM,2015-11-04,post,short,IS
KIM,2016-02-02,post,long,IS
KIM,2016-04-27,post,short,IS
KKR,2013-07-26,pre,short,IS
KKR,2014-02-06,pre,long,IS
KKR,2015-02-10,pre,short,IS
KKR,2015-10-27,post,short,IS
KKR,2016-04-25,pre,short,IS
KKR,2017-07-27,pre,long,OOS
KKR,2017-10-26,pre,short,OOS
KKR,2018-05-03,pre,long,OOS
KL,2018-02-21,pre,long,OOS
KLAC,2013-01-24,post,long,IS
KLAC,2014-07-24,post,short,IS
KLAC,2014-10-23,post,long,IS
KLAC,2016-10-20,post,long,IS
KLAC,2017-01-26,post,long,OOS
KLAC,2018-07-30,post,long,OOS
KLIC,2013-11-07,pre,short,IS
KLIC,2014-01-28,pre,long,IS
KMB,2013-01-25,pre,long,IS
KMB,2013-04-19,pre,long,IS
KMB,2013-10-22,pre,long,IS
KMB,2014-01-24,pre,long,IS
KMB,2015-01-23,pre,short,IS
KMB,2015-04-21,pre,long,IS
KMB,2016-01-25,pre,short,IS
KMB,2016-10-24,pre,short,IS
KMB,2017-01-24,pre,long,OOS
KMB,2019-01-23,pre,short,OOS
KMB,2019-04-22,pre,long,OOS
KMB,2019-07-23,pre,long,OOS
KMB,2021-04-23,pre,short,OOS
KMI,2014-04-16,post,short,IS
KMI,2014-07-16,post,short,IS
KMI,2016-10-19,post,long,IS
KMI,2018-04-18,post,long,OOS
KMPR,2018-04-30,pre,long,OOS
KMPR,2018-11-05,pre,long,OOS
KMPR,2019-04-29,pre,long,OOS
KMT,2012-10-24,pre,short,IS
KMT,2013-01-24,pre,short,IS
KMT,2013-04-25,pre,short,IS
KMT,2014-01-30,pre,short,IS
KMT,2014-07-31,pre,short,IS
KMT,2015-01-29,pre,short,IS
KMT,2015-05-05,pre,long,IS
KMT,2015-11-03,pre,short,IS
KMT,2017-08-02,post,short,OOS
KMT,2017-11-01,post,long,OOS
KMT,2018-08-06,post,long,OOS
KMT,2019-05-06,post,short,OOS
KMX,2012-09-20,pre,short,IS
KMX,2012-12-20,pre,long,IS
KMX,2013-06-21,pre,long,IS
KMX,2013-09-24,pre,long,IS
KMX,2013-12-20,pre,short,IS
KMX,2014-04-04,pre,short,IS
KMX,2014-06-20,pre,long,IS
KMX,2014-09-23,pre,short,IS
KMX,2014-12-19,pre,long,IS
KMX,2015-04-02,pre,long,IS
KMX,2015-12-18,pre,short,IS
KMX,2016-06-21,pre,short,IS
KMX,2017-06-21,pre,long,OOS
KMX,2017-09-22,pre,long,OOS
KMX,2018-04-04,pre,short,OOS
KMX,2018-06-22,pre,long,OOS
KMX,2018-09-26,pre,long,OOS
KMX,2019-03-29,pre,long,OOS
KMX,2019-06-21,pre,long,OOS
KN,2014-07-28,post,long,IS
KN,2015-02-12,post,short,IS
KN,2015-07-27,post,long,IS
KN,2016-04-25,post,long,IS
KN,2018-10-24,post,long,OOS
KN,2019-04-24,post,long,OOS
KNX,2015-01-28,pre,long,IS
KNX,2017-11-06,post,short,OOS
KNX,2018-01-30,post,long,OOS
KO,2013-04-16,pre,long,IS
KO,2015-02-10,pre,long,IS
KO,2015-04-22,pre,long,IS
KO,2016-10-26,pre,long,IS
KO,2017-04-25,pre,short,OOS
KO,2018-07-25,pre,long,OOS
KO,2019-04-23,pre,long,OOS
KO,2019-07-23,pre,long,OOS
KOPN,2021-03-02,pre,long,OOS
KOS,2015-05-04,pre,short,IS
KOS,2015-08-03,pre,short,IS
KOS,2017-05-08,pre,long,OOS
KR,2012-11-29,pre,long,IS
KR,2013-03-07,pre,long,IS
KR,2014-03-06,pre,long,IS
KR,2014-06-19,pre,long,IS
KR,2014-12-04,pre,long,IS
KR,2015-03-05,pre,long,IS
KR,2015-09-11,pre,long,IS
KR,2016-06-16,pre,long,IS
KR,2016-12-01,pre,short,IS
KR,2017-09-08,pre,short,OOS
KR,2017-11-30,pre,long,OOS
KR,2018-06-21,pre,long,OOS
KR,2019-03-07,pre,short,OOS
KRA,2016-07-27,post,short,IS
KRA,2016-10-26,post,short,IS
KRA,2017-04-26,post,long,OOS
KRA,2017-10-24,post,long,OOS
KRC,2019-07-24,post,long,OOS
KSS,2013-05-16,pre,long,IS
KSS,2013-08-15,pre,long,IS
KSS,2013-11-14,pre,short,IS
KSS,2014-05-15,pre,short,IS
KSS,2014-08-14,pre,long,IS
KSS,2015-08-13,pre,short,IS
KSS,2015-11-12,pre,long,IS
KSS,2016-05-12,pre,short,IS
KSS,2016-08-11,pre,long,IS
KSS,2016-11-10,pre,long,IS
KSS,2017-05-11,pre,long,OOS
KSS,2017-11-09,pre,short,OOS
KSS,2019-05-21,pre,short,OOS
KSU,2014-01-24,pre,short,IS
KSU,2015-04-21,pre,short,IS
KSU,2015-07-17,pre,long,IS
KSU,2015-10-16,pre,short,IS
KSU,2016-01-22,pre,long,IS
KSU,2016-04-19,pre,long,IS
KSU,2017-10-20,pre,long,OOS
KSU,2019-04-17,pre,long,OOS
KSU,2019-07-19,pre,long,OOS
KTOS,2018-05-10,post,long,OOS
KTOS,2019-05-08,post,long,OOS
KW,2014-02-26,post,long,IS
KW,2017-11-02,post,long,OOS
KW,2018-02-22,post,long,OOS
L,2016-02-08,pre,short,IS
L,2016-10-31,pre,long,IS
L,2017-10-30,pre,long,OOS
L,2019-02-11,pre,short,OOS
L,2019-04-29,pre,long,OOS
LAD,2013-04-24,pre,long,IS
LAD,2014-07-23,pre,long,IS
LAD,2015-02-25,pre,long,IS
LAD,2015-04-22,pre,long,IS
LAD,2015-07-22,pre,long,IS
LAD,2016-07-28,pre,long,IS
LAD,2016-10-20,pre,short,IS
LAD,2017-02-15,pre,short,OOS
LAD,2017-04-19,pre,long,OOS
LAD,2017-10-25,pre,short,OOS
LAD,2018-07-25,pre,short,OOS
LAD,2018-10-24,pre,long,OOS
LAD,2019-07-24,pre,long,OOS
LADR,2018-05-02,post,long,OOS
LADR,2018-11-01,post,long,OOS
LAMR,2012-11-07,pre,short,IS
LAMR,2017-05-04,pre,short,OOS
LAMR,2017-08-08,pre,short,OOS
LAMR,2018-11-08,pre,short,OOS
LANC,2015-10-29,pre,long,IS
LANC,2016-01-28,pre,short,IS
LANC,2016-04-28,pre,long,IS
LANC,2017-08-17,pre,short,OOS
LANC,2020-08-27,pre,long,OOS
LAZ,2013-04-26,pre,short,IS
LAZ,2013-07-25,pre,long,IS
LAZ,2014-02-05,pre,long,IS
LAZ,2015-02-05,pre,long,IS
LAZ,2017-02-02,pre,long,OOS
LAZ,2017-07-27,pre,long,OOS
LAZ,2019-04-25,pre,long,OOS
LAZ,2019-07-25,pre,long,OOS
LB,2016-08-17,post,long,IS
LB,2017-05-17,post,long,OOS
LB,2019-05-22,post,long,OOS
LBTYA,2016-11-03,post,short,IS
LC,2015-05-05,post,long,IS
LC,2015-08-04,post,long,IS
LC,2015-10-29,post,long,IS
LC,2016-11-07,pre,long,IS
LC,2019-08-06,post,long,OOS
LCI,2014-02-06,post,long,IS
LCI,2016-05-03,post,long,IS
LCI,2016-08-23,post,long,IS
LCI,2017-05-02,post,short,OOS
LCI,2017-11-06,post,long,OOS
LCII,2017-11-02,pre,short,OOS
LCII,2018-08-02,pre,long,OOS
LCII,2019-02-07,pre,short,OOS
LDOS,2014-12-03,pre,long,IS
LDOS,2015-08-05,pre,long,IS
LDOS,2015-10-29,pre,long,IS
LDOS,2016-11-03,pre,long,IS
LDOS,2017-08-03,pre,long,OOS
LEA,2012-10-26,pre,long,IS
LEA,2013-04-25,pre,long,IS
LEA,2013-10-25,pre,long,IS
LEA,2014-07-25,pre,long,IS
LEA,2015-01-30,pre,long,IS
LEA,2015-07-24,pre,long,IS
LEA,2016-04-27,pre,long,IS
LEA,2017-07-26,pre,long,OOS
LEAF,2015-08-06,pre,short,IS
LECO,2012-10-31,pre,long,IS
LECO,2014-02-14,pre,long,IS
LECO,2014-07-27,pre,long,IS
LECO,2014-10-30,pre,long,IS
LECO,2015-04-21,pre,long,IS
LECO,2016-04-19,pre,long,IS
LECO,2017-04-18,pre,long,OOS
LECO,2019-04-22,pre,short,OOS
LECO,2020-02-13,pre,long,OOS
LEG,2012-10-29,post,long,IS
LEG,2013-04-25,post,short,IS
LEG,2015-10-29,post,long,IS
LEG,2016-02-01,post,long,IS
LEG,2017-04-27,post,long,OOS
LEG,2017-07-27,post,short,OOS
LEG,2018-04-26,post,short,OOS
LEG,2018-07-26,post,long,OOS
LEG,2018-10-25,post,short,OOS
LEG,2019-02-04,post,long,OOS
LEG,2019-04-29,post,short,OOS
LEN,2013-12-18,pre,long,IS
LEN,2014-09-17,pre,long,IS
LEN,2015-03-19,pre,long,IS
LEN,2015-06-24,pre,long,IS
LEN,2016-03-29,pre,long,IS
LEN,2016-06-21,pre,long,IS
LEN,2016-12-19,pre,long,IS
LEN,2017-06-20,pre,long,OOS
LEN,2017-10-03,pre,long,OOS
LEN,2018-06-26,pre,long,OOS
LEN,2019-06-25,pre,long,OOS
LFUS,2014-07-30,pre,short,IS
LFUS,2015-10-28,pre,long,IS
LFUS,2016-02-02,pre,long,IS
LFUS,2017-05-03,pre,long,OOS
LFUS,2018-05-02,pre,long,OOS
LFUS,2018-10-31,pre,long,OOS
LFUS,2019-01-30,pre,short,OOS
LFUS,2019-07-31,pre,short,OOS
LGIH,2015-11-04,pre,long,IS
LGIH,2016-08-09,pre,long,IS
LGIH,2017-08-08,pre,long,OOS
LGIH,2017-11-07,pre,long,OOS
LGIH,2018-08-07,pre,long,OOS
LGIH,2019-05-07,pre,short,OOS
LGND,2014-08-04,pre,long,IS
LGND,2016-05-04,pre,long,IS
LGND,2017-02-23,post,short,OOS
LGND,2017-05-09,post,short,OOS
LGND,2017-08-07,post,long,OOS
LGND,2018-05-08,post,long,OOS
LGND,2018-08-06,post,long,OOS
LGND,2018-11-08,pre,long,OOS
LH,2013-02-08,pre,short,IS
LH,2013-07-19,pre,long,IS
LH,2014-02-07,pre,short,IS
LH,2014-04-28,pre,short,IS
LH,2015-02-20,pre,long,IS
LH,2016-04-25,pre,long,IS
LH,2016-10-26,pre,short,IS
LH,2018-10-24,pre,short,OOS
LH,2019-02-07,pre,long,OOS
LH,2021-04-29,pre,long,OOS
LII,2013-07-22,pre,long,IS
LII,2014-02-05,pre,long,IS
LII,2015-02-02,pre,long,IS
LII,2015-04-20,pre,short,IS
LII,2015-07-20,pre,long,IS
LII,2016-02-08,pre,short,IS
LII,2017-02-07,pre,long,OOS
LII,2017-10-23,pre,long,OOS
LII,2018-10-22,pre,short,OOS
LITB,2013-08-19,post,short,IS
LITE,2016-08-09,post,long,IS
LITE,2017-02-07,post,long,OOS
LITE,2017-08-09,pre,long,OOS
LITE,2018-02-06,pre,long,OOS
LITE,2018-05-02,pre,long,OOS
LITE,2018-08-08,pre,long,OOS
LITE,2019-08-08,pre,long,OOS
LIVN,2016-08-03,pre,long,IS
LIVN,2019-05-01,pre,short,OOS
LK,2019-11-13,pre,long,OOS
LKQ,2012-10-25,pre,short,IS
LKQ,2013-02-28,pre,short,IS
LKQ,2013-08-01,pre,long,IS
LKQ,2014-02-27,pre,short,IS
LKQ,2014-10-30,pre,short,IS
LKQ,2015-02-26,pre,short,IS
LKQ,2015-04-30,pre,long,IS
LKQ,2016-02-25,pre,long,IS
LKQ,2017-02-23,pre,short,OOS
LKQ,2017-04-27,pre,long,OOS
LKQ,2018-04-26,pre,short,OOS
LKQ,2018-07-26,pre,long,OOS
LL,2012-10-24,pre,long,IS
LL,2013-04-24,pre,long,IS
LL,2013-07-24,pre,long,IS
LL,2014-02-19,pre,long,IS
LL,2014-10-22,pre,short,IS
LL,2015-04-29,pre,short,IS
LL,2015-08-05,pre,short,IS
LL,2016-05-10,pre,short,IS
LL,2016-07-27,pre,short,IS
LL,2017-05-02,pre,short,OOS
LL,2017-08-01,pre,long,OOS
LL,2018-05-01,pre,short,OOS
LL,2018-07-31,pre,short,OOS
LLL,2014-07-31,pre,short,IS
LLL,2015-04-30,pre,short,IS
LLL,2015-07-30,pre,short,IS
LLL,2017-01-26,pre,long,OOS
LLL,2019-01-29,pre,long,OOS
LLL,2019-05-01,pre,long,OOS
LLY,2012-10-24,pre,short,IS
LLY,2013-07-24,pre,long,IS
LLY,2015-07-23,pre,long,IS
LLY,2018-07-24,pre,long,OOS
LM,2012-10-26,pre,long,IS
LM,2015-05-01,pre,long,IS
LM,2019-02-04,post,long,OOS
LM,2019-05-13,post,long,OOS
LMT,2013-04-23,pre,long,IS
LMT,2013-07-23,pre,long,IS
LMT,2013-10-22,pre,long,IS
LMT,2014-04-22,pre,long,IS
LMT,2016-10-25,pre,long,IS
LMT,2017-10-24,pre,short,OOS
LMT,2018-01-29,pre,long,OOS
LMT,2018-07-24,pre,long,OOS
LMT,2019-04-23,pre,long,OOS
LMT,2019-07-23,pre,long,OOS
LNC,2012-08-01,post,long,IS
LNC,2013-05-01,post,short,IS
LNC,2013-07-31,post,long,IS
LNC,2015-04-29,post,short,IS
LNC,2015-07-29,post,short,IS
LNC,2016-05-04,post,short,IS
LNC,2016-11-02,post,long,IS
LNC,2017-05-03,post,long,OOS
LNC,2018-08-01,post,short,OOS
LNG,2017-05-04,pre,long,OOS
LNG,2017-11-14,pre,short,OOS
LNN,2013-06-26,pre,long,IS
LNN,2013-10-10,pre,short,IS
LNN,2014-01-03,pre,short,IS
LNN,2014-03-26,pre,short,IS
LOGI,2017-01-24,post,long,OOS
LOGM,2014-07-24,post,long,IS
LOGM,2015-04-28,post,long,IS
LOGM,2015-07-23,post,long,IS
LOGM,2015-10-22,post,long,IS
LOGM,2016-04-28,post,long,IS
LOGM,2016-07-26,post,long,IS
LOGM,2016-10-27,post,long,IS
LOGM,2017-02-28,post,long,OOS
LOGM,2017-05-04,post,long,OOS
LOGM,2017-07-27,post,long,OOS
LOGM,2017-10-26,post,long,OOS
LOGM,2018-10-25,post,long,OOS
LOGM,2019-07-25,post,long,OOS
LOPE,2013-07-30,post,long,IS
LOPE,2013-10-29,post,long,IS
LOPE,2014-02-20,post,long,IS
LOPE,2014-10-29,post,long,IS
LOPE,2015-04-29,post,long,IS
LOPE,2017-02-16,post,long,OOS
LOPE,2017-05-04,post,long,OOS
LOPE,2017-08-01,post,long,OOS
LOPE,2017-11-01,post,long,OOS
LOPE,2018-02-21,post,long,OOS
LOPE,2019-02-20,post,long,OOS
LOPE,2019-08-06,post,long,OOS
LOW,2012-11-19,pre,long,IS
LOW,2013-08-21,pre,long,IS
LOW,2013-11-20,pre,short,IS
LOW,2014-11-19,pre,long,IS
LOW,2015-05-20,pre,short,IS
LOW,2015-11-18,pre,long,IS
LOW,2016-05-18,pre,long,IS
LOW,2016-08-17,pre,short,IS
LOW,2016-11-16,pre,short,IS
LOW,2017-03-01,pre,long,OOS
LOW,2017-05-24,pre,short,OOS
LOW,2017-08-23,pre,short,OOS
LOW,2018-02-28,pre,short,OOS
LOW,2018-08-22,pre,long,OOS
LOW,2019-02-27,pre,long,OOS
LOW,2019-05-22,pre,short,OOS
LOW,2019-08-21,pre,long,OOS
LPI,2014-08-07,pre,short,IS
LPI,2016-05-04,post,long,IS
LPI,2017-05-03,post,short,OOS
LPI,2017-11-01,post,short,OOS
LPI,2018-05-02,post,short,OOS
LPI,2018-08-01,post,short,OOS
LPLA,2013-10-30,pre,long,IS
LPLA,2014-10-30,pre,short,IS
LPLA,2015-02-19,pre,long,IS
LPLA,2016-02-11,post,short,IS
LPLA,2016-07-28,post,long,IS
LPLA,2016-11-02,post,long,IS
LPLA,2017-04-27,post,long,OOS
LPLA,2018-02-01,post,long,OOS
LPLA,2018-05-03,post,long,OOS
LPLA,2019-05-02,post,long,OOS
LPT,2014-07-22,pre,short,IS
LPX,2013-02-08,pre,short,IS
LPX,2013-08-06,pre,long,IS
LPX,2014-02-13,pre,short,IS
LPX,2015-02-11,pre,short,IS
LPX,2015-05-05,pre,long,IS
LPX,2017-02-08,pre,long,OOS
LPX,2017-11-06,pre,short,OOS
LPX,2018-02-13,pre,long,OOS
LPX,2018-08-07,pre,long,OOS
LPX,2019-08-06,pre,short,OOS
LPX,2021-02-16,pre,long,OOS
LQDT,2014-05-08,pre,short,IS
LRCX,2013-10-23,post,long,IS
LRCX,2014-01-29,post,long,IS
LRCX,2014-04-23,post,long,IS
LRCX,2015-04-20,post,long,IS
LRCX,2017-04-18,post,long,OOS
LRCX,2018-01-24,post,long,OOS
LRCX,2018-07-26,post,long,OOS
LRCX,2018-10-16,post,long,OOS
LRCX,2019-01-23,post,long,OOS
LRCX,2019-04-24,post,long,OOS
LSCC,2014-04-24,post,long,IS
LSCC,2019-04-30,post,long,OOS
LSCC,2019-07-30,post,long,OOS
LSI,2016-11-02,post,short,IS
LSI,2017-05-03,post,short,OOS
LSI,2017-08-02,post,short,OOS
LSTR,2013-10-24,pre,short,IS
LSTR,2014-01-30,post,short,IS
LSTR,2014-07-23,pre,long,IS
LSTR,2015-04-23,post,short,IS
LSTR,2016-10-19,post,long,IS
LSTR,2017-10-25,post,long,OOS
LSTR,2018-01-31,post,long,OOS
LSTR,2021-04-21,post,long,OOS
LTHM,2019-05-07,post,short,OOS
LTXB,2018-10-16,post,long,OOS
LTXB,2019-04-23,post,short,OOS
LULU,2014-03-27,pre,long,IS
LULU,2014-09-11,pre,long,IS
LULU,2014-12-11,pre,long,IS
LULU,2015-12-09,pre,short,IS
LULU,2016-03-30,pre,long,IS
LULU,2016-12-07,post,long,IS
LULU,2017-03-29,post,short,OOS
LULU,2017-06-01,post,long,OOS
LULU,2017-08-31,post,long,OOS
LULU,2017-12-06,post,long,OOS
LULU,2018-03-27,post,long,OOS
LULU,2018-05-31,post,long,OOS
LULU,2018-08-30,post,long,OOS
LULU,2019-03-27,post,long,OOS
LULU,2019-06-12,post,long,OOS
LULU,2019-09-05,post,long,OOS
LUV,2015-01-22,pre,long,IS
LUV,2015-10-22,pre,long,IS
LUV,2016-04-21,pre,long,IS
LUV,2016-07-21,pre,short,IS
LUV,2017-01-26,pre,long,OOS
LUV,2017-04-27,pre,short,OOS
LUV,2019-01-24,pre,long,OOS
LVS,2015-04-22,post,short,IS
LVS,2016-04-20,post,short,IS
LVS,2016-11-03,post,long,IS
LVS,2017-01-25,post,short,OOS
LVS,2018-07-25,post,short,OOS
LW,2017-01-10,pre,long,OOS
LW,2017-04-06,pre,long,OOS
LW,2017-07-25,pre,long,OOS
LW,2017-10-04,pre,long,OOS
LW,2018-04-05,pre,long,OOS
LW,2018-10-02,pre,long,OOS
LW,2019-01-04,pre,long,OOS
LW,2019-04-02,pre,long,OOS
LXFT,2016-02-11,post,short,IS
LXP,2017-03-01,pre,short,OOS
LXP,2019-02-27,pre,short,OOS
LXRX,2017-03-03,pre,long,OOS
LYB,2012-10-26,pre,short,IS
LYB,2013-02-01,pre,short,IS
LYB,2013-10-29,pre,short,IS
LYB,2014-07-25,pre,long,IS
LYB,2015-04-24,pre,long,IS
LYB,2015-07-28,pre,long,IS
LYB,2016-04-22,pre,long,IS
LYB,2016-07-29,pre,short,IS
LYB,2017-07-28,pre,long,OOS
LYB,2017-10-27,pre,short,OOS
LYB,2018-08-03,pre,long,OOS
LYB,2020-01-31,pre,short,OOS
LYV,2013-08-06,post,long,IS
LYV,2014-02-24,post,long,IS
LYV,2014-05-06,post,long,IS
LYV,2014-07-31,post,short,IS
LYV,2015-10-29,post,long,IS
LYV,2016-07-28,post,long,IS
LYV,2016-11-07,post,long,IS
LYV,2017-05-04,post,long,OOS
LYV,2017-08-09,post,long,OOS
LYV,2018-05-03,post,long,OOS
LYV,2018-11-01,post,long,OOS
LYV,2019-05-02,post,long,OOS
LZB,2017-06-20,post,long,OOS
LZB,2017-08-22,post,short,OOS
LZB,2018-08-21,post,long,OOS
M,2013-02-26,pre,long,IS
M,2013-05-15,pre,long,IS
M,2013-08-14,pre,short,IS
M,2013-11-13,pre,long,IS
M,2014-08-13,pre,short,IS
M,2015-05-13,pre,short,IS
M,2016-08-11,pre,long,IS
M,2017-05-11,pre,short,OOS
M,2018-02-27,pre,long,OOS
M,2018-05-16,pre,long,OOS
M,2019-08-14,pre,short,OOS
MA,2013-01-31,pre,long,IS
MA,2013-07-31,pre,long,IS
MA,2014-05-01,pre,long,IS
MA,2014-10-30,pre,long,IS
MA,2015-01-30,pre,long,IS
MA,2016-10-28,pre,long,IS
MA,2017-05-02,pre,long,OOS
MA,2017-10-31,pre,long,OOS
MA,2018-02-01,pre,long,OOS
MA,2018-05-02,pre,long,OOS
MA,2019-01-31,pre,long,OOS
MA,2019-04-30,pre,long,OOS
MAA,2014-07-30,post,short,IS
MAA,2015-07-29,post,long,IS
MAA,2017-04-26,post,short,OOS
MAA,2017-10-25,post,short,OOS
MAA,2018-05-02,post,short,OOS
MAC,2013-10-28,post,short,IS
MAC,2017-02-06,post,short,OOS
MAC,2019-02-07,pre,short,OOS
MACK,2016-08-04,post,short,IS
MAN,2012-10-19,pre,long,IS
MAN,2013-01-30,pre,long,IS
MAN,2013-04-19,pre,long,IS
MAN,2013-07-19,pre,long,IS
MAN,2013-10-21,pre,long,IS
MAN,2014-04-23,pre,long,IS
MAN,2015-04-21,pre,long,IS
MAN,2016-02-03,pre,long,IS
MAN,2016-10-21,pre,long,IS
MAN,2017-04-21,pre,short,OOS
MAN,2019-01-31,pre,long,OOS
MAN,2021-04-20,pre,long,OOS
MANH,2014-04-22,post,long,IS
MANH,2014-07-22,post,long,IS
MANH,2014-10-21,post,long,IS
MANH,2015-07-21,post,long,IS
MANH,2015-10-20,post,long,IS
MANH,2016-02-02,post,long,IS
MANH,2016-04-19,post,long,IS
MANH,2016-07-19,post,long,IS
MANH,2018-04-24,post,long,OOS
MANH,2019-02-05,post,long,OOS
MANH,2019-04-23,post,long,OOS
MANH,2019-07-23,post,long,OOS
MAR,2014-10-28,post,long,IS
MAR,2015-02-18,post,long,IS
MAR,2017-05-08,post,long,OOS
MAS,2013-02-11,post,long,IS
MAS,2013-07-29,post,long,IS
MAS,2013-10-28,post,long,IS
MAS,2014-04-24,post,short,IS
MAS,2014-07-28,post,long,IS
MAS,2015-02-09,pre,long,IS
MAS,2015-07-28,pre,long,IS
MAS,2016-02-09,pre,long,IS
MAS,2016-07-26,pre,long,IS
MAS,2016-10-25,pre,short,IS
MAS,2017-02-09,pre,short,OOS
MAS,2017-04-25,pre,long,OOS
MAS,2018-04-24,pre,short,OOS
MAS,2019-02-07,pre,long,OOS
MAS,2019-04-25,pre,short,OOS
MAS,2019-07-25,pre,long,OOS
MASI,2015-05-06,post,long,IS
MASI,2016-05-04,post,long,IS
MASI,2016-08-03,post,long,IS
MASI,2016-11-02,post,long,IS
MASI,2017-10-31,post,long,OOS
MASI,2018-02-27,post,long,OOS
MASI,2019-02-26,post,long,OOS
MAT,2012-10-16,pre,long,IS
MAT,2013-04-17,pre,long,IS
MAT,2013-07-17,pre,short,IS
MAT,2013-10-16,pre,long,IS
MAT,2014-01-31,pre,short,IS
MAT,2014-07-17,pre,short,IS
MAT,2014-10-16,pre,short,IS
MAT,2015-04-16,post,long,IS
MAT,2015-07-16,post,long,IS
MAT,2016-02-01,post,long,IS
MAT,2016-04-20,post,short,IS
MAT,2017-01-25,post,short,OOS
MAT,2017-04-20,post,short,OOS
MAT,2017-07-27,post,short,OOS
MAT,2017-10-26,post,short,OOS
MAT,2018-02-01,post,short,OOS
MAT,2018-07-25,post,short,OOS
MAT,2019-02-07,post,long,OOS
MAT,2019-04-25,post,long,OOS
MAT,2019-07-25,post,long,OOS
MAT,2021-04-22,post,long,OOS
MATX,2015-11-04,post,long,IS
MAXR,2018-07-31,pre,long,OOS
MAXR,2021-05-03,post,short,OOS
MBFI,2017-07-20,post,short,OOS
MBFI,2018-01-25,pre,short,OOS
MC,2017-10-25,post,long,OOS
MC,2018-07-23,post,long,OOS
MC,2018-10-22,post,short,OOS
MC,2019-02-06,post,long,OOS
MCD,2013-04-19,pre,short,IS
MCD,2013-07-22,pre,short,IS
MCD,2014-07-22,pre,short,IS
MCD,2015-04-22,pre,long,IS
MCD,2015-07-23,pre,long,IS
MCD,2015-10-22,pre,long,IS
MCD,2016-01-25,pre,long,IS
MCD,2016-04-22,pre,long,IS
MCD,2016-10-21,pre,long,IS
MCD,2017-04-25,pre,long,OOS
MCD,2017-07-25,pre,long,OOS
MCD,2018-04-30,pre,long,OOS
MCD,2018-10-23,pre,long,OOS
MCHP,2013-02-07,post,long,IS
MCHP,2013-05-02,post,long,IS
MCHP,2013-07-31,post,long,IS
MCHP,2013-10-30,post,long,IS
MCHP,2014-07-31,post,long,IS
MCHP,2016-08-08,post,long,IS
MCHP,2016-11-07,post,long,IS
MCHP,2017-02-07,post,long,OOS
MCHP,2017-05-09,post,long,OOS
MCHP,2019-02-05,post,long,OOS
MCK,2012-10-25,pre,long,IS
MCK,2013-01-31,post,short,IS
MCK,2013-07-25,post,long,IS
MCK,2013-10-24,pre,long,IS
MCK,2014-05-12,post,long,IS
MCK,2015-02-05,post,long,IS
MCK,2016-10-27,post,short,IS
MCK,2017-05-18,post,long,OOS
MCK,2017-07-27,pre,short,OOS
MCK,2017-10-26,pre,long,OOS
MCK,2019-07-31,post,long,OOS
MCO,2012-10-26,pre,long,IS
MCO,2013-07-24,pre,long,IS
MCO,2014-02-07,pre,long,IS
MCO,2014-07-25,pre,long,IS
MCO,2015-02-06,pre,long,IS
MCO,2015-05-01,pre,long,IS
MCO,2016-04-29,pre,short,IS
MCO,2017-07-21,pre,long,OOS
MCO,2018-10-26,pre,short,OOS
MCO,2019-07-31,pre,long,OOS
MCY,2013-04-29,pre,long,IS
MCY,2015-02-09,pre,short,IS
MCY,2015-04-27,pre,short,IS
MCY,2018-02-05,pre,short,OOS
MCY,2018-04-30,pre,short,OOS
MCY,2018-10-29,pre,long,OOS
MCY,2019-04-29,pre,long,OOS
MD,2014-10-30,pre,long,IS
MD,2016-07-28,pre,short,IS
MD,2016-10-27,pre,short,IS
MD,2017-02-07,pre,short,OOS
MD,2017-04-20,pre,short,OOS
MD,2017-07-28,pre,short,OOS
MD,2018-11-01,pre,short,OOS
MDB,2018-03-13,post,long,OOS
MDB,2019-03-13,post,long,OOS
MDC,2012-11-01,pre,long,IS
MDC,2014-10-30,pre,short,IS
MDC,2016-08-03,pre,long,IS
MDC,2017-05-09,pre,long,OOS
MDC,2018-02-01,pre,short,OOS
MDC,2018-05-03,pre,long,OOS
MDC,2018-08-01,pre,long,OOS
MDCO,2013-07-24,pre,long,IS
MDCO,2016-07-27,pre,long,IS
MDCO,2017-02-28,pre,short,OOS
MDLZ,2013-02-13,post,short,IS
MDLZ,2013-08-07,post,long,IS
MDLZ,2014-05-07,pre,long,IS
MDLZ,2014-11-05,pre,long,IS
MDLZ,2015-04-29,pre,long,IS
MDLZ,2015-07-30,pre,long,IS
MDLZ,2016-02-03,pre,short,IS
MDLZ,2016-04-27,pre,long,IS
MDLZ,2016-10-26,pre,long,IS
MDLZ,2017-05-02,post,long,OOS
MDLZ,2017-10-30,post,long,OOS
MDLZ,2018-07-25,post,long,OOS
MDLZ,2018-10-29,post,long,OOS
MDLZ,2019-04-30,post,long,OOS
MDP,2016-10-27,pre,long,IS
MDP,2017-01-25,pre,long,OOS
MDP,2019-09-05,pre,short,OOS
MDR,2013-05-08,post,short,IS
MDR,2013-11-04,post,short,IS
MDR,2014-03-03,post,short,IS
MDR,2014-05-07,post,short,IS
MDR,2015-11-09,post,long,IS
MDR,2017-04-25,pre,long,OOS
MDR,2017-07-25,pre,short,OOS
MDR,2017-11-01,pre,long,OOS
MDR,2018-10-30,post,short,OOS
MDR,2019-07-29,post,short,OOS
MDRX,2013-05-09,post,short,IS
MDRX,2013-08-08,post,short,IS
MDRX,2014-02-20,post,long,IS
MDRX,2014-11-06,post,short,IS
MDRX,2015-02-26,post,short,IS
MDRX,2015-05-07,post,short,IS
MDRX,2015-08-04,post,long,IS
MDRX,2015-11-05,post,long,IS
MDRX,2016-11-03,post,short,IS
MDRX,2018-11-01,post,short,OOS
MDRX,2019-02-21,post,short,OOS
MDRX,2019-05-02,post,long,OOS
MDSO,2013-07-25,pre,long,IS
MDSO,2014-04-22,pre,short,IS
MDSO,2015-04-23,pre,long,IS
MDSO,2016-04-21,pre,long,IS
MDSO,2016-10-25,pre,long,IS
MDSO,2017-02-09,pre,long,OOS
MDSO,2017-04-26,pre,long,OOS
MDSO,2018-04-19,pre,long,OOS
MDSO,2018-10-18,pre,long,OOS
MDT,2013-05-21,pre,long,IS
MDT,2017-02-21,pre,long,OOS
MDT,2017-11-21,pre,long,OOS
MDT,2018-08-21,pre,long,OOS
MDT,2018-11-20,pre,long,OOS
MDT,2019-05-23,pre,long,OOS
MDT,2019-08-20,pre,long,OOS
MDU,2014-11-03,post,short,IS
MDU,2017-08-01,post,short,OOS
MDU,2017-11-01,post,short,OOS
MDU,2018-07-31,post,short,OOS
MDU,2019-07-30,post,long,OOS
MDU,2020-02-04,post,long,OOS
MED,2018-05-03,post,long,OOS
MED,2018-08-02,post,long,OOS
MED,2018-11-06,post,short,OOS
MED,2019-02-26,post,long,OOS
MEDP,2019-07-29,post,long,OOS
MEDP,2019-10-28,post,short,OOS
MEDP,2020-02-24,post,long,OOS
MEET,2016-08-01,pre,long,IS
MEI,2014-03-13,pre,short,IS
MEI,2015-06-25,pre,short,IS
MEI,2015-09-03,pre,long,IS
MELI,2013-08-01,post,long,IS
MELI,2013-11-05,post,short,IS
MELI,2014-02-27,post,long,IS
MELI,2014-05-08,post,long,IS
MELI,2014-08-07,post,long,IS
MELI,2014-10-30,post,long,IS
MELI,2015-08-05,post,short,IS
MELI,2015-11-04,post,long,IS
MELI,2016-05-05,post,long,IS
MELI,2016-08-04,post,long,IS
MELI,2016-11-03,post,long,IS
MELI,2017-05-04,post,long,OOS
MELI,2017-08-03,post,short,OOS
MELI,2018-05-09,post,short,OOS
MELI,2019-02-26,post,long,OOS
MEOH,2014-01-29,post,long,IS
MEOH,2014-04-29,post,short,IS
MEOH,2017-01-25,post,long,OOS
MEOH,2019-01-30,post,short,OOS
MET,2013-10-30,post,short,IS
MET,2014-04-30,post,short,IS
MET,2015-11-04,post,short,IS
MET,2016-05-04,post,short,IS
MET,2016-08-03,post,short,IS
MET,2017-11-01,post,long,OOS
MET,2018-11-01,post,long,OOS
MET,2019-05-01,post,long,OOS
MFA,2015-02-12,pre,long,IS
MFA,2018-08-02,pre,short,OOS
MFC,2015-11-12,pre,short,IS
MFC,2016-05-05,pre,long,IS
MFC,2016-08-04,pre,short,IS
MFC,2016-11-10,pre,long,IS
MFC,2017-11-08,post,long,OOS
MFC,2018-05-02,post,long,OOS
MFC,2018-11-07,post,long,OOS
MGA,2013-05-10,pre,long,IS
MGA,2013-08-09,pre,long,IS
MGA,2013-11-06,pre,long,IS
MGA,2014-08-08,pre,long,IS
MGA,2014-11-05,pre,long,IS
MGA,2015-02-25,pre,long,IS
MGA,2016-02-26,pre,long,IS
MGA,2016-05-05,pre,long,IS
MGA,2016-08-05,pre,long,IS
MGA,2017-02-24,pre,short,OOS
MGA,2017-05-11,pre,long,OOS
MGA,2018-05-10,pre,long,OOS
MGA,2018-08-08,pre,short,OOS
MGA,2019-05-09,pre,short,OOS
MGLN,2014-03-03,pre,short,IS
MGLN,2014-10-24,pre,long,IS
MGLN,2016-05-05,pre,long,IS
MGLN,2018-02-27,pre,long,OOS
MGLN,2018-04-26,pre,short,OOS
MGLN,2018-07-27,pre,short,OOS
MGM,2013-05-02,pre,long,IS
MGM,2013-08-06,pre,long,IS
MGM,2015-10-29,pre,long,IS
MGM,2016-08-04,pre,long,IS
MGM,2016-11-07,pre,long,IS
MGM,2017-02-16,pre,short,OOS
MGM,2018-02-20,pre,short,OOS
MGM,2019-04-29,post,short,OOS
MGP,2019-04-30,pre,short,OOS
MGPI,2018-03-01,pre,long,OOS
MGPI,2018-08-02,pre,short,OOS
MHK,2013-05-02,post,long,IS
MHK,2013-08-01,post,long,IS
MHK,2013-10-31,post,long,IS
MHK,2014-05-01,post,long,IS
MHK,2014-07-31,post,long,IS
MHK,2015-02-19,post,long,IS
MHK,2015-05-07,post,long,IS
MHK,2015-08-06,post,long,IS
MHK,2016-08-04,post,long,IS
MHK,2016-11-03,post,long,IS
MHK,2017-07-27,post,long,OOS
MHK,2018-07-25,post,short,OOS
MHK,2018-10-25,post,short,OOS
MHK,2019-02-07,post,long,OOS
MHO,2021-04-28,pre,long,OOS
MIC,2013-02-20,post,short,IS
MIC,2015-02-18,post,long,IS
MIC,2016-10-31,post,long,IS
MIC,2018-02-21,post,short,OOS
MIC,2018-05-02,post,long,OOS
MIC,2019-02-20,post,short,OOS
MIC,2019-05-01,post,long,OOS
MIDD,2013-05-08,post,long,IS
MIDD,2013-08-08,post,long,IS
MIDD,2013-11-05,post,long,IS
MIDD,2014-02-25,post,long,IS
MIDD,2014-08-06,post,long,IS
MIDD,2015-03-03,post,short,IS
MIDD,2015-05-13,post,long,IS
MIDD,2016-05-11,post,long,IS
MIDD,2016-08-10,post,long,IS
MIDD,2017-02-28,post,long,OOS
MIDD,2017-11-07,post,short,OOS
MIDD,2018-08-08,pre,long,OOS
MIDD,2018-11-07,pre,short,OOS
MIDD,2019-02-27,pre,long,OOS
MIK,2015-06-04,pre,short,IS
MIK,2016-03-17,pre,long,IS
MIK,2016-12-06,pre,short,IS
MIK,2017-03-07,pre,long,OOS
MIK,2017-06-06,pre,short,OOS
MIK,2017-08-24,pre,long,OOS
MIK,2017-11-30,pre,long,OOS
MIK,2018-03-22,pre,short,OOS
MIK,2019-03-19,pre,long,OOS
MIME,2019-02-11,post,long,OOS
MKC,2013-01-24,pre,short,IS
MKC,2014-03-25,pre,long,IS
MKC,2014-10-02,pre,long,IS
MKC,2015-03-24,pre,long,IS
MKC,2016-03-29,pre,long,IS
MKC,2016-09-30,pre,long,IS
MKC,2017-09-28,pre,long,OOS
MKC,2018-01-25,pre,long,OOS
MKC,2018-03-27,pre,long,OOS
MKC,2018-06-28,pre,long,OOS
MKC,2019-01-24,pre,short,OOS
MKL,2018-04-24,post,long,OOS
MKSI,2016-07-27,post,long,IS
MKSI,2017-04-26,post,long,OOS
MKSI,2017-10-24,post,long,OOS
MKSI,2019-07-30,post,short,OOS
MKTX,2015-01-28,pre,long,IS
MKTX,2017-01-25,pre,long,OOS
MKTX,2017-10-25,pre,short,OOS
MKTX,2018-10-24,pre,long,OOS
MKTX,2019-07-24,pre,short,OOS
MKTX,2021-04-22,pre,short,OOS
MLCO,2017-05-04,pre,long,OOS
MLCO,2018-11-08,pre,short,OOS
MLCO,2019-02-19,pre,long,OOS
MLHR,2015-09-16,post,long,IS
MLHR,2016-09-21,post,short,IS
MLHR,2016-12-21,post,short,IS
MLHR,2017-03-22,post,long,OOS
MLHR,2017-07-05,post,long,OOS
MLHR,2017-09-20,post,short,OOS
MLHR,2018-07-02,post,long,OOS
MLHR,2018-09-19,post,long,OOS
MLHR,2018-12-19,post,long,OOS
MLHR,2019-03-20,post,long,OOS
MLHR,2019-06-26,post,long,OOS
MLHR,2019-09-18,post,long,OOS
MLM,2013-07-30,pre,short,IS
MLM,2013-11-07,pre,long,IS
MLM,2014-07-29,pre,long,IS
MLM,2014-10-28,pre,short,IS
MLM,2015-02-10,pre,long,IS
MLM,2016-05-05,pre,long,IS
MLM,2017-05-02,pre,long,OOS
MLM,2017-08-01,pre,short,OOS
MLM,2017-11-02,pre,short,OOS
MLM,2018-02-13,pre,long,OOS
MLNX,2013-01-23,post,short,IS
MLNX,2014-04-24,post,short,IS
MLNX,2014-07-24,post,long,IS
MLNX,2015-01-28,post,long,IS
MLNX,2015-04-21,pre,long,IS
MLNX,2015-10-21,post,long,IS
MLNX,2016-01-27,post,long,IS
MLNX,2017-02-01,post,short,OOS
MLNX,2017-04-26,post,short,OOS
MLNX,2018-01-18,post,long,OOS
MLNX,2018-10-24,post,long,OOS
MLNX,2019-01-30,post,long,OOS
MLNX,2020-01-29,post,long,OOS
MMC,2014-07-29,pre,long,IS
MMC,2018-10-25,pre,long,OOS
MMC,2019-01-31,pre,long,OOS
MMM,2013-04-25,pre,short,IS
MMM,2014-10-23,pre,long,IS
MMM,2015-04-23,pre,short,IS
MMM,2016-01-26,pre,long,IS
MMM,2017-07-25,pre,short,OOS
MMM,2017-10-24,pre,long,OOS
MMM,2018-10-23,pre,short,OOS
MMM,2019-04-25,pre,short,OOS
MMM,2019-07-25,pre,long,OOS
MMP,2013-02-05,pre,long,IS
MMP,2015-11-03,pre,long,IS
MMS,2013-02-07,pre,long,IS
MMS,2014-02-06,pre,long,IS
MMS,2016-08-04,pre,long,IS
MMS,2016-11-10,pre,long,IS
MMS,2017-05-04,pre,long,OOS
MMS,2018-02-08,pre,long,OOS
MMS,2018-05-10,pre,short,OOS
MMS,2019-08-08,pre,long,OOS
MMSI,2017-04-27,post,long,OOS
MMSI,2017-07-26,post,long,OOS
MMSI,2018-04-25,post,long,OOS
MMSI,2018-07-23,post,long,OOS
MMSI,2019-02-26,post,long,OOS
MMSI,2019-07-25,post,short,OOS
MNK,2014-08-07,pre,long,IS
MNK,2015-05-05,pre,long,IS
MNK,2016-05-03,pre,long,IS
MNK,2016-08-02,pre,long,IS
MNK,2017-05-08,pre,long,OOS
MNK,2018-02-27,pre,long,OOS
MNK,2018-05-08,pre,long,OOS
MNK,2018-08-07,pre,long,OOS
MNK,2018-11-06,pre,long,OOS
MNK,2019-02-26,pre,long,OOS
MNRO,2014-07-24,pre,short,IS
MNRO,2016-05-19,pre,short,IS
MNRO,2016-07-28,pre,long,IS
MNRO,2018-07-26,pre,short,OOS
MNRO,2018-10-25,pre,long,OOS
MNST,2012-11-07,post,short,IS
MNST,2013-05-08,post,short,IS
MNST,2013-11-07,post,short,IS
MNST,2014-08-07,post,long,IS
MNST,2015-02-26,post,long,IS
MNST,2015-05-07,post,short,IS
MNST,2015-11-05,post,long,IS
MNST,2016-02-25,post,short,IS
MNST,2016-04-29,pre,long,IS
MNST,2017-03-01,post,long,OOS
MNST,2017-05-04,post,long,OOS
MNST,2017-08-08,post,short,OOS
MNST,2018-02-28,post,short,OOS
MNST,2019-02-27,post,long,OOS
MNST,2021-05-06,post,short,OOS
MNTA,2018-08-09,pre,short,OOS
MO,2017-05-02,pre,short,OOS
MO,2017-07-27,pre,short,OOS
MO,2019-01-31,pre,long,OOS
MO,2019-04-25,pre,short,OOS
MOH,2014-10-30,post,short,IS
MOH,2015-05-07,post,long,IS
MOH,2015-07-30,post,long,IS
MOH,2016-04-28,post,short,IS
MOH,2016-07-27,post,long,IS
MOH,2017-02-15,post,short,OOS
MOH,2017-08-02,post,short,OOS
MOH,2017-11-02,post,long,OOS
MOH,2018-04-30,pre,long,OOS
MOH,2018-07-31,post,long,OOS
MOH,2018-10-31,post,long,OOS
MOH,2019-07-30,post,long,OOS
MOMO,2016-08-16,pre,long,IS
MOMO,2016-11-08,pre,long,IS
MOMO,2017-03-07,pre,long,OOS
MOMO,2017-05-23,pre,long,OOS
MOMO,2018-03-07,pre,long,OOS
MOMO,2018-05-29,pre,long,OOS
MOMO,2019-03-12,pre,long,OOS
MOMO,2019-05-28,pre,long,OOS
MOS,2014-05-06,pre,short,IS
MOS,2017-05-02,pre,short,OOS
MOS,2017-10-31,pre,long,OOS
MOS,2018-11-05,post,long,OOS
MOS,2020-08-03,post,long,OOS
MPC,2014-05-01,pre,short,IS
MPC,2014-07-31,pre,long,IS
MPC,2015-07-30,pre,short,IS
MPC,2017-02-01,pre,long,OOS
MPC,2017-07-27,pre,short,OOS
MPC,2017-10-26,pre,long,OOS
MPC,2018-04-30,pre,short,OOS
MPC,2019-08-01,pre,long,OOS
MPC,2020-01-29,pre,long,OOS
MPLX,2016-10-27,pre,long,IS
MPWR,2014-10-27,post,long,IS
MPWR,2015-02-04,post,long,IS
MPWR,2015-10-26,post,long,IS
MPWR,2016-02-04,post,long,IS
MPWR,2016-05-02,post,long,IS
MPWR,2017-10-26,post,long,OOS
MRC,2014-02-20,post,short,IS
MRC,2014-11-06,post,long,IS
MRC,2015-02-19,post,short,IS
MRC,2015-04-30,post,long,IS
MRC,2015-08-03,post,long,IS
MRC,2015-11-05,post,long,IS
MRC,2016-08-02,post,short,IS
MRC,2018-02-15,post,short,OOS
MRC,2018-08-01,post,short,OOS
MRC,2019-05-02,post,long,OOS
MRC,2020-02-13,post,short,OOS
MRCY,2017-10-24,post,long,OOS
MRCY,2018-01-23,post,short,OOS
MRCY,2018-04-24,post,short,OOS
MRCY,2018-07-31,post,long,OOS
MRCY,2019-01-29,post,long,OOS
MRCY,2019-04-30,post,long,OOS
MRCY,2019-07-30,post,long,OOS
MRK,2014-07-29,pre,long,IS
MRK,2015-04-28,pre,long,IS
MRK,2019-02-01,pre,long,OOS
MRK,2021-04-29,pre,short,OOS
MRNA,2020-02-26,pre,long,OOS
MRO,2013-02-06,pre,short,IS
MRO,2013-08-06,post,short,IS
MRO,2016-11-02,post,long,IS
MRVL,2013-02-21,post,long,IS
MRVL,2013-05-23,post,long,IS
MRVL,2013-11-21,post,long,IS
MRVL,2016-11-17,post,long,IS
MRVL,2017-03-02,post,long,OOS
MRVL,2017-05-25,post,long,OOS
MRVL,2017-08-24,post,long,OOS
MRVL,2019-03-07,post,short,OOS
MRVL,2021-03-03,post,short,OOS
MS,2013-01-18,pre,long,IS
MS,2013-07-18,pre,long,IS
MS,2013-10-18,pre,long,IS
MS,2014-01-17,pre,long,IS
MS,2014-04-17,pre,long,IS
MS,2014-10-17,pre,long,IS
MS,2015-01-20,pre,short,IS
MS,2015-10-19,pre,short,IS
MS,2016-07-20,pre,long,IS
MS,2017-04-19,pre,long,OOS
MS,2017-07-19,pre,long,OOS
MS,2017-10-17,pre,long,OOS
MS,2018-07-18,pre,long,OOS
MS,2018-10-16,pre,long,OOS
MS,2019-01-17,pre,short,OOS
MSA,2017-02-23,post,short,OOS
MSA,2017-04-25,post,long,OOS
MSA,2017-08-03,post,short,OOS
MSA,2017-10-19,post,long,OOS
MSA,2018-02-20,post,long,OOS
MSA,2018-04-23,post,long,OOS
MSCI,2012-11-06,pre,short,IS
MSCI,2013-08-01,pre,long,IS
MSCI,2018-02-01,pre,long,OOS
MSFT,2013-04-18,post,long,IS
MSFT,2013-07-18,post,short,IS
MSFT,2013-10-24,post,long,IS
MSFT,2014-01-23,post,long,IS
MSFT,2014-10-23,post,long,IS
MSFT,2015-04-23,post,long,IS
MSFT,2015-10-22,post,long,IS
MSFT,2016-01-28,post,long,IS
MSFT,2016-04-21,post,short,IS
MSFT,2016-07-19,post,long,IS
MSFT,2016-10-20,post,long,IS
MSFT,2017-01-26,post,long,OOS
MSFT,2017-10-26,post,long,OOS
MSFT,2018-04-26,post,long,OOS
MSFT,2018-07-19,post,long,OOS
MSFT,2018-10-24,post,long,OOS
MSFT,2019-04-24,post,long,OOS
MSFT,2019-07-18,post,long,OOS
MSG,2016-08-19,pre,short,IS
MSG,2018-02-02,pre,long,OOS
MSI,2012-10-24,pre,long,IS
MSI,2013-04-24,pre,short,IS
MSI,2014-05-01,pre,short,IS
MSI,2014-08-05,pre,short,IS
MSI,2015-05-06,pre,long,IS
MSI,2015-08-05,pre,long,IS
MSI,2016-02-22,post,long,IS
MSI,2016-11-03,post,long,IS
MSI,2017-02-02,post,long,OOS
MSI,2017-05-04,post,long,OOS
MSI,2017-08-03,post,long,OOS
MSI,2017-11-02,post,long,OOS
MSI,2018-02-01,post,long,OOS
MSI,2019-02-07,post,long,OOS
MSM,2014-04-09,pre,long,IS
MSM,2014-07-09,pre,short,IS
MSM,2015-01-07,pre,short,IS
MSM,2015-07-07,pre,long,IS
MSM,2017-01-11,pre,long,OOS
MSM,2017-10-31,pre,long,OOS
MSM,2018-01-10,pre,short,OOS
MSM,2018-04-10,pre,long,OOS
MSM,2019-04-10,pre,short,OOS
MSM,2019-07-10,pre,short,OOS
MSTR,2012-10-29,post,short,IS
MSTR,2015-04-28,post,long,IS
MSTR,2015-07-27,post,long,IS
MSTR,2016-01-27,post,long,IS
MSTR,2016-04-27,post,short,IS
MSTR,2016-07-28,post,short,IS
MSTR,2016-10-27,post,long,IS
MSTR,2017-07-27,post,short,OOS
MSTR,2018-04-26,post,short,OOS
MSTR,2019-01-29,post,short,OOS
MT,2013-08-01,pre,short,IS
MT,2013-11-07,pre,long,IS
MT,2015-05-07,pre,short,IS
MT,2015-07-31,pre,long,IS
MT,2017-11-10,pre,long,OOS
MTB,2012-10-17,pre,long,IS
MTB,2014-10-17,pre,short,IS
MTB,2019-01-17,pre,long,OOS
MTB,2019-07-18,pre,short,OOS
MTCH,2017-05-02,post,short,OOS
MTCH,2018-08-07,post,long,OOS
MTCH,2019-02-06,post,long,OOS
MTCH,2019-05-07,post,long,OOS
MTCH,2019-08-06,post,long,OOS
MTCH,2020-08-04,post,long,OOS
MTD,2014-02-05,post,long,IS
MTD,2014-11-06,post,long,IS
MTD,2015-02-05,post,long,IS
MTD,2015-05-07,post,long,IS
MTD,2015-11-05,post,long,IS
MTD,2016-11-03,post,long,IS
MTD,2017-02-02,post,long,OOS
MTD,2017-05-04,post,long,OOS
MTD,2018-11-08,post,long,OOS
MTD,2019-02-07,post,long,OOS
MTDR,2019-02-26,post,long,OOS
MTG,2013-04-30,pre,short,IS
MTG,2013-07-23,pre,long,IS
MTG,2013-10-16,pre,long,IS
MTG,2014-01-23,pre,long,IS
MTG,2014-04-22,pre,long,IS
MTG,2014-07-16,pre,short,IS
MTG,2015-01-20,pre,long,IS
MTG,2015-04-21,pre,long,IS
MTG,2015-10-15,pre,long,IS
MTG,2016-07-19,pre,long,IS
MTG,2016-10-18,pre,long,IS
MTG,2017-01-19,pre,long,OOS
MTG,2018-01-18,pre,long,OOS
MTG,2018-07-18,pre,long,OOS
MTG,2018-10-17,pre,long,OOS
MTH,2015-04-23,pre,short,IS
MTH,2015-10-29,pre,short,IS
MTH,2016-01-28,pre,long,IS
MTH,2018-04-25,post,long,OOS
MTH,2018-07-25,post,long,OOS
MTH,2019-01-30,post,long,OOS
MTH,2019-07-24,post,long,OOS
MTN,2012-12-04,pre,short,IS
MTN,2014-06-05,post,long,IS
MTN,2015-03-12,pre,long,IS
MTN,2015-06-08,pre,short,IS
MTN,2015-12-07,pre,long,IS
MTN,2016-06-09,pre,long,IS
MTN,2017-03-10,pre,long,OOS
MTN,2017-06-08,pre,short,OOS
MTN,2018-06-07,pre,long,OOS
MTN,2019-03-08,pre,long,OOS
MTN,2021-03-11,post,long,OOS
MTOR,2014-05-01,pre,long,IS
MTOR,2014-11-12,pre,long,IS
MTOR,2015-07-29,pre,long,IS
MTOR,2017-08-02,pre,long,OOS
MTOR,2018-01-31,pre,long,OOS
MTOR,2018-08-01,pre,long,OOS
MTOR,2018-11-14,pre,long,OOS
MTOR,2019-01-29,pre,long,OOS
MTOR,2019-05-01,pre,long,OOS
MTSI,2015-07-28,post,long,IS
MTSI,2017-01-31,post,long,OOS
MTSI,2017-08-01,post,short,OOS
MTSI,2018-02-06,post,short,OOS
MTW,2012-11-05,pre,short,IS
MTW,2013-01-31,post,long,IS
MTW,2014-01-30,post,long,IS
MTW,2014-05-01,post,short,IS
MTW,2014-07-30,post,short,IS
MTW,2015-07-29,post,short,IS
MTW,2016-01-28,post,long,IS
MTW,2018-05-07,post,long,OOS
MTW,2018-11-05,post,long,OOS
MTX,2014-10-23,post,long,IS
MTZ,2013-05-02,post,long,IS
MTZ,2014-10-30,post,long,IS
MTZ,2015-02-26,post,long,IS
MTZ,2015-05-11,post,short,IS
MTZ,2015-08-17,post,short,IS
MTZ,2016-02-25,post,long,IS
MTZ,2016-08-04,post,long,IS
MTZ,2016-11-03,post,long,IS
MTZ,2017-02-23,post,long,OOS
MTZ,2017-05-04,post,long,OOS
MTZ,2017-08-03,post,long,OOS
MTZ,2017-11-02,post,long,OOS
MTZ,2018-04-30,post,long,OOS
MTZ,2018-11-01,post,long,OOS
MTZ,2019-02-28,post,long,OOS
MTZ,2019-05-02,post,long,OOS
MU,2013-03-21,post,long,IS
MU,2014-01-07,post,long,IS
MU,2015-06-25,post,short,IS
MU,2016-12-21,post,long,IS
MU,2017-03-23,post,long,OOS
MU,2017-09-26,post,long,OOS
MU,2017-12-19,post,long,OOS
MU,2018-06-20,post,long,OOS
MU,2019-03-20,post,long,OOS
MU,2019-06-25,post,long,OOS
MUR,2013-10-30,post,short,IS
MUR,2014-01-29,post,short,IS
MUR,2014-07-30,post,short,IS
MUR,2019-05-02,pre,short,OOS
MUSA,2014-08-06,post,long,IS
MUSA,2016-05-09,pre,long,IS
MUSA,2016-11-02,post,short,IS
MUSA,2017-08-02,post,long,OOS
MUSA,2019-07-31,post,short,OOS
MVIS,2021-04-29,post,short,OOS
MXIM,2013-10-24,post,long,IS
MXIM,2014-07-24,post,short,IS
MXIM,2015-01-22,post,long,IS
MXIM,2015-07-23,post,long,IS
MXIM,2016-10-20,post,long,IS
MXIM,2017-01-26,post,long,OOS
MXIM,2017-10-19,post,long,OOS
MXIM,2018-01-25,post,long,OOS
MXIM,2018-07-26,post,long,OOS
MXIM,2019-07-30,post,short,OOS
MXL,2015-11-03,post,long,IS
MXL,2016-02-08,post,long,IS
MXL,2016-05-09,post,long,IS
MXL,2016-11-07,post,long,IS
MXWL,2014-05-01,post,long,IS
MYGN,2012-11-05,post,long,IS
MYGN,2013-05-07,post,long,IS
MYGN,2013-11-05,post,long,IS
MYGN,2014-02-04,post,long,IS
MYGN,2016-08-09,post,short,IS
MYGN,2016-11-01,post,short,IS
MYGN,2017-02-07,post,long,OOS
MYGN,2017-05-02,post,long,OOS
MYL,2012-10-25,pre,long,IS
MYL,2013-02-27,post,long,IS
MYL,2014-02-27,pre,long,IS
MYL,2014-10-30,post,long,IS
MYL,2016-02-10,post,short,IS
MYL,2017-03-01,pre,long,OOS
MYL,2017-08-09,pre,short,OOS
MYL,2018-08-08,pre,short,OOS
MYL,2018-11-05,post,long,OOS
MYL,2019-02-26,post,short,OOS
NARI,2021-03-09,post,long,OOS
NAT,2015-05-11,pre,long,IS
NAT,2016-11-10,pre,long,IS
NATI,2018-01-30,post,long,OOS
NATI,2018-07-26,post,long,OOS
NATI,2018-10-25,post,long,OOS
NATI,2019-01-29,post,short,OOS
NATI,2019-04-30,post,short,OOS
NATI,2019-07-30,post,short,OOS
NAV,2012-12-19,pre,short,IS
NAV,2013-03-07,pre,long,IS
NAV,2013-06-10,post,short,IS
NAV,2013-12-20,pre,short,IS
NAV,2014-09-03,pre,long,IS
NAV,2014-12-16,pre,short,IS
NAV,2015-03-03,pre,long,IS
NAV,2015-06-04,pre,short,IS
NAV,2015-09-02,pre,short,IS
NAV,2016-06-07,pre,long,IS
NAV,2016-12-20,pre,short,IS
NAV,2017-12-19,pre,long,OOS
NAV,2018-06-05,pre,long,OOS
NAV,2018-09-06,pre,long,OOS
NAV,2018-12-18,pre,long,OOS
NAV,2019-06-04,pre,long,OOS
NAVI,2017-01-24,post,short,OOS
NAVI,2017-07-18,post,long,OOS
NAVI,2018-10-23,post,long,OOS
NAVI,2019-01-22,post,long,OOS
NAVI,2021-04-27,post,long,OOS
NBIX,2016-11-02,post,long,IS
NBIX,2017-11-01,post,long,OOS
NBIX,2018-02-13,post,short,OOS
NBIX,2018-07-31,post,long,OOS
NBIX,2019-07-29,post,long,OOS
NBL,2013-07-25,pre,short,IS
NBL,2017-05-01,post,long,OOS
NBL,2018-08-03,pre,short,OOS
NBL,2019-08-02,pre,long,OOS
NBR,2014-02-18,post,long,IS
NBR,2015-04-21,post,long,IS
NBR,2017-04-26,post,short,OOS
NCLH,2013-10-28,post,long,IS
NCLH,2017-08-08,pre,long,OOS
NCLH,2018-08-09,pre,long,OOS
NCLH,2019-02-21,pre,long,OOS
NCR,2013-02-07,post,long,IS
NCR,2013-04-30,post,long,IS
NCR,2014-07-29,post,long,IS
NCR,2015-07-28,post,long,IS
NCR,2015-10-27,post,long,IS
NCR,2016-10-25,post,long,IS
NCR,2019-07-30,post,long,OOS
NDSN,2012-12-13,post,long,IS
NDSN,2013-02-21,post,short,IS
NDSN,2013-08-22,post,short,IS
NDSN,2014-05-22,post,long,IS
NDSN,2014-08-21,post,long,IS
NDSN,2015-05-19,post,short,IS
NDSN,2015-08-20,post,short,IS
NDSN,2015-12-10,post,short,IS
NDSN,2016-02-22,post,long,IS
NDSN,2016-05-23,post,long,IS
NDSN,2016-08-22,post,long,IS
NDSN,2016-12-13,post,long,IS
NDSN,2017-12-13,post,long,OOS
NDSN,2019-02-20,post,short,OOS
NE,2013-01-23,post,short,IS
NE,2013-04-17,post,long,IS
NE,2013-07-17,post,long,IS
NE,2014-01-22,post,short,IS
NE,2014-04-16,post,long,IS
NE,2017-02-09,post,long,OOS
NEE,2012-10-24,pre,short,IS
NEE,2013-07-30,pre,long,IS
NEE,2013-11-01,pre,long,IS
NEE,2014-04-30,pre,long,IS
NEE,2015-08-03,pre,long,IS
NEE,2020-01-24,pre,short,OOS
NEM,2013-02-21,post,long,IS
NEM,2015-04-23,post,long,IS
NEM,2019-07-25,pre,short,OOS
NEO,2019-04-30,pre,long,OOS
NEO,2019-10-29,pre,long,OOS
NEOG,2019-07-23,pre,long,OOS
NEP,2016-10-31,pre,long,IS
NEP,2020-10-21,pre,long,OOS
NEU,2012-10-25,post,long,IS
NEU,2013-01-28,post,short,IS
NEU,2014-04-23,post,short,IS
NEU,2015-04-22,post,long,IS
NEU,2015-07-28,post,short,IS
NEU,2019-07-31,post,long,OOS
NEWR,2017-11-07,post,long,OOS
NEWR,2018-02-06,post,long,OOS
NEWR,2018-05-08,post,long,OOS
NFG,2014-05-08,post,long,IS
NFG,2016-11-03,post,long,IS
NFG,2018-02-01,post,long,OOS
NFLX,2013-01-23,post,long,IS
NFLX,2013-04-22,post,long,IS
NFLX,2015-01-20,post,long,IS
NFLX,2015-04-15,post,long,IS
NFLX,2016-10-17,post,long,IS
NFLX,2017-01-18,post,long,OOS
NFLX,2018-04-16,post,long,OOS
NFLX,2018-10-16,post,long,OOS
NFX,2017-05-02,post,long,OOS
NFX,2018-10-31,post,long,OOS
NGL,2019-02-11,pre,long,OOS
NGVT,2016-08-03,post,long,IS
NGVT,2018-07-25,post,long,OOS
NGVT,2019-02-13,post,long,OOS
NHI,2014-05-05,pre,short,IS
NHI,2016-02-18,pre,long,IS
NHI,2017-11-08,pre,short,OOS
NI,2014-02-18,pre,long,IS
NI,2015-08-03,pre,short,IS
NI,2018-08-01,pre,short,OOS
NICE,2016-02-11,pre,long,IS
NICE,2017-08-03,pre,long,OOS
NICE,2018-11-08,pre,long,OOS
NICE,2019-02-14,pre,long,OOS
NICE,2019-05-16,pre,long,OOS
NIU,2020-11-23,pre,short,OOS
NJR,2017-05-05,pre,long,OOS
NJR,2018-02-08,pre,long,OOS
NJR,2018-08-07,pre,short,OOS
NJR,2019-02-06,pre,short,OOS
NKE,2013-03-21,post,long,IS
NKE,2013-09-26,post,long,IS
NKE,2014-06-26,post,long,IS
NKE,2015-03-19,post,long,IS
NKE,2015-06-25,post,long,IS
NKE,2015-09-24,post,long,IS
NKE,2016-06-28,post,long,IS
NKE,2016-12-20,post,long,IS
NKE,2017-06-29,post,long,OOS
NKE,2018-03-22,post,long,OOS
NKE,2018-06-28,post,long,OOS
NKE,2018-12-20,post,long,OOS
NKTR,2014-02-26,post,short,IS
NKTR,2014-07-31,post,long,IS
NKTR,2014-11-06,post,long,IS
NKTR,2017-11-07,post,long,OOS
NLNK,2015-07-31,pre,long,IS
NLSN,2013-04-25,pre,long,IS
NLSN,2015-04-22,pre,short,IS
NLSN,2015-07-28,pre,long,IS
NLSN,2016-07-26,pre,short,IS
NLSN,2016-10-25,pre,short,IS
NLSN,2017-04-25,pre,short,OOS
NLSN,2017-10-25,pre,short,OOS
NLSN,2018-04-26,pre,short,OOS
NLSN,2018-07-26,pre,short,OOS
NLSN,2019-07-31,pre,long,OOS
NLY,2014-02-25,post,long,IS
NLY,2014-05-07,post,short,IS
NLY,2014-08-06,post,long,IS
NLY,2015-08-05,post,long,IS
NMIH,2017-11-01,post,long,OOS
NMIH,2019-05-01,post,long,OOS
NMIH,2019-07-31,post,long,OOS
NMIH,2019-11-06,post,long,OOS
NNBR,2015-08-05,post,long,IS
NNN,2015-11-03,pre,short,IS
NOAH,2013-11-18,post,short,IS
NOC,2013-07-24,pre,long,IS
NOC,2015-07-29,pre,long,IS
NOC,2015-10-28,pre,long,IS
NOC,2016-04-27,pre,long,IS
NOC,2016-07-27,pre,long,IS
NOC,2016-10-26,pre,long,IS
NOC,2017-10-25,pre,long,OOS
NOC,2018-10-24,pre,long,OOS
NOG,2014-08-07,post,long,IS
NOK,2013-10-29,pre,long,IS
NOK,2014-04-29,pre,long,IS
NOK,2014-07-24,pre,long,IS
NOK,2014-10-23,pre,long,IS
NOK,2015-07-30,pre,long,IS
NOK,2015-10-29,pre,long,IS
NOK,2017-07-27,pre,long,OOS
NOK,2019-04-25,pre,short,OOS
NOK,2019-07-25,pre,long,OOS
NOMD,2018-08-09,pre,long,OOS
NOMD,2018-11-08,pre,long,OOS
NOMD,2019-08-08,pre,long,OOS
NOV,2013-04-26,pre,short,IS
NOV,2013-07-30,pre,short,IS
NOV,2013-10-25,pre,long,IS
NOV,2016-02-03,pre,short,IS
NOV,2018-10-25,post,short,OOS
NOVT,2018-11-06,pre,long,OOS
NOW,2013-04-24,post,long,IS
NOW,2015-01-28,post,long,IS
NOW,2016-04-20,post,long,IS
NOW,2016-07-27,post,long,IS
NOW,2016-10-26,post,long,IS
NOW,2017-01-25,post,long,OOS
NOW,2017-04-26,post,long,OOS
NOW,2017-07-26,post,long,OOS
NOW,2019-01-30,post,long,OOS
NOW,2019-04-24,post,long,OOS
NRG,2013-11-12,pre,short,IS
NRG,2016-11-04,pre,long,IS
NRG,2018-03-01,pre,long,OOS
NRG,2018-08-02,pre,short,OOS
NRZ,2017-02-21,pre,long,OOS
NRZ,2017-07-31,pre,long,OOS
NRZ,2017-10-27,pre,long,OOS
NS,2013-04-24,pre,short,IS
NS,2014-10-31,pre,long,IS
NS,2017-07-28,pre,short,OOS
NS,2018-02-08,pre,short,OOS
NS,2018-11-05,pre,long,OOS
NSA,2018-08-06,post,short,OOS
NSA,2019-08-01,post,short,OOS
NSC,2013-07-23,post,short,IS
NSC,2014-01-22,pre,long,IS
NSC,2014-10-22,pre,short,IS
NSC,2016-04-21,post,long,IS
NSC,2018-04-25,pre,long,OOS
NSC,2019-04-24,pre,long,OOS
NSC,2019-07-24,pre,short,OOS
NSIT,2018-11-07,pre,short,OOS
NSP,2018-08-01,pre,long,OOS
NSP,2019-02-11,pre,long,OOS
NSP,2019-07-29,pre,short,OOS
NTAP,2012-11-14,post,long,IS
NTAP,2013-05-21,post,long,IS
NTAP,2014-08-13,post,long,IS
NTAP,2015-02-11,post,short,IS
NTAP,2015-05-20,post,short,IS
NTAP,2015-08-19,post,long,IS
NTAP,2016-05-25,post,short,IS
NTAP,2016-08-17,post,long,IS
NTAP,2016-11-16,post,long,IS
NTAP,2017-02-15,post,long,OOS
NTAP,2017-11-15,post,long,OOS
NTAP,2019-05-22,post,short,OOS
NTB,2018-10-23,post,short,OOS
NTCT,2014-07-17,pre,long,IS
NTCT,2015-10-29,pre,long,IS
NTCT,2016-07-28,pre,long,IS
NTCT,2017-10-26,pre,long,OOS
NTCT,2018-05-03,pre,short,OOS
NTCT,2018-11-01,pre,long,OOS
NTES,2012-11-14,post,short,IS
NTES,2013-02-06,post,long,IS
NTES,2013-08-14,post,long,IS
NTES,2013-11-13,post,short,IS
NTES,2015-05-13,post,long,IS
NTES,2015-11-11,post,long,IS
NTES,2016-05-11,post,long,IS
NTES,2017-02-15,post,long,OOS
NTES,2017-05-10,post,long,OOS
NTES,2017-08-09,post,short,OOS
NTES,2018-05-16,post,short,OOS
NTES,2019-05-15,post,long,OOS
NTGR,2013-02-12,post,short,IS
NTGR,2014-04-24,post,long,IS
NTGR,2016-02-04,post,long,IS
NTGR,2016-07-27,post,long,IS
NTGR,2017-07-26,post,long,OOS
NTGR,2019-02-06,post,short,OOS
NTNX,2017-05-25,post,long,OOS
NTNX,2017-08-31,post,long,OOS
NTNX,2017-11-30,post,long,OOS
NTNX,2018-11-27,post,long,OOS
NTR,2019-07-29,post,short,OOS
NTRA,2019-08-07,post,long,OOS
NTRA,2020-05-06,post,long,OOS
NTRI,2017-07-26,post,long,OOS
NTRI,2018-04-30,post,long,OOS
NTRS,2012-07-18,pre,short,IS
NTRS,2013-01-16,pre,short,IS
NTRS,2013-07-17,pre,short,IS
NTRS,2014-04-15,pre,short,IS
NTRS,2014-10-22,pre,short,IS
NTRS,2015-01-21,pre,long,IS
NTRS,2015-04-21,pre,long,IS
NTRS,2015-10-21,pre,short,IS
NTRS,2017-01-18,pre,short,OOS
NTRS,2017-07-19,pre,short,OOS
NTRS,2017-10-18,pre,long,OOS
NTRS,2018-07-18,pre,long,OOS
NTRS,2018-10-17,pre,short,OOS
NTRS,2019-01-23,pre,long,OOS
NUAN,2013-02-07,post,short,IS
NUAN,2013-04-30,pre,short,IS
NUAN,2014-11-24,post,long,IS
NUAN,2015-05-07,post,long,IS
NUAN,2015-11-16,post,long,IS
NUAN,2016-02-09,post,long,IS
NUAN,2016-11-17,post,long,IS
NUAN,2017-05-09,post,long,OOS
NUAN,2017-11-28,post,long,OOS
NUAN,2018-05-09,post,short,OOS
NUAN,2019-05-08,post,long,OOS
NUE,2014-07-24,pre,long,IS
NUE,2016-01-28,pre,long,IS
NUE,2019-01-29,pre,long,OOS
NUS,2013-05-02,pre,long,IS
NUS,2013-08-01,pre,long,IS
NUS,2013-10-22,pre,long,IS
NUS,2014-08-06,pre,short,IS
NUS,2015-05-06,post,short,IS
NUS,2015-08-06,post,long,IS
NUS,2016-02-11,post,short,IS
NUS,2017-02-16,post,short,OOS
NUS,2018-08-02,post,long,OOS
NUS,2018-11-07,post,short,OOS
NUS,2019-04-30,post,long,OOS
NUVA,2014-07-29,post,long,IS
NUVA,2015-05-04,post,long,IS
NUVA,2015-07-28,post,long,IS
NUVA,2016-02-11,post,long,IS
NUVA,2016-04-26,post,long,IS
NUVA,2016-10-25,post,short,IS
NUVA,2017-10-24,post,long,OOS
NUVA,2018-05-01,post,short,OOS
NUVA,2018-10-30,post,short,OOS
NUVA,2019-07-30,post,long,OOS
NVAX,2014-03-10,post,long,IS
NVAX,2015-02-26,post,short,IS
NVAX,2015-08-10,post,long,IS
NVAX,2015-11-09,pre,short,IS
NVCR,2017-10-26,pre,long,OOS
NVCR,2018-07-26,pre,short,OOS
NVDA,2014-02-12,post,long,IS
NVDA,2014-08-07,post,long,IS
NVDA,2015-02-11,post,long,IS
NVDA,2015-05-07,post,short,IS
NVDA,2015-08-06,post,long,IS
NVDA,2015-11-05,post,long,IS
NVDA,2016-02-17,post,long,IS
NVDA,2016-05-12,post,long,IS
NVDA,2016-08-11,post,long,IS
NVDA,2016-11-10,post,long,IS
NVDA,2017-02-09,post,long,OOS
NVDA,2017-05-09,post,long,OOS
NVDA,2017-11-09,post,long,OOS
NVDA,2018-02-08,post,long,OOS
NVDA,2018-11-15,post,short,OOS
NVDA,2019-02-14,post,long,OOS
NVDA,2019-08-15,post,long,OOS
NVDA,2020-02-13,post,long,OOS
NVO,2016-02-03,pre,short,IS
NVO,2017-02-02,pre,short,OOS
NVO,2018-02-01,pre,short,OOS
NVR,2013-04-22,pre,short,IS
NVR,2015-01-26,pre,short,IS
NVR,2016-10-20,pre,short,IS
NVR,2017-07-21,pre,long,OOS
NVR,2017-10-19,pre,long,OOS
NVR,2018-01-25,pre,short,OOS
NVR,2018-04-19,pre,long,OOS
NVRO,2015-11-09,post,long,IS
NVRO,2016-08-08,post,long,IS
NVRO,2017-05-08,post,short,OOS
NVRO,2018-05-07,post,short,OOS
NVRO,2018-11-05,post,short,OOS
NVRO,2019-05-09,post,short,OOS
NVRO,2019-08-08,post,long,OOS
NVS,2014-04-24,pre,short,IS
NVS,2015-01-27,pre,long,IS
NVS,2015-04-23,pre,long,IS
NVS,2015-10-27,pre,short,IS
NVS,2016-01-27,pre,short,IS
NVS,2017-01-25,pre,long,OOS
NVS,2017-04-25,pre,long,OOS
NVS,2017-07-18,pre,long,OOS
NVS,2018-01-24,pre,long,OOS
NVS,2019-01-30,pre,short,OOS
NVS,2019-04-24,pre,long,OOS
NVT,2019-08-01,pre,short,OOS
NVT,2019-10-30,pre,long,OOS
NVT,2020-02-05,pre,long,OOS
NVTA,2019-02-19,post,long,OOS
NVTA,2020-08-04,post,short,OOS
NWE,2015-04-23,pre,short,IS
NWE,2015-07-23,pre,long,IS
NWE,2016-02-11,pre,short,IS
NWE,2017-07-25,post,short,OOS
NWE,2017-11-01,post,long,OOS
NWE,2019-02-11,post,long,OOS
NWE,2020-02-12,post,long,OOS
NWL,2012-10-26,pre,long,IS
NWL,2013-07-26,pre,long,IS
NWL,2014-07-31,pre,long,IS
NWL,2015-05-01,pre,long,IS
NWL,2015-07-31,pre,long,IS
NWL,2016-04-29,pre,long,IS
NWL,2016-07-29,pre,long,IS
NWL,2017-05-08,pre,long,OOS
NWL,2017-11-02,pre,short,OOS
NWL,2018-11-02,pre,long,OOS
NWL,2019-05-03,pre,long,OOS
NWL,2019-08-02,pre,long,OOS
NWS,2014-02-06,post,long,IS
NWS,2015-08-12,post,long,IS
NWSA,2013-11-11,post,short,IS
NWSA,2014-02-06,post,long,IS
NWSA,2014-05-08,post,long,IS
NWSA,2014-08-07,post,short,IS
NWSA,2014-11-05,post,long,IS
NWSA,2015-05-05,post,short,IS
NWSA,2015-08-12,post,long,IS
NWSA,2016-02-04,post,short,IS
NWSA,2016-05-05,post,short,IS
NWSA,2017-11-09,post,long,OOS
NWSA,2018-11-07,post,long,OOS
NXPI,2013-10-23,post,long,IS
NXPI,2014-07-23,post,long,IS
NXPI,2015-07-29,post,long,IS
NXPI,2016-04-25,post,long,IS
NXPI,2018-02-07,post,long,OOS
NXPI,2018-05-02,post,short,OOS
NXPI,2018-10-31,post,long,OOS
NXST,2013-08-07,pre,short,IS
NXST,2014-08-07,pre,long,IS
NXST,2014-11-07,pre,short,IS
NXST,2015-02-26,pre,long,IS
NXST,2015-08-06,pre,long,IS
NXST,2017-05-09,pre,long,OOS
NXST,2018-02-27,pre,long,OOS
NYCB,2014-07-23,pre,long,IS
NYCB,2019-04-30,pre,long,OOS
NYT,2012-10-25,pre,short,IS
NYT,2014-07-29,pre,short,IS
NYT,2015-10-29,pre,long,IS
NYT,2017-11-01,pre,long,OOS
NYT,2019-02-06,pre,long,OOS
O,2015-10-28,post,short,IS
OAK,2014-10-30,pre,short,IS
OAK,2016-10-28,pre,long,IS
OAK,2017-02-07,pre,long,OOS
OAK,2019-04-25,pre,long,OOS
OAS,2013-05-07,post,long,IS
OAS,2014-02-25,post,short,IS
OAS,2014-05-05,post,long,IS
OAS,2014-08-05,post,short,IS
OAS,2014-11-04,post,short,IS
OAS,2015-08-04,post,long,IS
OAS,2017-02-22,post,long,OOS
OAS,2017-11-07,post,long,OOS
OAS,2018-02-27,post,long,OOS
OAS,2018-08-06,post,long,OOS
OC,2013-02-20,pre,short,IS
OC,2013-04-24,pre,long,IS
OC,2014-02-12,pre,long,IS
OC,2014-04-23,pre,short,IS
OC,2014-10-22,pre,long,IS
OC,2015-04-22,pre,long,IS
OC,2015-10-21,pre,long,IS
OC,2016-07-27,pre,long,IS
OC,2017-02-08,pre,long,OOS
OC,2017-07-26,pre,long,OOS
OC,2017-10-25,pre,short,OOS
OC,2018-04-25,pre,short,OOS
OC,2018-07-25,pre,short,OOS
OC,2018-10-24,pre,short,OOS
OC,2019-04-24,pre,short,OOS
OC,2019-07-24,pre,long,OOS
OCN,2013-10-31,pre,short,IS
OCN,2014-05-01,pre,short,IS
OCN,2014-07-31,pre,short,IS
OCN,2015-07-30,post,short,IS
OCUL,2021-03-11,post,short,OOS
ODFL,2013-02-07,pre,short,IS
ODFL,2013-04-25,pre,long,IS
ODFL,2013-07-25,pre,long,IS
ODFL,2016-04-28,pre,short,IS
ODFL,2017-04-27,pre,long,OOS
ODFL,2017-07-27,pre,long,OOS
ODFL,2018-10-25,pre,long,OOS
ODP,2014-02-25,pre,short,IS
ODP,2014-11-04,pre,long,IS
ODP,2017-05-09,pre,long,OOS
ODP,2017-08-09,pre,short,OOS
OEC,2018-08-02,post,long,OOS
OFC,2014-02-07,pre,short,IS
OFC,2014-07-25,pre,short,IS
OFC,2016-04-29,pre,short,IS
OGE,2013-11-06,pre,long,IS
OGE,2018-02-22,pre,long,OOS
OGS,2014-08-04,post,short,IS
OGS,2017-07-31,post,short,OOS
OGS,2017-10-30,post,long,OOS
OGS,2018-02-21,post,short,OOS
OGS,2018-04-30,post,long,OOS
OGS,2019-02-20,post,short,OOS
OHI,2017-10-30,post,short,OOS
OHI,2018-02-13,post,short,OOS
OHI,2019-02-11,post,short,OOS
OI,2012-10-24,post,long,IS
OI,2016-10-25,post,long,IS
OI,2017-04-24,post,long,OOS
OI,2019-02-05,post,short,OOS
OI,2019-05-01,post,short,OOS
OI,2019-07-31,post,short,OOS
OII,2013-04-23,post,long,IS
OII,2014-02-18,post,long,IS
OII,2014-04-23,post,long,IS
OII,2014-10-29,post,long,IS
OII,2017-10-25,post,short,OOS
OII,2018-04-25,post,short,OOS
OII,2019-04-29,post,long,OOS
OII,2019-07-24,post,short,OOS
OIS,2014-10-30,post,long,IS
OIS,2016-04-27,post,short,IS
OIS,2016-10-27,post,long,IS
OIS,2017-04-26,post,short,OOS
OKE,2013-04-30,post,short,IS
OKE,2014-02-24,post,short,IS
OKE,2014-05-06,post,long,IS
OKE,2014-08-05,post,short,IS
OKE,2019-02-25,post,short,OOS
OKTA,2017-12-06,post,long,OOS
OKTA,2018-06-06,post,long,OOS
OKTA,2018-09-06,post,long,OOS
OKTA,2019-05-30,post,long,OOS
OKTA,2020-12-02,post,long,OOS
OLED,2013-08-08,post,long,IS
OLED,2013-11-07,post,long,IS
OLED,2014-02-27,post,short,IS
OLED,2014-05-08,post,long,IS
OLED,2015-02-26,post,short,IS
OLED,2015-08-06,post,short,IS
OLED,2015-11-05,post,long,IS
OLED,2016-02-25,post,short,IS
OLED,2016-08-04,post,short,IS
OLED,2017-02-23,post,long,OOS
OLED,2017-05-04,post,long,OOS
OLED,2017-11-02,post,long,OOS
OLED,2018-08-09,post,long,OOS
OLED,2018-11-01,post,short,OOS
OLED,2019-02-21,post,long,OOS
OLED,2019-05-02,post,long,OOS
OLLI,2016-08-31,post,long,IS
OLLI,2017-03-28,post,long,OOS
OLN,2014-01-27,post,short,IS
OLN,2016-05-02,post,short,IS
OLN,2017-01-31,post,long,OOS
OLN,2018-07-31,post,long,OOS
OMC,2013-02-12,pre,long,IS
OMC,2014-02-11,pre,long,IS
OMC,2014-10-21,pre,long,IS
OMC,2017-10-17,pre,long,OOS
OMC,2018-10-16,pre,long,OOS
OMC,2019-02-12,pre,long,OOS
OMCL,2018-07-26,post,long,OOS
OMCL,2019-02-07,post,long,OOS
OMCL,2019-04-25,post,long,OOS
OMCL,2019-07-25,post,long,OOS
OMER,2017-08-08,post,long,OOS
OMER,2017-11-09,post,long,OOS
OMF,2018-02-14,post,long,OOS
OMF,2018-05-02,post,long,OOS
OMF,2019-02-11,post,long,OOS
OMF,2019-07-29,post,long,OOS
OMI,2013-04-23,post,long,IS
OMI,2013-11-04,post,short,IS
OMI,2014-04-28,post,short,IS
OMI,2014-07-28,post,short,IS
OMI,2015-10-27,post,long,IS
OMI,2016-02-08,post,long,IS
OMI,2017-05-02,post,short,OOS
OMI,2018-08-07,pre,short,OOS
OMI,2021-02-24,pre,long,OOS
ON,2015-05-03,pre,long,IS
ON,2016-05-08,pre,long,IS
ON,2016-08-06,pre,long,IS
ON,2016-11-06,pre,short,IS
ON,2017-02-12,pre,long,OOS
ON,2018-07-29,pre,long,OOS
ON,2018-10-28,pre,long,OOS
ONB,2017-07-25,pre,long,OOS
ONB,2018-04-23,pre,long,OOS
ONB,2019-01-22,pre,short,OOS
ONCE,2015-08-05,pre,short,IS
ONEM,2020-05-13,post,short,OOS
ONEM,2020-08-12,post,long,OOS
ONEM,2020-11-10,post,long,OOS
OPK,2015-11-09,post,long,IS
OPK,2016-08-08,post,long,IS
OPK,2017-05-09,post,short,OOS
OPK,2017-11-08,post,short,OOS
ORA,2018-05-07,post,short,OOS
ORBK,2018-02-14,pre,long,OOS
ORCL,2012-12-18,post,long,IS
ORCL,2013-03-20,post,short,IS
ORCL,2013-12-18,post,long,IS
ORCL,2014-03-18,post,short,IS
ORCL,2014-06-19,post,short,IS
ORCL,2014-09-18,post,short,IS
ORCL,2014-12-17,post,long,IS
ORCL,2015-06-17,post,short,IS
ORCL,2016-03-15,post,long,IS
ORCL,2016-09-15,post,short,IS
ORCL,2017-03-15,post,long,OOS
ORCL,2017-06-21,post,long,OOS
ORCL,2018-12-17,post,long,OOS
ORCL,2019-06-19,post,long,OOS
ORI,2013-04-25,pre,long,IS
ORI,2013-10-24,pre,long,IS
ORI,2014-07-24,pre,short,IS
ORI,2015-04-23,pre,long,IS
ORLY,2012-10-24,post,long,IS
ORLY,2013-02-06,post,long,IS
ORLY,2013-04-24,post,long,IS
ORLY,2014-02-05,post,long,IS
ORLY,2014-07-23,post,long,IS
ORLY,2014-10-22,post,long,IS
ORLY,2015-02-04,post,long,IS
ORLY,2015-04-22,post,long,IS
ORLY,2015-07-29,post,long,IS
ORLY,2015-10-28,post,long,IS
ORLY,2016-10-26,post,short,IS
ORLY,2017-07-26,post,long,OOS
ORLY,2018-04-25,post,long,OOS
ORLY,2018-07-25,post,long,OOS
ORLY,2019-07-24,post,short,OOS
OSIS,2014-08-25,pre,long,IS
OSIS,2016-01-27,post,short,IS
OSIS,2016-04-27,post,short,IS
OSIS,2017-01-26,post,long,OOS
OSIS,2017-10-26,post,long,OOS
OSK,2013-01-25,pre,long,IS
OSK,2013-07-30,pre,long,IS
OSK,2014-01-28,pre,long,IS
OSK,2014-04-29,pre,short,IS
OSK,2014-07-29,pre,short,IS
OSK,2015-07-30,pre,short,IS
OSK,2015-10-29,pre,short,IS
OSK,2016-04-28,pre,long,IS
OSK,2016-11-01,pre,long,IS
OSK,2017-08-02,pre,long,OOS
OSK,2017-10-31,pre,long,OOS
OSK,2018-01-25,pre,long,OOS
OSK,2018-04-26,pre,long,OOS
OSK,2018-07-31,pre,long,OOS
OSK,2018-11-01,pre,long,OOS
OSK,2019-01-30,pre,long,OOS
OSTK,2013-07-18,pre,long,IS
OSTK,2017-11-08,post,long,OOS
OSTK,2018-03-15,post,short,OOS
OSTK,2020-04-30,pre,long,OOS
OSUR,2017-08-02,post,long,OOS
OTEX,2014-07-30,post,long,IS
OTEX,2015-01-27,post,short,IS
OTEX,2015-04-28,post,short,IS
OTEX,2015-07-29,post,long,IS
OTEX,2016-02-09,post,long,IS
OTEX,2016-04-27,post,short,IS
OTEX,2016-07-27,post,short,IS
OTEX,2017-05-08,post,short,OOS
OTEX,2017-08-03,post,long,OOS
OTEX,2017-11-02,post,long,OOS
OTEX,2018-01-31,post,long,OOS
OTEX,2018-05-09,post,short,OOS
OTEX,2018-08-02,post,long,OOS
OTEX,2019-01-31,post,long,OOS
OTEX,2019-05-01,post,long,OOS
OTRK,2020-11-05,post,short,OOS
OUT,2017-02-22,post,short,OOS
OUT,2017-05-03,post,short,OOS
OUT,2017-11-06,post,short,OOS
OUT,2018-08-08,post,short,OOS
OUT,2019-05-07,post,long,OOS
OXM,2018-12-12,post,short,OOS
OXM,2019-06-12,post,long,OOS
OXY,2012-10-25,pre,long,IS
OXY,2015-05-06,pre,long,IS
OXY,2018-05-08,post,long,OOS
OXY,2018-08-08,post,short,OOS
OXY,2018-11-05,post,long,OOS
OXY,2019-11-04,post,short,OOS
OZK,2019-04-17,post,long,OOS
OZM,2014-02-06,pre,long,IS
P,2014-04-24,post,short,IS
P,2014-07-24,post,short,IS
PAA,2013-08-05,post,short,IS
PAA,2014-05-07,post,short,IS
PAA,2017-02-07,post,short,OOS
PAA,2017-05-08,post,short,OOS
PAA,2017-08-07,post,short,OOS
PAA,2018-08-07,post,long,OOS
PAA,2019-02-05,post,long,OOS
PAAS,2013-11-14,pre,long,IS
PAAS,2017-08-09,post,long,OOS
PAAS,2018-05-09,post,long,OOS
PAAS,2018-08-08,post,long,OOS
PAAS,2019-02-20,post,short,OOS
PACB,2016-04-21,post,long,IS
PAG,2015-02-11,pre,short,IS
PAG,2016-04-26,pre,long,IS
PAG,2017-10-25,pre,long,OOS
PAG,2018-07-26,pre,long,OOS
PAG,2019-07-30,pre,short,OOS
PAGP,2017-05-08,post,short,OOS
PAGP,2017-08-07,post,short,OOS
PAGP,2018-05-08,post,short,OOS
PAGP,2018-11-06,post,long,OOS
PAGP,2019-02-05,post,long,OOS
PAGS,2018-08-30,post,long,OOS
PAGS,2019-02-21,post,long,OOS
PAH,2017-02-28,pre,long,OOS
PANW,2013-11-25,post,long,IS
PANW,2014-02-24,pre,long,IS
PANW,2014-05-28,post,long,IS
PANW,2015-05-27,post,long,IS
PANW,2015-09-09,post,long,IS
PANW,2015-11-23,post,long,IS
PANW,2017-05-31,post,long,OOS
PANW,2017-08-31,post,long,OOS
PANW,2017-11-20,post,long,OOS
PANW,2018-02-26,post,long,OOS
PANW,2018-09-06,post,long,OOS
PANW,2018-11-29,post,long,OOS
PANW,2019-02-26,post,long,OOS
PANW,2019-09-04,post,long,OOS
PATK,2018-04-26,pre,long,OOS
PATK,2019-02-14,pre,long,OOS
PAYC,2015-02-10,post,long,IS
PAYC,2015-08-04,post,long,IS
PAYC,2015-11-03,post,long,IS
PAYC,2016-02-09,post,long,IS
PAYC,2016-05-03,post,long,IS
PAYC,2016-08-02,post,long,IS
PAYC,2017-02-08,post,long,OOS
PAYC,2017-05-02,post,long,OOS
PAYC,2018-07-31,post,long,OOS
PAYC,2019-02-05,post,long,OOS
PAYC,2019-07-30,post,long,OOS
PAYX,2013-12-18,post,long,IS
PAYX,2014-03-26,post,long,IS
PAYX,2017-10-03,pre,long,OOS
PAYX,2018-03-26,pre,long,OOS
PB,2012-10-24,pre,long,IS
PB,2017-07-26,pre,short,OOS
PBA,2017-08-01,post,short,OOS
PBA,2018-02-22,post,long,OOS
PBA,2019-08-01,post,long,OOS
PBCT,2017-10-19,post,long,OOS
PBCT,2018-01-18,post,long,OOS
PBCT,2018-10-18,post,short,OOS
PBF,2013-05-02,pre,short,IS
PBF,2014-10-30,pre,long,IS
PBF,2019-08-01,pre,short,OOS
PBF,2019-10-31,pre,long,OOS
PBH,2014-02-06,pre,short,IS
PBH,2015-05-14,pre,long,IS
PBH,2016-08-04,pre,long,IS
PBH,2017-02-02,pre,long,OOS
PBH,2017-05-11,pre,short,OOS
PBH,2018-05-10,pre,long,OOS
PBI,2012-11-01,post,short,IS
PBI,2013-01-31,pre,long,IS
PBI,2013-07-30,pre,long,IS
PBI,2014-01-30,pre,long,IS
PBI,2016-02-02,pre,short,IS
PBI,2016-05-03,pre,short,IS
PBI,2016-08-02,pre,short,IS
PBI,2016-11-01,pre,short,IS
PBI,2017-02-01,pre,short,OOS
PBI,2017-05-02,pre,long,OOS
PBI,2017-08-01,pre,short,OOS
PBI,2017-11-01,pre,short,OOS
PBI,2018-01-31,pre,long,OOS
PBI,2018-11-01,pre,long,OOS
PBI,2019-02-05,pre,short,OOS
PBI,2019-05-01,pre,short,OOS
PBPB,2013-11-12,post,long,IS
PBR,2012-10-26,post,short,IS
PBYI,2018-08-09,post,long,OOS
PCAR,2013-07-23,pre,long,IS
PCAR,2015-04-21,pre,long,IS
PCAR,2015-07-28,pre,long,IS
PCAR,2016-01-29,pre,short,IS
PCAR,2016-04-26,pre,long,IS
PCAR,2016-10-25,pre,short,IS
PCAR,2017-01-31,pre,short,OOS
PCAR,2018-07-24,pre,long,OOS
PCAR,2019-01-29,pre,long,OOS
PCAR,2019-07-23,pre,short,OOS
PCG,2014-05-01,pre,short,IS
PCG,2015-04-29,pre,long,IS
PCG,2017-02-16,pre,long,OOS
PCH,2013-07-24,pre,long,IS
PCH,2018-01-29,post,short,OOS
PCH,2018-05-03,post,long,OOS
PCH,2019-04-29,post,long,OOS
PCRX,2014-02-25,pre,long,IS
PCRX,2014-10-30,pre,short,IS
PCRX,2015-10-27,pre,long,IS
PCRX,2016-02-25,pre,short,IS
PCRX,2016-08-04,pre,long,IS
PCRX,2017-03-01,pre,long,OOS
PCRX,2017-11-08,pre,long,OOS
PCRX,2019-02-28,pre,long,OOS
PCRX,2019-08-08,pre,long,OOS
PCTY,2016-02-04,post,long,IS
PCTY,2016-08-09,post,long,IS
PCTY,2017-02-02,post,long,OOS
PCTY,2018-05-03,post,long,OOS
PCTY,2019-08-08,post,long,OOS
PD,2019-12-05,post,short,OOS
PDCE,2013-08-01,pre,short,IS
PDCE,2013-10-31,pre,short,IS
PDCE,2014-02-20,pre,long,IS
PDCE,2016-05-06,pre,short,IS
PDCE,2018-02-26,post,long,OOS
PDCE,2018-08-08,post,short,OOS
PDCE,2019-05-01,post,short,OOS
PDCO,2012-11-20,pre,short,IS
PDCO,2013-08-22,pre,short,IS
PDCO,2014-05-22,pre,short,IS
PDCO,2014-11-20,pre,long,IS
PDCO,2015-05-21,pre,long,IS
PDCO,2015-11-24,pre,short,IS
PDCO,2016-11-22,pre,short,IS
PDCO,2017-08-24,pre,long,OOS
PDCO,2017-11-21,pre,short,OOS
PDCO,2018-03-01,pre,short,OOS
PDCO,2018-08-30,pre,short,OOS
PDCO,2018-12-06,pre,long,OOS
PDCO,2019-08-29,pre,long,OOS
PDD,2019-03-13,pre,short,OOS
PDD,2019-08-21,pre,long,OOS
PDLI,2013-08-08,post,long,IS
PDM,2013-05-02,post,short,IS
PDM,2014-07-30,post,short,IS
PDM,2015-04-29,post,short,IS
PDM,2017-02-08,post,short,OOS
PDM,2018-05-01,post,long,OOS
PDM,2018-08-01,post,short,OOS
PE,2014-08-12,post,long,IS
PE,2016-05-04,post,long,IS
PE,2016-08-03,post,long,IS
PE,2017-05-04,post,long,OOS
PE,2017-08-02,post,short,OOS
PE,2018-05-03,post,long,OOS
PE,2018-08-07,post,short,OOS
PEB,2015-10-22,post,short,IS
PEB,2017-02-23,post,short,OOS
PEB,2017-07-27,post,short,OOS
PEG,2015-02-20,pre,long,IS
PEG,2017-10-31,pre,short,OOS
PEG,2019-02-27,pre,long,OOS
PEGA,2017-08-09,post,short,OOS
PEGA,2017-11-08,post,short,OOS
PEGA,2018-02-26,post,long,OOS
PEGA,2019-02-20,post,long,OOS
PEGI,2015-08-10,pre,long,IS
PEGI,2016-08-05,pre,long,IS
PEGI,2016-11-07,pre,long,IS
PEGI,2018-05-10,pre,long,OOS
PEGI,2018-08-09,pre,long,OOS
PEGI,2019-03-01,pre,short,OOS
PEGI,2019-05-10,pre,short,OOS
PEI,2017-04-25,post,short,OOS
PEIX,2015-05-11,post,short,IS
PEN,2016-08-09,post,long,IS
PEN,2018-05-08,post,long,OOS
PENN,2012-10-18,pre,long,IS
PENN,2013-01-31,pre,short,IS
PENN,2014-04-24,pre,short,IS
PENN,2016-07-28,pre,long,IS
PENN,2016-10-27,pre,long,IS
PENN,2017-02-02,pre,long,OOS
PENN,2017-07-27,pre,short,OOS
PENN,2018-04-26,pre,long,OOS
PENN,2018-11-01,pre,short,OOS
PENN,2019-08-01,pre,long,OOS
PEP,2013-02-14,pre,long,IS
PEP,2013-04-18,pre,long,IS
PEP,2013-10-16,pre,long,IS
PEP,2014-04-17,pre,long,IS
PEP,2014-07-23,pre,long,IS
PEP,2014-10-09,pre,long,IS
PEP,2015-02-11,pre,long,IS
PEP,2015-07-09,pre,long,IS
PEP,2015-10-06,pre,long,IS
PEP,2016-07-07,pre,long,IS
PEP,2016-09-29,pre,long,IS
PEP,2018-07-10,pre,long,OOS
PEP,2019-04-17,pre,long,OOS
PEP,2019-10-03,pre,long,OOS
PERI,2021-02-09,pre,long,OOS
PES,2014-10-28,pre,short,IS
PETQ,2018-11-13,post,long,OOS
PETQ,2021-05-05,post,long,OOS
PETS,2017-07-24,pre,long,OOS
PETS,2017-10-23,pre,long,OOS
PETS,2018-01-22,pre,long,OOS
PETS,2018-07-23,pre,short,OOS
PFE,2013-04-30,pre,short,IS
PFE,2014-01-28,pre,long,IS
PFE,2015-07-28,pre,long,IS
PFE,2016-05-03,pre,long,IS
PFE,2016-11-01,pre,short,IS
PFE,2019-04-30,pre,long,OOS
PFG,2013-07-25,post,long,IS
PFG,2014-04-24,post,long,IS
PFG,2016-02-01,post,short,IS
PFG,2018-01-29,post,short,OOS
PFG,2019-01-29,post,short,OOS
PFGC,2017-11-08,pre,long,OOS
PFGC,2018-08-15,pre,short,OOS
PFGC,2018-11-07,pre,long,OOS
PFGC,2019-05-08,pre,short,OOS
PFGC,2019-08-14,pre,long,OOS
PFPT,2014-01-30,post,long,IS
PFPT,2014-04-30,post,long,IS
PFPT,2015-01-29,post,long,IS
PFPT,2015-10-21,post,long,IS
PFPT,2016-04-21,post,long,IS
PFPT,2016-07-21,post,long,IS
PFPT,2016-10-20,post,long,IS
PFPT,2017-04-20,post,long,OOS
PFPT,2019-01-31,post,long,OOS
PFPT,2019-07-25,post,long,OOS
PG,2012-10-25,pre,long,IS
PG,2013-01-25,pre,long,IS
PG,2013-08-01,pre,long,IS
PG,2014-01-24,pre,long,IS
PG,2014-08-01,pre,long,IS
PG,2015-10-23,pre,long,IS
PG,2016-10-25,pre,long,IS
PG,2017-01-20,pre,long,OOS
PG,2017-07-27,pre,long,OOS
PG,2018-10-19,pre,long,OOS
PG,2019-01-23,pre,long,OOS
PG,2019-07-30,pre,long,OOS
PGR,2015-04-15,pre,long,IS
PGR,2016-01-27,pre,long,IS
PGR,2016-04-14,pre,short,IS
PGR,2016-10-13,pre,long,IS
PGR,2018-10-16,pre,long,OOS
PGR,2019-07-17,pre,short,OOS
PGRE,2017-02-22,post,short,OOS
PGRE,2017-08-03,post,long,OOS
PGRE,2017-11-06,post,short,OOS
PGRE,2018-08-01,post,short,OOS
PGTI,2018-11-01,pre,long,OOS
PH,2012-10-19,pre,short,IS
PH,2013-08-06,pre,short,IS
PH,2013-10-18,pre,long,IS
PH,2014-01-22,pre,short,IS
PH,2014-08-06,pre,short,IS
PH,2014-10-28,pre,long,IS
PH,2016-01-26,pre,long,IS
PH,2016-08-04,pre,long,IS
PH,2017-02-02,pre,long,OOS
PH,2017-11-02,pre,long,OOS
PHM,2013-07-25,pre,short,IS
PHM,2013-10-24,pre,long,IS
PHM,2014-01-30,pre,long,IS
PHM,2015-04-23,pre,short,IS
PHM,2015-10-22,pre,short,IS
PHM,2016-07-21,pre,long,IS
PHM,2017-01-26,pre,long,OOS
PHM,2018-04-24,pre,long,OOS
PI,2017-11-01,post,short,OOS
PII,2014-07-22,pre,long,IS
PII,2015-04-23,pre,long,IS
PII,2015-07-22,pre,short,IS
PII,2016-01-26,pre,short,IS
PII,2017-04-25,pre,long,OOS
PII,2017-07-20,pre,long,OOS
PII,2017-10-24,pre,long,OOS
PII,2019-07-23,pre,long,OOS
PINC,2016-02-08,post,long,IS
PINC,2016-08-22,post,short,IS
PINC,2016-11-07,post,long,IS
PINC,2017-08-21,post,short,OOS
PINC,2018-02-05,post,long,OOS
PINC,2018-08-21,pre,long,OOS
PINS,2019-05-16,post,short,OOS
PINS,2019-08-01,post,long,OOS
PINS,2020-02-06,post,long,OOS
PIR,2012-12-13,pre,long,IS
PIR,2013-04-11,pre,short,IS
PIR,2013-09-19,pre,short,IS
PIR,2014-06-19,pre,short,IS
PIR,2014-09-17,post,short,IS
PIR,2015-04-08,post,long,IS
PIR,2015-09-24,post,short,IS
PIR,2016-06-29,post,short,IS
PIR,2016-12-14,post,long,IS
PJC,2014-10-23,pre,long,IS
PK,2017-05-03,post,long,OOS
PK,2018-08-01,post,long,OOS
PKG,2012-10-15,post,short,IS
PKG,2013-01-22,pre,short,IS
PKG,2013-07-16,post,long,IS
PKG,2013-10-14,post,long,IS
PKG,2014-02-11,post,long,IS
PKG,2014-07-21,post,long,IS
PKG,2015-04-20,post,short,IS
PKG,2015-07-21,post,long,IS
PKG,2015-10-20,post,short,IS
PKG,2016-04-20,post,long,IS
PKG,2017-01-30,post,long,OOS
PKG,2017-04-26,post,long,OOS
PKI,2012-10-25,post,long,IS
PKI,2013-04-25,post,short,IS
PKI,2013-08-01,post,long,IS
PKI,2014-01-30,post,long,IS
PKI,2016-02-04,post,short,IS
PKI,2016-05-05,post,long,IS
PKI,2017-02-02,post,short,OOS
PKI,2018-08-01,post,long,OOS
PKI,2018-10-31,post,short,OOS
PKI,2019-07-29,post,short,OOS
PLAN,2019-02-25,pre,long,OOS
PLAN,2019-11-21,pre,long,OOS
PLAY,2015-09-08,post,long,IS
PLAY,2015-12-08,post,long,IS
PLAY,2016-06-07,post,long,IS
PLAY,2016-12-06,post,long,IS
PLAY,2017-12-05,post,long,OOS
PLAY,2018-06-11,post,long,OOS
PLAY,2018-09-14,pre,long,OOS
PLAY,2019-04-02,post,long,OOS
PLCE,2013-05-23,pre,long,IS
PLCE,2013-08-22,pre,long,IS
PLCE,2014-05-22,pre,long,IS
PLCE,2014-08-21,pre,long,IS
PLCE,2014-11-20,pre,long,IS
PLCE,2015-03-12,pre,long,IS
PLCE,2015-12-08,pre,long,IS
PLCE,2016-03-15,pre,long,IS
PLCE,2016-05-17,pre,long,IS
PLCE,2016-08-17,pre,long,IS
PLCE,2016-11-17,pre,long,IS
PLCE,2017-03-08,pre,long,OOS
PLCE,2017-05-18,pre,long,OOS
PLCE,2017-11-15,pre,long,OOS
PLCE,2018-05-17,pre,short,OOS
PLCE,2018-12-06,pre,short,OOS
PLD,2012-10-23,pre,short,IS
PLD,2014-04-22,pre,short,IS
PLMR,2020-02-18,post,short,OOS
PLNT,2017-05-02,post,long,OOS
PLNT,2017-08-09,post,long,OOS
PLNT,2017-11-07,post,long,OOS
PLNT,2018-02-22,post,long,OOS
PLNT,2018-08-09,post,long,OOS
PLNT,2018-11-06,post,long,OOS
PLNT,2019-02-26,post,long,OOS
PLNT,2019-11-07,post,long,OOS
PLNT,2021-05-06,post,short,OOS
PLT,2018-08-07,post,long,OOS
PLT,2019-02-05,post,long,OOS
PLUG,2014-11-12,pre,short,IS
PM,2015-04-16,pre,long,IS
PM,2016-04-19,pre,short,IS
PM,2016-07-19,pre,short,IS
PM,2016-10-18,pre,long,IS
PM,2017-04-20,pre,short,OOS
PM,2017-07-20,pre,short,OOS
PM,2017-10-19,pre,short,OOS
PM,2019-02-07,pre,long,OOS
PMT,2014-05-07,post,short,IS
PMT,2014-08-06,post,long,IS
PMT,2015-08-05,post,short,IS
PMT,2016-02-03,post,short,IS
PNC,2013-01-17,pre,long,IS
PNC,2013-10-16,pre,long,IS
PNC,2014-01-16,pre,long,IS
PNC,2016-04-14,pre,short,IS
PNC,2016-07-15,pre,long,IS
PNC,2016-10-14,pre,long,IS
PNFP,2017-07-18,post,long,OOS
PNFP,2018-10-16,post,long,OOS
PNM,2014-10-31,pre,long,IS
PNM,2015-10-30,pre,long,IS
PNM,2018-07-31,pre,long,OOS
PNM,2019-08-02,pre,short,OOS
PNR,2013-04-23,pre,long,IS
PNR,2014-01-28,pre,long,IS
PNR,2014-10-21,pre,long,IS
PNR,2015-10-20,pre,long,IS
PNR,2016-04-26,pre,long,IS
PNR,2018-01-30,pre,short,OOS
PNR,2019-01-29,pre,long,OOS
PNR,2019-07-23,pre,long,OOS
PNR,2021-04-22,pre,long,OOS
PNW,2013-08-02,pre,long,IS
PNW,2015-07-30,pre,short,IS
PODD,2014-02-27,post,long,IS
PODD,2015-02-26,post,short,IS
PODD,2015-04-30,post,short,IS
PODD,2015-08-12,post,short,IS
PODD,2016-04-28,post,long,IS
PODD,2016-08-03,post,long,IS
PODD,2016-11-03,post,long,IS
PODD,2017-02-27,post,short,OOS
PODD,2017-11-02,post,long,OOS
PODD,2019-02-25,post,long,OOS
PODD,2019-05-02,post,long,OOS
POL,2013-05-01,post,long,IS
POL,2015-07-27,pre,short,IS
POL,2016-02-03,pre,short,IS
POL,2016-04-26,pre,long,IS
POL,2020-01-28,pre,long,OOS
POOL,2015-04-23,pre,long,IS
POOL,2016-04-21,pre,long,IS
POOL,2017-02-16,pre,long,OOS
POOL,2017-04-20,pre,long,OOS
POOL,2017-07-20,pre,short,OOS
POOL,2018-02-15,pre,long,OOS
POOL,2018-10-18,pre,long,OOS
POOL,2019-02-14,pre,short,OOS
POOL,2021-04-22,pre,long,OOS
POR,2017-02-17,pre,long,OOS
POR,2019-08-02,pre,short,OOS
POST,2014-02-06,post,short,IS
POST,2014-08-07,post,short,IS
POST,2015-08-06,post,long,IS
POST,2016-05-05,post,long,IS
POST,2017-05-08,post,short,OOS
POST,2018-02-01,post,long,OOS
POST,2019-01-31,post,long,OOS
POWI,2014-02-03,post,long,IS
POWI,2014-04-29,post,short,IS
POWI,2014-07-29,post,long,IS
PPBI,2018-07-24,pre,short,OOS
PPBI,2019-04-23,pre,long,OOS
PPC,2015-04-29,post,long,IS
PPC,2015-07-29,post,long,IS
PPC,2015-10-28,post,short,IS
PPC,2016-02-10,post,short,IS
PPC,2016-10-26,post,short,IS
PPC,2017-08-02,post,long,OOS
PPC,2017-11-07,post,long,OOS
PPC,2018-08-01,post,short,OOS
PPC,2018-10-31,post,short,OOS
PPC,2019-07-31,post,long,OOS
PPD,2020-05-06,post,long,OOS
PPG,2013-04-18,pre,long,IS
PPG,2013-10-17,pre,long,IS
PPG,2014-04-17,pre,long,IS
PPG,2015-04-16,pre,long,IS
PPG,2019-04-18,pre,long,OOS
PPG,2021-04-15,post,long,OOS
PPL,2016-11-01,pre,long,IS
PPL,2019-08-06,pre,long,OOS
PRA,2013-05-06,post,long,IS
PRA,2014-02-20,post,short,IS
PRA,2016-02-23,post,short,IS
PRAA,2014-02-19,post,long,IS
PRAA,2014-08-05,post,short,IS
PRAA,2015-08-10,post,short,IS
PRAA,2015-11-05,post,short,IS
PRAA,2016-05-09,post,short,IS
PRAA,2017-02-28,post,short,OOS
PRAA,2017-08-08,post,short,OOS
PRAH,2016-02-24,post,long,IS
PRAH,2016-07-28,post,long,IS
PRAH,2017-08-07,post,long,OOS
PRAH,2017-10-25,post,long,OOS
PRAH,2018-08-01,post,long,OOS
PRAH,2019-07-31,post,long,OOS
PRGO,2013-02-01,pre,long,IS
PRGO,2013-05-07,pre,short,IS
PRGO,2013-10-31,pre,long,IS
PRGO,2014-05-07,pre,short,IS
PRGO,2014-08-14,pre,long,IS
PRGO,2016-02-18,pre,short,IS
PRGO,2016-08-10,pre,short,IS
PRGO,2017-08-10,pre,long,OOS
PRGO,2017-11-09,pre,long,OOS
PRGS,2018-01-10,post,long,OOS
PRGS,2018-03-28,post,long,OOS
PRGS,2018-06-27,post,long,OOS
PRGS,2019-06-27,post,long,OOS
PRI,2016-11-09,post,long,IS
PRI,2017-05-09,post,short,OOS
PRI,2018-02-07,post,long,OOS
PRI,2018-05-08,post,short,OOS
PRI,2019-02-07,post,long,OOS
PRLB,2013-02-13,pre,long,IS
PRLB,2014-05-01,pre,long,IS
PRLB,2014-10-23,pre,short,IS
PRLB,2015-02-05,pre,long,IS
PRLB,2015-07-23,pre,long,IS
PRLB,2016-04-28,pre,short,IS
PRLB,2016-07-28,pre,short,IS
PRLB,2017-04-27,pre,long,OOS
PRLB,2017-07-27,pre,long,OOS
PRLB,2018-10-25,pre,long,OOS
PRLB,2019-02-07,pre,short,OOS
PRLB,2019-04-25,pre,short,OOS
PRO,2019-07-25,post,long,OOS
PRPL,2021-03-04,pre,short,OOS
PRSP,2019-02-13,post,long,OOS
PRSP,2019-08-14,post,long,OOS
PRSP,2019-11-13,post,long,OOS
PRTA,2017-02-14,post,short,OOS
PRTS,2020-08-10,post,long,OOS
PRTY,2018-08-09,pre,long,OOS
PRTY,2018-11-08,pre,short,OOS
PRTY,2019-02-28,pre,short,OOS
PRTY,2019-05-09,pre,long,OOS
PRTY,2019-08-08,pre,short,OOS
PRU,2017-08-02,post,short,OOS
PRU,2019-02-06,post,short,OOS
PRU,2019-05-01,post,short,OOS
PRU,2019-07-31,post,short,OOS
PS,2019-10-30,post,long,OOS
PSA,2014-05-01,post,short,IS
PSA,2017-07-26,post,short,OOS
PSA,2017-10-25,post,short,OOS
PSA,2018-08-01,post,short,OOS
PSB,2019-04-30,post,long,OOS
PSEC,2013-05-06,post,short,IS
PSEC,2013-08-21,post,long,IS
PSEC,2014-08-25,post,short,IS
PSEC,2016-02-09,post,long,IS
PSEC,2016-11-08,post,short,IS
PSEC,2017-05-09,post,short,OOS
PSEC,2017-08-28,post,short,OOS
PSEC,2018-02-07,post,long,OOS
PSMT,2013-07-10,post,short,IS
PSMT,2015-04-09,post,short,IS
PSMT,2016-01-07,post,short,IS
PSMT,2018-07-05,post,short,OOS
PSN,2019-06-18,pre,long,OOS
PSTG,2015-12-02,post,long,IS
PSTG,2017-05-24,post,long,OOS
PSTG,2017-08-24,post,long,OOS
PSTG,2018-08-21,post,long,OOS
PSTG,2019-02-28,post,short,OOS
PSTG,2019-05-21,post,short,OOS
PSTG,2019-08-21,post,long,OOS
PSX,2013-01-30,pre,long,IS
PSX,2017-04-28,pre,long,OOS
PSX,2019-02-08,pre,long,OOS
PTC,2014-01-22,post,long,IS
PTC,2015-04-29,post,long,IS
PTC,2016-01-20,post,long,IS
PTC,2018-01-17,post,long,OOS
PTCT,2018-08-07,post,long,OOS
PTCT,2018-11-05,post,short,OOS
PTCT,2019-02-28,post,short,OOS
PTEN,2013-02-07,pre,long,IS
PTEN,2014-02-06,pre,long,IS
PTEN,2018-07-26,pre,short,OOS
PTLA,2017-05-08,post,long,OOS
PTLA,2017-08-09,post,short,OOS
PTLA,2017-11-06,post,long,OOS
PTLA,2018-08-09,pre,short,OOS
PTLA,2018-11-07,post,long,OOS
PTLA,2019-03-01,pre,long,OOS
PUMP,2018-03-26,post,short,OOS
PUMP,2018-05-08,post,long,OOS
PUMP,2019-08-08,post,short,OOS
PVG,2019-05-02,post,long,OOS
PVH,2012-08-27,post,long,IS
PVH,2013-06-12,post,long,IS
PVH,2014-06-04,post,short,IS
PVH,2014-09-03,post,long,IS
PVH,2015-06-01,post,long,IS
PVH,2015-08-26,post,long,IS
PVH,2016-03-23,post,long,IS
PVH,2016-05-25,post,long,IS
PVH,2017-03-22,post,long,OOS
PVH,2017-05-24,post,long,OOS
PVH,2017-08-23,post,long,OOS
PVH,2018-03-28,post,long,OOS
PVH,2019-03-27,post,long,OOS
PWR,2012-10-31,pre,long,IS
PWR,2013-05-02,pre,long,IS
PWR,2013-08-01,pre,long,IS
PWR,2014-02-20,pre,long,IS
PWR,2014-11-05,pre,long,IS
PWR,2015-08-05,pre,short,IS
PWR,2016-02-25,pre,long,IS
PWR,2016-08-04,pre,short,IS
PWR,2018-02-22,pre,long,OOS
PWR,2018-05-03,pre,long,OOS
PXD,2013-02-13,post,short,IS
PXD,2014-05-06,post,long,IS
PXD,2015-02-10,post,short,IS
PXD,2015-11-02,post,long,IS
PXD,2016-04-25,post,long,IS
PXD,2016-11-01,post,short,IS
PXD,2018-02-06,post,long,OOS
PXD,2018-11-06,post,long,OOS
PXD,2019-02-13,post,short,OOS
PYPL,2016-01-27,post,long,IS
PYPL,2016-04-27,post,long,IS
PYPL,2017-04-26,post,long,OOS
PYPL,2017-07-26,post,long,OOS
PYPL,2017-10-19,post,long,OOS
PYPL,2018-04-25,post,long,OOS
PYPL,2018-10-18,post,long,OOS
PYPL,2019-10-23,post,long,OOS
PZZA,2014-08-05,post,short,IS
PZZA,2015-05-05,post,long,IS
PZZA,2015-08-04,post,short,IS
PZZA,2016-11-01,post,long,IS
PZZA,2017-08-01,post,long,OOS
PZZA,2018-02-27,post,short,OOS
PZZA,2018-05-08,post,short,OOS
QCOM,2012-11-07,post,long,IS
QCOM,2013-01-30,post,long,IS
QCOM,2013-11-06,post,short,IS
QCOM,2014-01-29,post,long,IS
QCOM,2014-11-05,post,short,IS
QCOM,2016-07-20,post,long,IS
QCOM,2018-07-25,post,long,OOS
QD,2018-05-21,pre,short,OOS
QD,2019-11-18,pre,short,OOS
QDEL,2018-05-08,post,long,OOS
QDEL,2019-02-13,post,long,OOS
QEP,2012-10-30,post,short,IS
QEP,2013-04-30,post,short,IS
QEP,2013-11-05,post,short,IS
QEP,2014-02-25,post,short,IS
QEP,2014-05-07,post,long,IS
QEP,2015-02-24,post,short,IS
QEP,2015-10-28,post,long,IS
QEP,2018-02-28,post,long,OOS
QGEN,2013-01-29,post,long,IS
QGEN,2015-01-28,post,short,IS
QGEN,2015-10-28,post,short,IS
QGEN,2016-07-28,post,long,IS
QGEN,2016-11-02,post,long,IS
QGEN,2017-05-02,post,long,OOS
QGEN,2018-01-31,post,long,OOS
QGEN,2018-05-02,post,long,OOS
QGEN,2018-07-31,post,long,OOS
QGEN,2018-10-29,post,long,OOS
QIWI,2014-05-21,pre,long,IS
QIWI,2014-11-11,pre,long,IS
QLYS,2018-02-12,post,long,OOS
QLYS,2019-05-01,post,long,OOS
QRTEA,2019-02-27,post,short,OOS
QRTEA,2019-05-09,post,short,OOS
QRVO,2015-05-06,post,long,IS
QRVO,2015-11-05,post,long,IS
QRVO,2016-05-04,post,long,IS
QRVO,2016-11-03,post,short,IS
QRVO,2018-01-31,post,long,OOS
QRVO,2019-05-07,post,long,OOS
QSR,2015-07-27,pre,long,IS
QSR,2016-02-16,pre,long,IS
QSR,2017-02-13,pre,long,OOS
QSR,2017-10-26,pre,long,OOS
QSR,2018-02-12,pre,long,OOS
QSR,2018-04-24,pre,long,OOS
QSR,2018-10-24,pre,short,OOS
QSR,2019-02-11,pre,long,OOS
QSR,2019-04-29,pre,short,OOS
QTS,2018-02-20,post,short,OOS
QTS,2019-02-25,post,short,OOS
QTT,2019-03-05,post,short,OOS
QTWO,2018-11-06,post,long,OOS
R,2012-10-23,pre,long,IS
R,2016-04-26,pre,long,IS
R,2017-02-02,pre,short,OOS
R,2017-04-25,pre,short,OOS
R,2017-07-26,pre,long,OOS
R,2020-02-13,pre,short,OOS
RACE,2016-11-07,pre,long,IS
RACE,2019-01-31,pre,long,OOS
RACE,2019-05-07,pre,long,OOS
RAD,2014-04-10,pre,long,IS
RAD,2014-12-18,pre,long,IS
RAD,2020-04-16,pre,short,OOS
RAD,2020-12-17,pre,long,OOS
RAMP,2019-02-11,post,long,OOS
RAMP,2019-05-28,post,long,OOS
RAMP,2020-02-05,post,long,OOS
RARE,2019-02-19,post,long,OOS
RAVN,2021-03-22,post,short,OOS
RBA,2013-11-05,pre,long,IS
RBA,2015-05-07,post,long,IS
RBA,2015-08-06,post,long,IS
RBA,2016-08-08,post,short,IS
RBA,2017-02-21,pre,long,OOS
RBA,2017-05-04,post,short,OOS
RBA,2019-02-28,post,short,OOS
RBC,2012-10-29,post,short,IS
RBC,2013-02-04,post,long,IS
RBC,2013-04-30,post,short,IS
RBC,2013-07-30,post,short,IS
RBC,2014-05-05,post,long,IS
RBC,2016-08-08,post,short,IS
RBC,2016-11-07,pre,long,IS
RBC,2017-11-06,pre,short,OOS
RBC,2018-05-07,post,long,OOS
RBC,2019-02-04,post,long,OOS
RCI,2013-04-22,post,short,IS
RCI,2014-02-12,pre,short,IS
RCI,2014-10-23,pre,short,IS
RCI,2015-04-20,post,short,IS
RCI,2015-10-22,pre,long,IS
RCI,2016-01-27,pre,short,IS
RCI,2017-04-18,post,long,OOS
RCI,2018-04-19,post,long,OOS
RCI,2019-04-18,pre,short,OOS
RCI,2019-07-23,pre,short,OOS
RCII,2013-10-21,post,short,IS
RCII,2014-01-27,post,short,IS
RCII,2014-04-21,post,long,IS
RCII,2015-02-02,post,short,IS
RCII,2015-04-27,post,long,IS
RCII,2016-02-01,post,short,IS
RCII,2017-05-01,post,long,OOS
RCII,2017-07-26,post,short,OOS
RCII,2018-02-20,post,short,OOS
RCII,2018-04-30,post,short,OOS
RCII,2019-02-25,post,long,OOS
RCL,2012-10-25,pre,long,IS
RCL,2013-04-25,pre,long,IS
RCL,2013-10-24,pre,long,IS
RCL,2014-01-27,pre,long,IS
RCL,2014-07-24,pre,long,IS
RCL,2015-01-29,pre,short,IS
RCL,2015-07-31,pre,long,IS
RCL,2016-04-29,pre,long,IS
RCL,2016-10-28,pre,long,IS
RCL,2017-01-26,pre,long,OOS
RCL,2017-04-28,pre,long,OOS
RCL,2017-08-01,pre,long,OOS
RCL,2017-11-07,pre,long,OOS
RCL,2019-01-30,pre,long,OOS
RDC,2016-02-26,pre,long,IS
RDC,2017-11-01,pre,long,OOS
RDC,2018-02-28,pre,short,OOS
RDFN,2018-05-10,post,short,OOS
RDFN,2019-08-01,post,long,OOS
RDFN,2019-11-06,post,long,OOS
RDFN,2020-02-12,post,long,OOS
RDN,2013-02-11,pre,short,IS
RDN,2014-08-07,pre,long,IS
RDN,2014-10-30,pre,long,IS
RDN,2015-02-12,pre,short,IS
RDN,2015-10-27,pre,short,IS
RDN,2017-04-27,pre,short,OOS
RDUS,2018-11-01,pre,long,OOS
RE,2013-07-23,post,long,IS
RE,2013-10-23,post,short,IS
RE,2014-07-23,post,short,IS
RE,2015-07-27,post,short,IS
RE,2016-04-25,post,short,IS
RE,2016-07-25,post,long,IS
RE,2016-10-24,post,long,IS
RE,2017-04-24,post,long,OOS
RE,2018-07-30,post,short,OOS
RE,2018-10-29,post,long,OOS
REAL,2019-08-13,post,long,OOS
REAL,2020-11-09,post,short,OOS
REAL,2021-02-22,post,short,OOS
REG,2014-11-03,post,short,IS
REGI,2020-08-04,post,long,OOS
REGI,2021-05-03,post,long,OOS
REGN,2012-10-24,pre,long,IS
REGN,2013-05-03,pre,long,IS
REGN,2013-11-05,pre,long,IS
REGN,2014-11-04,pre,short,IS
REGN,2015-08-04,pre,long,IS
REGN,2016-02-09,pre,short,IS
REGN,2016-05-05,pre,long,IS
REGN,2017-08-03,pre,long,OOS
REGN,2017-11-08,pre,long,OOS
RES,2013-04-24,pre,short,IS
RES,2014-07-23,pre,long,IS
RES,2014-10-29,pre,short,IS
RES,2015-04-29,pre,short,IS
RES,2015-07-29,pre,short,IS
RES,2016-10-26,pre,long,IS
RES,2017-01-25,pre,long,OOS
RES,2017-04-26,pre,long,OOS
RES,2018-01-24,pre,short,OOS
RES,2019-04-24,pre,short,OOS
RES,2019-07-24,pre,short,OOS
RESI,2013-10-22,pre,long,IS
RESI,2014-02-20,pre,long,IS
RESI,2014-07-22,pre,long,IS
RESI,2014-11-04,pre,short,IS
RETA,2019-02-28,pre,long,OOS
REVG,2018-03-07,post,long,OOS
REXR,2017-10-31,post,short,OOS
REXR,2018-02-13,post,short,OOS
RF,2013-04-23,pre,long,IS
RF,2013-10-22,pre,short,IS
RF,2016-04-15,pre,long,IS
RF,2018-10-23,pre,short,OOS
RGA,2012-10-17,post,short,IS
RGA,2013-01-31,post,long,IS
RGA,2013-07-18,post,short,IS
RGA,2014-07-24,post,long,IS
RGA,2014-10-27,post,long,IS
RGA,2015-04-23,post,short,IS
RGA,2016-04-28,post,short,IS
RGA,2017-01-30,post,long,OOS
RGA,2017-04-27,post,short,OOS
RGA,2017-10-26,post,long,OOS
RGA,2018-01-29,post,short,OOS
RGA,2018-04-26,post,short,OOS
RGA,2018-10-25,post,long,OOS
RGA,2019-07-29,post,short,OOS
RGEN,2017-08-03,pre,long,OOS
RGEN,2017-11-09,pre,long,OOS
RGEN,2018-08-02,pre,short,OOS
RGNX,2018-08-08,pre,short,OOS
RGR,2013-07-31,post,long,IS
RGR,2014-07-29,post,short,IS
RGR,2014-10-29,post,short,IS
RGR,2016-05-02,post,long,IS
RGR,2017-05-08,post,long,OOS
RGR,2017-10-31,post,short,OOS
RH,2013-06-13,post,long,IS
RH,2014-06-11,post,long,IS
RH,2014-12-10,post,long,IS
RH,2015-06-11,post,long,IS
RH,2015-09-10,post,long,IS
RH,2016-06-08,post,short,IS
RH,2016-09-08,post,long,IS
RH,2017-09-06,post,long,OOS
RH,2018-03-27,post,long,OOS
RH,2018-06-11,post,long,OOS
RH,2018-12-03,post,long,OOS
RHI,2012-10-18,post,long,IS
RHI,2013-04-23,post,short,IS
RHI,2013-07-23,post,long,IS
RHI,2014-07-22,post,long,IS
RHI,2014-10-21,post,long,IS
RHI,2016-07-26,post,short,IS
RHI,2017-01-26,post,short,OOS
RHI,2017-07-25,post,short,OOS
RHI,2018-01-30,post,long,OOS
RHI,2018-04-24,post,long,OOS
RHI,2018-07-24,post,long,OOS
RHI,2019-01-29,post,long,OOS
RHI,2021-04-21,post,long,OOS
RHP,2013-02-12,pre,short,IS
RHP,2013-08-06,pre,short,IS
RHP,2014-08-05,pre,short,IS
RHP,2015-08-04,pre,short,IS
RHP,2016-05-03,pre,short,IS
RHT,2013-06-19,post,long,IS
RHT,2013-12-19,post,long,IS
RHT,2014-06-18,post,long,IS
RHT,2014-12-18,post,long,IS
RHT,2015-03-25,post,long,IS
RHT,2015-12-17,post,long,IS
RHT,2016-09-21,post,long,IS
RHT,2017-06-20,post,long,OOS
RHT,2017-09-25,post,long,OOS
RHT,2018-03-26,post,long,OOS
RIG,2012-11-04,pre,long,IS
RIG,2013-11-06,post,long,IS
RIG,2014-05-07,post,long,IS
RIG,2014-08-06,post,long,IS
RJF,2013-04-24,post,short,IS
RJF,2014-01-22,post,long,IS
RJF,2014-07-23,post,long,IS
RJF,2014-10-29,post,long,IS
RJF,2016-04-20,post,long,IS
RJF,2016-10-26,post,long,IS
RJF,2020-01-22,post,short,OOS
RL,2012-11-02,pre,long,IS
RL,2013-02-06,pre,long,IS
RL,2013-11-06,pre,long,IS
RL,2014-02-05,pre,long,IS
RL,2014-10-29,pre,long,IS
RL,2015-02-04,pre,short,IS
RL,2015-08-05,pre,long,IS
RL,2015-11-05,pre,long,IS
RL,2016-05-12,pre,long,IS
RL,2016-08-10,pre,long,IS
RL,2017-05-18,pre,long,OOS
RL,2017-08-08,pre,long,OOS
RL,2017-11-02,pre,long,OOS
RL,2018-05-23,pre,long,OOS
RL,2018-07-31,pre,long,OOS
RL,2019-02-05,pre,long,OOS
RL,2019-07-30,pre,long,OOS
RLGY,2013-11-04,pre,long,IS
RLGY,2014-05-05,pre,short,IS
RLGY,2015-07-31,pre,short,IS
RLGY,2016-08-04,pre,short,IS
RLGY,2017-02-24,pre,long,OOS
RLGY,2017-11-03,pre,short,OOS
RLGY,2018-11-02,pre,short,OOS
RLGY,2019-02-26,pre,short,OOS
RLGY,2019-05-02,pre,short,OOS
RLGY,2019-08-08,pre,long,OOS
RLI,2017-01-25,post,long,OOS
RLJ,2015-08-05,post,short,IS
RLJ,2017-02-22,post,long,OOS
RLJ,2018-08-07,post,short,OOS
RMD,2013-01-24,post,long,IS
RMD,2013-08-01,post,long,IS
RMD,2013-10-24,post,short,IS
RMD,2014-01-23,post,short,IS
RMD,2014-07-31,post,short,IS
RMD,2015-01-22,post,long,IS
RMD,2016-01-21,post,long,IS
RMD,2016-04-26,post,short,IS
RMD,2016-10-25,post,short,IS
RMD,2017-01-23,post,long,OOS
RMD,2017-10-26,post,long,OOS
RMD,2018-01-22,post,long,OOS
RMD,2019-05-02,post,long,OOS
RMD,2019-07-25,post,long,OOS
RNG,2015-07-30,post,long,IS
RNG,2017-08-02,post,long,OOS
RNG,2018-02-12,post,long,OOS
RNG,2018-05-09,post,long,OOS
RNG,2018-08-06,post,long,OOS
RNG,2019-02-11,post,long,OOS
RNG,2020-02-10,post,long,OOS
RNR,2012-11-01,post,short,IS
RNR,2013-02-06,post,long,IS
RNR,2013-11-05,post,long,IS
RNR,2014-02-04,post,long,IS
RNR,2014-07-29,post,short,IS
RNR,2016-04-26,post,short,IS
RNR,2017-01-31,post,long,OOS
RNR,2017-05-02,post,short,OOS
RNR,2017-07-25,post,long,OOS
RNR,2017-10-31,post,short,OOS
RNR,2018-01-31,post,long,OOS
RNR,2018-05-01,post,long,OOS
RNR,2018-07-24,post,long,OOS
RNR,2019-07-23,post,long,OOS
RNST,2017-01-17,post,long,OOS
ROG,2017-11-02,post,long,OOS
ROG,2018-02-27,post,short,OOS
ROG,2019-04-30,post,long,OOS
ROIC,2018-07-25,post,short,OOS
ROK,2013-01-30,pre,short,IS
ROK,2013-07-30,pre,long,IS
ROK,2013-11-07,pre,long,IS
ROK,2014-04-29,pre,short,IS
ROK,2014-07-30,pre,short,IS
ROK,2015-04-30,pre,long,IS
ROK,2015-11-10,pre,short,IS
ROK,2016-11-07,pre,long,IS
ROK,2017-01-25,pre,long,OOS
ROK,2017-11-08,pre,short,OOS
ROK,2018-07-25,pre,long,OOS
ROK,2019-01-29,pre,long,OOS
ROK,2019-04-25,pre,short,OOS
ROKU,2018-05-09,post,long,OOS
ROKU,2018-08-08,post,long,OOS
ROKU,2019-02-21,post,long,OOS
ROKU,2019-05-08,post,long,OOS
ROKU,2019-08-07,post,long,OOS
ROKU,2020-02-13,post,long,OOS
ROKU,2020-05-07,post,short,OOS
ROL,2018-01-24,pre,long,OOS
ROL,2019-01-23,pre,short,OOS
ROL,2019-04-24,pre,short,OOS
ROLL,2018-02-06,pre,long,OOS
ROP,2013-10-28,pre,short,IS
ROP,2014-04-28,pre,long,IS
ROP,2015-01-26,pre,long,IS
ROP,2015-04-27,pre,long,IS
ROP,2016-02-01,pre,short,IS
ROP,2016-07-25,pre,short,IS
ROP,2018-07-26,pre,long,OOS
ROP,2018-10-26,pre,long,OOS
ROP,2019-02-01,pre,long,OOS
ROP,2019-04-25,pre,long,OOS
ROSE,2014-05-05,post,short,IS
ROSE,2014-08-04,post,short,IS
ROSE,2015-02-23,post,short,IS
ROST,2013-08-22,post,long,IS
ROST,2014-08-21,post,long,IS
ROST,2014-11-20,post,long,IS
ROST,2015-02-26,post,long,IS
ROST,2015-11-19,post,long,IS
ROST,2016-03-01,post,long,IS
ROST,2016-08-18,post,long,IS
ROST,2016-11-17,post,long,IS
ROST,2017-05-18,post,long,OOS
ROST,2017-08-17,post,long,OOS
ROST,2017-11-16,post,long,OOS
RP,2017-02-27,post,long,OOS
RP,2017-08-02,post,long,OOS
RP,2018-05-03,post,long,OOS
RP,2018-11-01,post,long,OOS
RPAI,2013-11-04,post,short,IS
RPAI,2015-02-17,post,short,IS
RPAI,2018-07-31,post,short,OOS
RPD,2018-11-06,post,long,OOS
RPD,2019-02-07,post,long,OOS
RPD,2019-08-01,pre,long,OOS
RPM,2013-01-08,pre,short,IS
RPM,2013-10-09,pre,long,IS
RPM,2014-04-03,pre,long,IS
RPM,2014-07-28,pre,long,IS
RPM,2015-01-07,pre,short,IS
RPM,2015-04-08,pre,long,IS
RPM,2016-07-28,pre,long,IS
RPM,2017-01-05,pre,short,OOS
RPM,2017-07-24,pre,short,OOS
RPM,2017-10-04,pre,long,OOS
RPM,2018-01-04,pre,long,OOS
RPM,2018-04-05,pre,long,OOS
RPM,2018-07-19,pre,short,OOS
RPM,2019-04-04,pre,long,OOS
RPM,2019-07-22,pre,long,OOS
RRC,2013-07-24,post,long,IS
RRC,2014-04-28,post,short,IS
RRC,2015-02-24,post,long,IS
RRC,2015-10-28,post,long,IS
RRC,2018-02-27,post,long,OOS
RRC,2018-10-23,post,long,OOS
RRD,2013-02-26,pre,long,IS
RRD,2013-04-25,pre,long,IS
RRD,2014-02-25,post,long,IS
RRGB,2014-11-04,pre,long,IS
RRGB,2015-02-13,pre,short,IS
RRGB,2015-05-19,pre,long,IS
RRGB,2016-02-12,pre,long,IS
RRGB,2017-05-16,post,long,OOS
RRGB,2017-08-08,post,long,OOS
RRGB,2017-11-06,post,short,OOS
RRGB,2018-02-22,post,long,OOS
RRGB,2018-05-22,post,short,OOS
RRR,2018-05-01,post,long,OOS
RRR,2018-07-31,post,long,OOS
RRR,2019-08-06,post,short,OOS
RRR,2019-11-05,post,short,OOS
RS,2014-07-24,pre,short,IS
RS,2015-10-22,pre,long,IS
RS,2016-10-20,pre,short,IS
RS,2017-10-26,pre,long,OOS
RS,2018-02-15,pre,long,OOS
RS,2018-04-26,pre,long,OOS
RS,2019-04-25,pre,long,OOS
RS,2019-07-25,pre,long,OOS
RSG,2012-11-01,post,short,IS
RSG,2013-02-07,post,short,IS
RSG,2013-10-31,post,long,IS
RSG,2016-10-27,post,long,IS
RSG,2018-02-08,post,long,OOS
RSG,2018-05-02,post,long,OOS
RTN,2015-07-23,pre,long,IS
RTN,2019-07-25,pre,long,OOS
RUN,2018-05-09,post,long,OOS
RUN,2018-08-09,post,short,OOS
RUN,2018-11-07,post,short,OOS
RUN,2019-05-08,post,short,OOS
RUSHA,2018-04-23,post,long,OOS
RWT,2013-05-02,post,long,IS
RWT,2013-08-07,post,long,IS
RXN,2017-05-17,post,long,OOS
RXN,2018-01-31,post,long,OOS
RXN,2018-10-30,post,long,OOS
RXN,2019-01-30,post,long,OOS
RXN,2019-05-08,post,long,OOS
RY,2014-05-22,pre,long,IS
RY,2015-02-25,pre,long,IS
RYAM,2014-07-30,pre,short,IS
RYAM,2018-08-02,post,long,OOS
RYAM,2018-11-05,post,short,OOS
RYN,2014-01-27,pre,long,IS
RYN,2014-07-29,pre,short,IS
RYN,2017-11-01,post,long,OOS
RYN,2018-02-07,post,long,OOS
RYN,2019-02-06,post,short,OOS
S,2014-02-11,pre,long,IS
S,2014-11-03,post,short,IS
S,2017-08-01,pre,long,OOS
S,2018-02-02,pre,long,OOS
S,2018-10-31,pre,long,OOS
SABR,2015-08-04,pre,long,IS
SABR,2016-11-02,pre,short,IS
SABR,2017-02-07,pre,short,OOS
SABR,2017-08-01,pre,long,OOS
SABR,2017-10-31,pre,long,OOS
SABR,2018-05-01,pre,long,OOS
SABR,2019-08-01,pre,long,OOS
SAFM,2013-05-30,pre,long,IS
SAFM,2013-12-17,pre,short,IS
SAFM,2014-02-25,pre,long,IS
SAFM,2014-05-29,pre,long,IS
SAFM,2014-08-26,pre,short,IS
SAFM,2015-05-28,pre,short,IS
SAFM,2017-02-23,pre,short,OOS
SAFM,2017-05-25,pre,long,OOS
SAFM,2017-08-24,pre,long,OOS
SAFM,2017-12-14,pre,short,OOS
SAFM,2018-05-24,pre,short,OOS
SAFM,2019-02-26,pre,long,OOS
SAGE,2016-08-09,pre,short,IS
SAGE,2016-11-03,pre,long,IS
SAGE,2018-08-07,pre,long,OOS
SAIA,2018-04-27,pre,long,OOS
SAIA,2019-02-04,pre,long,OOS
SAIC,2013-12-12,post,short,IS
SAIC,2016-06-13,pre,long,IS
SAIC,2016-09-08,pre,long,IS
SAIC,2017-03-30,pre,short,OOS
SAIC,2017-09-07,post,short,OOS
SAIC,2017-12-07,post,long,OOS
SAIC,2018-03-29,pre,long,OOS
SAIC,2018-12-06,post,long,OOS
SAIC,2019-03-28,post,long,OOS
SAIL,2018-08-08,post,long,OOS
SAIL,2019-08-06,post,long,OOS
SAIL,2019-11-06,post,long,OOS
SAIL,2020-02-24,post,long,OOS
SAM,2013-05-01,post,short,IS
SAM,2014-02-25,post,short,IS
SAM,2014-04-30,post,short,IS
SAM,2015-02-24,post,short,IS
SAM,2016-04-21,post,short,IS
SAM,2016-07-21,post,long,IS
SAM,2016-10-20,post,short,IS
SAM,2017-07-27,post,long,OOS
SAM,2018-02-21,post,short,OOS
SAM,2018-04-25,post,long,OOS
SAM,2018-07-26,post,short,OOS
SAM,2018-10-25,post,long,OOS
SAM,2019-02-20,post,long,OOS
SAM,2019-04-24,post,long,OOS
SANM,2014-01-27,post,long,IS
SANM,2014-04-22,post,long,IS
SANM,2014-07-21,post,long,IS
SANM,2014-10-27,post,long,IS
SANM,2015-04-20,post,short,IS
SANM,2015-07-20,post,long,IS
SANM,2015-11-02,post,long,IS
SANM,2016-11-01,post,long,IS
SANM,2017-01-30,post,long,OOS
SANM,2017-07-24,post,short,OOS
SANM,2017-10-30,post,short,OOS
SANM,2018-04-23,post,long,OOS
SANM,2019-04-29,post,long,OOS
SAP,2013-04-19,pre,short,IS
SAP,2013-10-21,pre,long,IS
SAP,2014-04-17,pre,short,IS
SAP,2014-07-17,pre,long,IS
SAP,2014-10-20,pre,short,IS
SAP,2015-01-20,pre,short,IS
SAP,2018-04-24,pre,long,OOS
SAP,2018-07-19,pre,short,OOS
SAP,2019-01-29,pre,short,OOS
SAP,2019-04-24,pre,long,OOS
SAP,2019-07-18,pre,short,OOS
SATS,2019-02-21,pre,short,OOS
SAVE,2013-10-30,pre,long,IS
SAVE,2014-07-29,pre,long,IS
SAVE,2016-07-29,pre,long,IS
SAVE,2016-10-25,pre,long,IS
SAVE,2017-10-26,pre,long,OOS
SBAC,2013-04-29,post,long,IS
SBAC,2013-11-04,post,long,IS
SBAC,2016-05-02,post,short,IS
SBAC,2017-05-01,post,long,OOS
SBAC,2017-07-31,post,short,OOS
SBAC,2019-07-29,post,long,OOS
SBGI,2015-05-06,pre,long,IS
SBGI,2015-11-04,pre,long,IS
SBGI,2016-02-24,pre,short,IS
SBGI,2016-05-04,pre,long,IS
SBGI,2017-02-22,pre,short,OOS
SBGI,2017-05-03,pre,long,OOS
SBGI,2017-11-01,pre,short,OOS
SBH,2013-02-07,pre,short,IS
SBH,2013-05-02,pre,short,IS
SBH,2013-08-01,pre,short,IS
SBH,2013-11-14,pre,short,IS
SBH,2014-05-01,pre,short,IS
SBH,2014-11-13,pre,short,IS
SBH,2015-08-06,pre,short,IS
SBH,2016-02-04,pre,long,IS
SBH,2016-11-15,pre,short,IS
SBH,2017-02-02,pre,short,OOS
SBH,2017-11-15,pre,short,OOS
SBH,2018-02-08,pre,long,OOS
SBH,2018-05-03,pre,short,OOS
SBH,2018-08-02,pre,short,OOS
SBH,2019-02-05,pre,long,OOS
SBH,2019-05-01,pre,short,OOS
SBH,2021-05-06,pre,long,OOS
SBNY,2012-10-23,pre,long,IS
SBNY,2013-10-22,pre,long,IS
SBNY,2014-01-21,pre,long,IS
SBNY,2016-07-20,pre,short,IS
SBNY,2018-10-18,pre,long,OOS
SBRA,2018-11-05,post,short,OOS
SBUX,2013-07-25,post,long,IS
SBUX,2014-01-23,post,long,IS
SBUX,2014-10-30,post,short,IS
SBUX,2015-07-23,post,long,IS
SBUX,2018-11-01,post,long,OOS
SBUX,2019-01-24,post,long,OOS
SBUX,2019-07-25,post,long,OOS
SC,2014-11-04,pre,short,IS
SC,2015-02-03,pre,long,IS
SC,2015-04-28,pre,long,IS
SC,2016-01-27,pre,short,IS
SC,2017-01-25,pre,short,OOS
SC,2018-04-24,pre,long,OOS
SC,2018-07-25,pre,long,OOS
SC,2019-01-30,pre,short,OOS
SCHW,2013-10-15,pre,long,IS
SCHW,2014-04-15,pre,long,IS
SCHW,2018-07-17,pre,long,OOS
SCHW,2019-01-16,pre,long,OOS
SCI,2013-02-12,post,long,IS
SCI,2014-02-11,post,long,IS
SCI,2014-04-23,post,long,IS
SCI,2015-10-28,post,short,IS
SCI,2016-04-27,post,long,IS
SCI,2016-10-26,post,short,IS
SCI,2017-02-13,post,long,OOS
SCI,2017-04-26,post,long,OOS
SCI,2017-07-26,post,long,OOS
SCI,2017-10-25,post,long,OOS
SCI,2018-07-30,post,long,OOS
SCI,2018-10-29,post,short,OOS
SCI,2019-02-18,post,short,OOS
SCOR,2015-02-12,pre,long,IS
SCS,2017-09-18,post,long,OOS
SCVL,2018-11-15,post,long,OOS
SCVL,2019-03-26,post,long,OOS
SDC,2020-02-25,post,short,OOS
SDGR,2021-03-04,pre,short,OOS
SDRL,2014-02-25,pre,short,IS
SDRL,2014-11-26,pre,short,IS
SE,2019-08-20,pre,short,OOS
SE,2019-11-12,pre,long,OOS
SEAS,2014-08-13,pre,short,IS
SEAS,2015-02-26,pre,short,IS
SEAS,2015-11-05,pre,short,IS
SEAS,2016-02-25,pre,short,IS
SEAS,2016-08-04,pre,short,IS
SEAS,2016-11-08,pre,short,IS
SEAS,2017-05-09,pre,short,OOS
SEAS,2018-05-08,pre,long,OOS
SEAS,2018-08-06,pre,long,OOS
SEAS,2019-02-28,pre,long,OOS
SEAS,2019-08-06,pre,long,OOS
SEDG,2015-08-12,post,long,IS
SEDG,2015-11-04,post,long,IS
SEDG,2016-02-03,post,long,IS
SEDG,2017-08-02,post,long,OOS
SEDG,2017-11-08,post,long,OOS
SEDG,2018-02-14,post,long,OOS
SEDG,2018-08-02,post,short,OOS
SEDG,2019-05-06,post,long,OOS
SEDG,2019-08-06,post,long,OOS
SEDG,2021-05-03,post,short,OOS
SEE,2013-08-02,pre,long,IS
SEE,2013-10-30,pre,long,IS
SEE,2014-02-06,pre,short,IS
SEE,2014-04-30,pre,long,IS
SEE,2014-07-30,pre,long,IS
SEE,2014-10-29,pre,long,IS
SEE,2015-02-10,pre,long,IS
SEE,2015-04-30,pre,long,IS
SEE,2015-10-27,pre,long,IS
SEE,2016-02-10,pre,long,IS
SEE,2016-10-27,pre,long,IS
SEE,2017-05-09,pre,short,OOS
SEE,2019-02-07,pre,long,OOS
SEE,2019-08-02,pre,long,OOS
SEE,2021-05-04,pre,long,OOS
SEIC,2015-10-21,pre,short,IS
SEIC,2016-10-20,post,long,IS
SEIC,2017-10-25,post,long,OOS
SEM,2016-11-03,post,short,IS
SEM,2017-11-02,post,short,OOS
SEM,2018-02-21,post,long,OOS
SEMG,2013-11-11,post,long,IS
SEMG,2015-02-26,post,long,IS
SEMG,2017-08-07,pre,long,OOS
SERV,2016-05-04,pre,short,IS
SERV,2017-04-27,pre,short,OOS
SERV,2017-10-31,pre,long,OOS
SERV,2018-05-01,pre,long,OOS
SERV,2018-07-17,pre,short,OOS
SERV,2019-05-07,pre,long,OOS
SERV,2019-08-06,pre,long,OOS
SF,2014-05-08,post,short,IS
SF,2014-11-06,post,short,IS
SF,2015-05-11,post,short,IS
SF,2015-08-10,post,short,IS
SF,2015-11-04,post,short,IS
SF,2016-02-23,post,short,IS
SF,2016-08-02,post,long,IS
SF,2017-10-30,post,long,OOS
SF,2018-07-30,post,long,OOS
SFBS,2021-04-19,post,long,OOS
SFIX,2018-06-07,post,long,OOS
SFIX,2019-03-11,post,long,OOS
SFIX,2019-06-05,post,long,OOS
SFIX,2019-12-09,post,long,OOS
SFLY,2012-11-01,post,long,IS
SFLY,2013-02-05,post,long,IS
SFLY,2013-07-31,post,long,IS
SFLY,2016-02-03,post,short,IS
SFLY,2016-07-27,post,long,IS
SFLY,2016-10-26,post,long,IS
SFLY,2017-02-01,post,short,OOS
SFLY,2018-01-30,post,long,OOS
SFLY,2018-05-01,post,long,OOS
SFLY,2018-08-07,post,long,OOS
SFLY,2019-04-25,post,long,OOS
SFM,2014-05-07,post,long,IS
SFM,2014-08-07,post,long,IS
SFM,2015-05-07,post,short,IS
SFM,2015-11-05,pre,long,IS
SFM,2016-11-03,pre,short,IS
SFM,2017-05-04,pre,long,OOS
SFM,2017-11-02,pre,long,OOS
SFM,2018-02-22,pre,long,OOS
SFM,2019-05-02,pre,long,OOS
SFUN,2013-08-08,pre,long,IS
SGEN,2014-02-11,post,long,IS
SGEN,2014-10-30,post,long,IS
SGEN,2016-04-28,post,short,IS
SGEN,2017-02-09,post,short,OOS
SGEN,2017-10-26,post,long,OOS
SGEN,2019-02-07,post,short,OOS
SGH,2017-12-21,post,long,OOS
SGH,2018-03-22,post,long,OOS
SGH,2018-10-04,post,long,OOS
SGH,2019-01-08,post,short,OOS
SGMO,2018-02-22,pre,long,OOS
SGMS,2014-05-08,post,short,IS
SGMS,2017-07-24,pre,long,OOS
SGMS,2018-05-02,post,short,OOS
SGMS,2018-11-08,pre,long,OOS
SGMS,2019-02-21,pre,long,OOS
SHAK,2015-05-13,post,long,IS
SHAK,2015-11-05,post,long,IS
SHAK,2016-05-12,post,long,IS
SHAK,2017-05-04,post,long,OOS
SHAK,2017-11-01,post,long,OOS
SHAK,2018-05-03,post,long,OOS
SHO,2013-02-19,post,short,IS
SHO,2016-05-02,post,short,IS
SHOO,2014-07-31,pre,short,IS
SHOO,2016-11-01,pre,long,IS
SHOO,2017-04-21,pre,long,OOS
SHOO,2017-08-01,pre,long,OOS
SHOO,2019-04-25,pre,long,OOS
SHOP,2016-08-03,pre,long,IS
SHOP,2017-05-02,pre,long,OOS
SHOP,2017-08-01,pre,long,OOS
SHOP,2018-10-25,pre,long,OOS
SHOP,2019-08-01,pre,long,OOS
SHW,2013-07-18,pre,short,IS
SHW,2013-10-25,pre,long,IS
SHW,2014-07-17,pre,long,IS
SHW,2015-07-16,pre,short,IS
SHW,2015-10-29,pre,long,IS
SHW,2016-07-21,pre,short,IS
SHW,2016-10-25,pre,short,IS
SHW,2017-01-26,pre,long,OOS
SHW,2017-04-20,pre,long,OOS
SHW,2017-07-20,pre,short,OOS
SHW,2018-01-25,pre,short,OOS
SHW,2018-10-25,pre,short,OOS
SHW,2019-07-23,pre,long,OOS
SIG,2013-03-28,pre,long,IS
SIG,2014-03-27,pre,long,IS
SIG,2014-08-28,pre,long,IS
SIG,2014-11-25,pre,long,IS
SIG,2015-03-26,pre,long,IS
SIG,2015-08-27,pre,long,IS
SIG,2015-11-24,pre,short,IS
SIG,2016-03-24,pre,long,IS
SIG,2016-08-25,pre,short,IS
SIG,2016-11-22,pre,long,IS
SIG,2017-08-24,pre,long,OOS
SIG,2018-06-06,pre,long,OOS
SIG,2018-08-30,pre,long,OOS
SIG,2019-09-05,pre,long,OOS
SIG,2021-03-18,pre,long,OOS
SIGI,2017-04-26,post,long,OOS
SIGI,2018-10-25,post,long,OOS
SIGI,2019-07-31,post,long,OOS
SILK,2020-02-26,post,short,OOS
SIMO,2014-07-28,post,long,IS
SIMO,2021-02-03,post,long,OOS
SINA,2013-02-19,post,long,IS
SINA,2013-08-12,post,long,IS
SINA,2013-11-12,post,long,IS
SINA,2014-02-24,post,short,IS
SINA,2014-08-14,post,long,IS
SINA,2014-11-13,post,short,IS
SINA,2016-03-02,post,short,IS
SINA,2016-08-08,post,long,IS
SINA,2016-11-21,post,long,IS
SINA,2017-05-16,pre,long,OOS
SINA,2018-08-08,pre,long,OOS
SINA,2019-08-19,pre,long,OOS
SITC,2019-07-29,pre,long,OOS
SITE,2017-11-08,pre,short,OOS
SITE,2018-08-01,pre,short,OOS
SITE,2019-05-01,pre,short,OOS
SIVB,2014-01-23,post,long,IS
SIVB,2014-04-24,post,long,IS
SIVB,2014-10-23,post,short,IS
SIVB,2015-01-22,post,long,IS
SIVB,2015-04-23,post,long,IS
SIVB,2016-01-21,post,long,IS
SIVB,2016-04-21,post,short,IS
SIVB,2016-10-20,post,long,IS
SIVB,2017-10-26,post,long,OOS
SIVB,2018-04-26,post,long,OOS
SIVB,2018-07-26,post,long,OOS
SIVB,2019-01-24,post,long,OOS
SIX,2013-02-20,pre,long,IS
SIX,2013-10-23,pre,short,IS
SIX,2014-02-19,pre,long,IS
SIX,2014-10-21,post,long,IS
SIX,2015-02-18,post,long,IS
SIX,2016-04-27,pre,long,IS
SIX,2016-07-27,pre,short,IS
SIX,2018-04-24,post,long,OOS
SIX,2018-10-23,post,short,OOS
SJI,2018-02-22,post,long,OOS
SJI,2019-02-27,post,short,OOS
SJM,2013-06-06,pre,long,IS
SJM,2013-11-20,pre,short,IS
SJM,2014-02-14,pre,short,IS
SJM,2014-08-20,pre,short,IS
SJM,2015-06-04,pre,short,IS
SJM,2015-08-27,pre,long,IS
SJM,2015-11-19,pre,long,IS
SJM,2016-06-09,pre,long,IS
SJM,2017-08-24,pre,short,OOS
SJM,2017-11-16,pre,long,OOS
SJM,2018-06-07,pre,short,OOS
SJM,2018-08-21,pre,short,OOS
SJM,2018-11-28,pre,short,OOS
SJM,2019-02-26,pre,long,OOS
SJM,2019-08-27,pre,short,OOS
SJR,2018-01-11,pre,short,OOS
SJR,2018-04-12,pre,long,OOS
SJR,2019-01-14,pre,long,OOS
SKT,2017-05-01,post,short,OOS
SKT,2018-05-01,post,short,OOS
SKT,2019-02-13,post,short,OOS
SKX,2013-07-24,post,long,IS
SKX,2013-10-23,post,short,IS
SKX,2014-02-12,post,long,IS
SKX,2014-04-22,post,long,IS
SKX,2014-07-23,post,long,IS
SKX,2015-04-22,post,long,IS
SKX,2015-07-29,post,long,IS
SKX,2016-04-21,post,long,IS
SKX,2016-07-21,post,short,IS
SKX,2016-10-20,post,short,IS
SKX,2017-10-19,post,long,OOS
SKX,2018-02-08,post,long,OOS
SKX,2018-07-19,post,short,OOS
SKX,2018-10-18,post,long,OOS
SKX,2019-02-07,post,long,OOS
SKX,2019-07-18,post,long,OOS
SKX,2021-04-22,post,long,OOS
SKY,2021-02-01,post,long,OOS
SKYW,2017-04-27,post,long,OOS
SKYW,2017-10-25,post,long,OOS
SKYW,2018-04-26,post,long,OOS
SKYW,2018-10-30,post,long,OOS
SKYW,2019-01-31,post,long,OOS
SKYW,2019-04-25,post,long,OOS
SLAB,2014-01-29,pre,long,IS
SLAB,2014-10-23,pre,long,IS
SLAB,2016-02-03,pre,long,IS
SLAB,2017-02-01,pre,long,OOS
SLAB,2017-07-26,pre,long,OOS
SLAB,2018-10-24,pre,long,OOS
SLAB,2019-01-30,pre,short,OOS
SLAB,2019-04-24,pre,long,OOS
SLB,2013-04-19,pre,long,IS
SLB,2013-07-19,pre,long,IS
SLB,2013-10-18,pre,long,IS
SLB,2014-10-16,post,long,IS
SLB,2015-04-16,post,long,IS
SLB,2016-01-21,post,long,IS
SLB,2016-04-21,post,short,IS
SLB,2018-07-20,pre,long,OOS
SLCA,2013-07-31,post,short,IS
SLCA,2014-04-29,post,long,IS
SLCA,2015-04-28,post,short,IS
SLCA,2016-02-23,post,short,IS
SLCA,2017-11-06,post,long,OOS
SLCA,2018-02-21,pre,short,OOS
SLCA,2018-04-24,pre,long,OOS
SLCA,2018-10-23,pre,short,OOS
SLCA,2019-05-01,pre,long,OOS
SLCA,2019-07-30,pre,long,OOS
SLF,2015-02-11,post,short,IS
SLF,2015-05-05,post,long,IS
SLF,2015-08-05,post,long,IS
SLF,2016-11-09,post,long,IS
SLF,2017-05-09,post,short,OOS
SLF,2017-08-09,post,long,OOS
SLF,2017-11-08,post,long,OOS
SLF,2019-05-08,post,short,OOS
SLG,2017-10-18,post,short,OOS
SLGN,2014-01-28,post,short,IS
SLGN,2016-04-27,pre,long,IS
SLGN,2017-04-26,pre,long,OOS
SLGN,2018-04-25,pre,long,OOS
SLGN,2019-01-29,post,long,OOS
SLM,2013-07-17,post,long,IS
SLM,2014-01-16,post,short,IS
SLM,2014-04-16,post,short,IS
SLM,2015-01-21,post,short,IS
SLM,2015-04-22,post,long,IS
SLM,2016-04-20,post,long,IS
SLM,2017-04-19,post,long,OOS
SLM,2018-04-23,post,long,OOS
SLM,2019-01-23,post,long,OOS
SLP,2020-07-09,post,long,OOS
SM,2012-10-31,post,long,IS
SM,2013-02-20,post,long,IS
SM,2013-07-30,post,long,IS
SM,2013-10-29,post,long,IS
SM,2014-02-18,post,short,IS
SM,2015-07-28,post,long,IS
SM,2019-02-20,post,short,OOS
SMAR,2019-03-19,post,long,OOS
SMCI,2014-10-21,post,long,IS
SMG,2013-02-06,pre,long,IS
SMG,2014-08-05,pre,long,IS
SMG,2015-08-04,pre,long,IS
SMG,2015-11-03,pre,long,IS
SMG,2016-08-03,pre,long,IS
SMG,2017-01-31,pre,long,OOS
SMG,2017-05-02,pre,short,OOS
SMG,2017-08-01,pre,long,OOS
SMG,2018-01-30,pre,short,OOS
SMG,2019-05-01,pre,long,OOS
SMG,2019-07-31,pre,long,OOS
SMTC,2013-03-06,post,long,IS
SMTC,2013-11-18,post,long,IS
SMTC,2014-08-20,post,long,IS
SMTC,2016-11-30,post,long,IS
SMTC,2017-03-08,post,long,OOS
SMTC,2018-03-14,post,long,OOS
SMTC,2018-08-29,post,long,OOS
SNA,2012-10-18,pre,long,IS
SNA,2014-02-06,pre,long,IS
SNA,2014-07-17,pre,long,IS
SNA,2015-02-05,pre,long,IS
SNA,2017-10-19,pre,long,OOS
SNA,2018-04-19,pre,long,OOS
SNA,2018-07-19,pre,long,OOS
SNA,2019-04-18,pre,long,OOS
SNAP,2017-08-10,post,short,OOS
SNAP,2018-02-06,post,long,OOS
SNAP,2019-02-05,post,long,OOS
SNAP,2019-07-23,post,long,OOS
SNAP,2021-04-22,post,long,OOS
SNBR,2018-04-18,post,short,OOS
SNBR,2019-02-13,post,long,OOS
SNBR,2019-07-25,post,long,OOS
SNCR,2014-02-05,post,long,IS
SNCR,2014-10-28,pre,long,IS
SNCR,2015-02-05,pre,long,IS
SNCR,2016-08-03,post,long,IS
SNCR,2016-11-07,post,long,IS
SNCR,2017-02-08,post,short,OOS
SNDR,2017-05-11,pre,long,OOS
SNE,2017-10-31,pre,long,OOS
SNE,2018-02-02,pre,long,OOS
SNE,2018-07-31,pre,long,OOS
SNE,2018-10-30,pre,long,OOS
SNPS,2013-02-20,post,long,IS
SNPS,2013-05-22,post,long,IS
SNPS,2014-12-03,post,long,IS
SNPS,2015-02-18,post,long,IS
SNPS,2016-02-17,post,long,IS
SNPS,2016-05-18,post,long,IS
SNPS,2016-08-17,post,long,IS
SNPS,2017-02-15,post,long,OOS
SNPS,2017-05-17,post,long,OOS
SNPS,2017-11-29,post,long,OOS
SNPS,2018-02-21,post,long,OOS
SNPS,2018-08-22,post,long,OOS
SNV,2018-01-23,pre,long,OOS
SNX,2014-09-29,post,long,IS
SNX,2015-01-12,post,long,IS
SNX,2015-03-31,post,short,IS
SNX,2016-09-26,post,long,IS
SNX,2017-09-25,post,long,OOS
SNX,2019-01-10,post,long,OOS
SNX,2019-03-27,post,long,OOS
SNX,2019-06-25,post,long,OOS
SNY,2014-04-29,pre,short,IS
SNY,2016-10-28,pre,long,IS
SNY,2018-02-07,pre,short,OOS
SNY,2018-10-31,pre,long,OOS
SNY,2019-04-26,pre,long,OOS
SO,2013-04-24,pre,short,IS
SO,2019-05-01,pre,short,OOS
SOHU,2012-11-05,pre,long,IS
SOHU,2013-04-29,pre,long,IS
SON,2013-04-18,pre,short,IS
SON,2017-02-09,pre,short,OOS
SON,2017-04-20,pre,long,OOS
SON,2017-07-20,pre,long,OOS
SON,2018-04-19,pre,long,OOS
SON,2019-07-18,pre,short,OOS
SONO,2020-02-05,post,long,OOS
SPGI,2017-02-07,pre,long,OOS
SPGI,2017-07-27,pre,long,OOS
SPGI,2017-10-26,pre,long,OOS
SPGI,2018-07-26,pre,long,OOS
SPGI,2019-05-02,pre,short,OOS
SPGI,2019-08-01,pre,long,OOS
SPLK,2013-08-29,post,long,IS
SPLK,2013-11-21,post,long,IS
SPLK,2014-08-28,post,long,IS
SPLK,2014-11-20,post,long,IS
SPLK,2015-02-26,post,long,IS
SPLK,2016-02-25,post,long,IS
SPLK,2016-11-29,post,long,IS
SPLK,2017-08-24,post,long,OOS
SPLK,2017-11-16,post,long,OOS
SPLK,2018-03-01,post,long,OOS
SPLK,2018-08-23,post,long,OOS
SPLK,2018-11-29,post,long,OOS
SPLK,2019-02-28,post,long,OOS
SPN,2015-10-28,post,short,IS
SPN,2016-10-24,post,short,IS
SPN,2017-02-21,post,long,OOS
SPOT,2019-07-31,pre,short,OOS
SPPI,2018-03-06,post,short,OOS
SPR,2013-02-12,pre,long,IS
SPR,2013-11-01,pre,long,IS
SPR,2014-02-06,pre,short,IS
SPR,2014-05-02,pre,long,IS
SPR,2014-08-01,pre,long,IS
SPR,2015-07-29,pre,long,IS
SPR,2016-02-03,pre,long,IS
SPR,2016-08-03,pre,long,IS
SPR,2016-11-01,pre,long,IS
SPR,2017-08-02,pre,long,OOS
SPR,2019-05-01,pre,long,OOS
SPSC,2018-10-25,post,long,OOS
SPSC,2019-02-12,post,long,OOS
SPSC,2019-04-25,post,long,OOS
SPWR,2015-02-24,pre,long,IS
SPWR,2015-10-28,post,long,IS
SPWR,2017-11-02,pre,long,OOS
SQ,2016-05-05,post,short,IS
SQ,2016-08-03,post,long,IS
SQ,2016-11-01,post,long,IS
SQ,2017-02-22,post,long,OOS
SQ,2017-05-03,post,long,OOS
SQ,2021-05-06,post,long,OOS
SQM,2012-11-20,post,short,IS
SQM,2013-03-05,post,short,IS
SQM,2014-03-04,post,short,IS
SQM,2019-08-21,post,short,OOS
SR,2017-02-01,pre,short,OOS
SR,2019-02-06,pre,short,OOS
SR,2019-07-30,pre,short,OOS
SRCI,2017-08-03,post,long,OOS
SRCL,2014-04-24,post,long,IS
SRCL,2015-04-23,post,short,IS
SRCL,2015-10-22,post,short,IS
SRCL,2016-04-28,post,short,IS
SRCL,2016-10-27,post,long,IS
SRCL,2017-02-15,post,long,OOS
SRCL,2017-11-08,post,short,OOS
SRCL,2018-02-21,post,short,OOS
SRCL,2019-02-28,post,long,OOS
SRCL,2019-05-02,post,short,OOS
SRCL,2019-08-01,pre,short,OOS
SRE,2013-02-26,pre,long,IS
SRE,2018-05-07,pre,short,OOS
SRE,2019-02-26,pre,long,OOS
SRPT,2017-04-27,post,long,OOS
SSD,2018-07-30,post,long,OOS
SSD,2019-02-04,post,short,OOS
SSD,2019-07-29,post,short,OOS
SSNC,2013-08-01,post,long,IS
SSNC,2016-10-27,post,long,IS
SSNC,2017-02-15,post,long,OOS
SSNC,2018-08-02,post,long,OOS
SSNC,2019-02-14,post,long,OOS
SSP,2016-05-06,pre,long,IS
SSRM,2017-08-09,post,long,OOS
SSTK,2013-11-07,post,long,IS
SSTK,2014-02-20,post,long,IS
SSTK,2014-05-08,post,short,IS
SSTK,2017-02-27,pre,short,OOS
SSTK,2018-02-22,pre,short,OOS
SSYS,2013-03-04,pre,long,IS
SSYS,2013-11-07,pre,long,IS
SSYS,2014-08-07,pre,long,IS
SSYS,2016-03-03,pre,long,IS
SSYS,2016-05-09,pre,long,IS
SSYS,2016-08-04,pre,long,IS
SSYS,2016-11-15,pre,short,IS
SSYS,2017-11-14,pre,long,OOS
ST,2013-04-23,pre,long,IS
ST,2014-02-04,pre,long,IS
ST,2017-07-25,pre,long,OOS
ST,2019-02-06,pre,short,OOS
ST,2019-07-30,pre,short,OOS
STAA,2018-10-31,post,long,OOS
STAA,2019-07-31,post,long,OOS
STAY,2016-10-25,pre,long,IS
STAY,2017-04-27,pre,long,OOS
STAY,2017-08-01,pre,short,OOS
STAY,2017-11-07,pre,short,OOS
STAY,2018-02-27,pre,long,OOS
STAY,2019-08-06,post,short,OOS
STE,2014-02-05,pre,short,IS
STE,2014-05-08,pre,long,IS
STE,2016-05-18,pre,short,IS
STE,2017-02-07,pre,short,OOS
STE,2017-08-08,pre,long,OOS
STE,2017-11-01,pre,short,OOS
STI,2013-04-19,pre,long,IS
STI,2013-07-19,pre,long,IS
STI,2014-01-17,pre,long,IS
STI,2015-01-16,pre,long,IS
STI,2015-10-16,pre,long,IS
STI,2016-04-22,pre,long,IS
STI,2019-01-18,pre,long,OOS
STLD,2014-10-20,post,long,IS
STLD,2015-01-28,post,short,IS
STLD,2017-07-19,post,short,OOS
STLD,2018-07-23,post,long,OOS
STM,2013-10-22,post,short,IS
STM,2015-07-23,pre,long,IS
STM,2017-01-26,pre,long,OOS
STM,2017-10-26,pre,long,OOS
STM,2018-01-25,pre,long,OOS
STM,2018-04-25,pre,long,OOS
STM,2018-07-25,pre,short,OOS
STM,2019-01-24,pre,long,OOS
STMP,2015-08-06,post,long,IS
STMP,2015-11-05,post,long,IS
STMP,2016-02-25,post,long,IS
STMP,2016-05-09,post,long,IS
STMP,2016-11-03,post,long,IS
STMP,2017-08-02,post,long,OOS
STMP,2018-02-21,post,long,OOS
STMP,2018-05-03,post,long,OOS
STMP,2018-08-01,post,long,OOS
STNE,2019-03-18,post,long,OOS
STNE,2021-03-11,post,short,OOS
STNG,2015-07-29,pre,long,IS
STOR,2016-05-05,pre,short,IS
STRA,2018-11-08,pre,long,OOS
STRA,2019-03-01,pre,long,OOS
STRA,2019-05-01,pre,long,OOS
STRA,2019-07-31,pre,long,OOS
STT,2013-01-18,pre,long,IS
STT,2014-01-24,pre,short,IS
STT,2016-07-27,pre,long,IS
STT,2017-07-26,pre,long,OOS
STT,2018-10-19,pre,short,OOS
STT,2019-01-18,pre,long,OOS
STWD,2017-11-08,pre,long,OOS
STWD,2019-05-08,pre,short,OOS
STX,2014-01-27,post,short,IS
STX,2015-01-26,pre,short,IS
STX,2016-01-29,pre,long,IS
STX,2017-01-24,post,long,OOS
STX,2017-07-25,pre,short,OOS
STX,2017-10-23,pre,long,OOS
STX,2019-04-30,pre,long,OOS
STZ,2013-01-09,pre,long,IS
STZ,2014-04-09,pre,long,IS
STZ,2014-07-02,pre,long,IS
STZ,2014-10-02,pre,short,IS
STZ,2015-01-08,pre,long,IS
STZ,2015-07-01,pre,long,IS
STZ,2015-10-07,pre,long,IS
STZ,2016-01-07,pre,long,IS
STZ,2016-04-06,pre,long,IS
STZ,2016-06-30,pre,long,IS
STZ,2016-10-05,pre,long,IS
STZ,2017-04-06,pre,long,OOS
STZ,2017-06-29,pre,long,OOS
STZ,2017-10-05,pre,long,OOS
STZ,2018-03-29,pre,long,OOS
STZ,2018-06-29,pre,short,OOS
STZ,2018-10-04,pre,long,OOS
STZ,2019-06-28,pre,long,OOS
SU,2014-04-28,post,long,IS
SU,2016-10-26,post,long,IS
SU,2017-02-08,post,long,OOS
SU,2017-07-26,post,short,OOS
SU,2017-10-25,post,long,OOS
SU,2019-02-05,post,short,OOS
SUI,2019-02-20,post,short,OOS
SUM,2018-08-01,pre,short,OOS
SUM,2018-11-06,pre,short,OOS
SUN,2015-08-05,post,long,IS
SUN,2019-02-20,post,short,OOS
SUPN,2015-08-04,post,long,IS
SUPN,2017-05-09,post,short,OOS
SUPN,2017-08-02,post,long,OOS
SUPN,2018-05-08,post,long,OOS
SUPN,2018-11-06,post,long,OOS
SUPN,2019-02-26,post,long,OOS
SUPN,2019-05-07,post,short,OOS
SURF,2021-03-09,pre,long,OOS
SVMK,2019-08-01,post,long,OOS
SVMK,2020-02-13,post,long,OOS
SWAV,2019-08-05,post,long,OOS
SWCH,2020-02-27,post,short,OOS
SWIR,2014-11-05,post,long,IS
SWK,2012-10-17,pre,short,IS
SWK,2014-04-24,pre,long,IS
SWK,2014-07-25,pre,long,IS
SWK,2014-10-22,pre,long,IS
SWK,2015-01-29,pre,long,IS
SWK,2015-04-23,pre,long,IS
SWK,2015-10-22,pre,long,IS
SWK,2016-04-21,pre,long,IS
SWK,2016-07-22,pre,long,IS
SWK,2016-10-27,pre,long,IS
SWK,2017-04-21,pre,long,OOS
SWK,2017-10-24,pre,long,OOS
SWK,2018-07-20,pre,long,OOS
SWK,2019-04-24,pre,long,OOS
SWK,2019-07-23,pre,long,OOS
SWKS,2013-01-30,post,long,IS
SWKS,2013-07-18,post,long,IS
SWKS,2013-10-30,post,long,IS
SWKS,2014-01-16,post,long,IS
SWKS,2014-04-22,post,long,IS
SWKS,2014-07-17,post,long,IS
SWKS,2015-04-30,post,long,IS
SWKS,2016-01-28,post,long,IS
SWKS,2017-01-19,post,long,OOS
SWKS,2018-02-05,post,long,OOS
SWN,2017-04-27,post,long,OOS
SWX,2017-08-07,post,long,OOS
SXT,2017-10-19,post,long,OOS
SXT,2019-07-19,pre,short,OOS
SYF,2015-01-23,pre,long,IS
SYF,2016-01-22,pre,long,IS
SYF,2016-10-21,pre,long,IS
SYF,2017-04-28,pre,short,OOS
SYF,2017-07-21,pre,long,OOS
SYF,2017-10-20,pre,long,OOS
SYF,2018-10-19,pre,long,OOS
SYF,2019-01-23,pre,long,OOS
SYK,2012-10-17,post,short,IS
SYK,2015-07-23,post,long,IS
SYK,2016-04-20,post,long,IS
SYK,2016-10-27,post,long,IS
SYK,2017-10-26,post,long,OOS
SYK,2019-01-29,post,long,OOS
SYK,2019-07-25,post,long,OOS
SYMC,2012-10-24,post,long,IS
SYMC,2013-07-30,post,long,IS
SYMC,2014-05-08,post,long,IS
SYMC,2014-08-06,post,long,IS
SYMC,2015-08-11,post,short,IS
SYMC,2016-02-04,post,long,IS
SYMC,2016-05-12,post,short,IS
SYMC,2016-08-04,post,long,IS
SYMC,2017-11-01,post,short,OOS
SYMC,2018-11-01,post,long,OOS
SYMC,2019-01-31,post,long,OOS
SYMC,2019-05-09,post,short,OOS
SYNA,2013-01-24,post,long,IS
SYNA,2013-04-25,post,long,IS
SYNA,2014-04-24,post,long,IS
SYNA,2014-07-31,post,long,IS
SYNA,2014-10-23,post,short,IS
SYNA,2015-01-29,post,long,IS
SYNA,2016-04-28,post,short,IS
SYNA,2016-10-27,post,short,IS
SYNA,2017-01-26,post,long,OOS
SYNA,2017-04-27,post,long,OOS
SYNA,2017-11-07,post,long,OOS
SYNA,2018-02-07,post,long,OOS
SYNH,2018-02-28,pre,long,OOS
SYNH,2019-03-18,post,long,OOS
SYNH,2019-05-09,pre,short,OOS
SYNH,2019-08-06,pre,long,OOS
SYY,2013-11-04,pre,long,IS
SYY,2016-02-01,pre,long,IS
SYY,2016-05-02,pre,long,IS
SYY,2016-08-15,pre,long,IS
SYY,2016-11-07,pre,long,IS
SYY,2017-02-06,pre,long,OOS
SYY,2018-11-05,pre,short,OOS
SYY,2019-02-04,pre,long,OOS
SYY,2019-08-12,pre,long,OOS
T,2014-07-23,post,short,IS
T,2015-07-23,post,long,IS
T,2015-10-22,post,long,IS
T,2017-07-25,post,long,OOS
T,2018-01-31,post,long,OOS
T,2018-04-25,post,short,OOS
T,2018-10-24,pre,short,OOS
T,2021-04-22,pre,long,OOS
TAL,2018-01-25,pre,long,OOS
TAL,2019-07-25,pre,short,OOS
TAP,2013-11-06,pre,long,IS
TAP,2014-08-06,pre,long,IS
TAP,2015-08-06,pre,long,IS
TAP,2017-05-03,pre,short,OOS
TAP,2018-05-02,pre,short,OOS
TAP,2018-10-31,pre,long,OOS
TAP,2019-05-01,pre,short,OOS
TAP,2019-07-31,pre,short,OOS
TAP,2019-10-30,pre,short,OOS
TAP,2020-02-12,pre,long,OOS
TAP,2020-07-30,pre,long,OOS
TAP,2021-02-11,pre,short,OOS
TCBI,2013-04-24,post,short,IS
TCBI,2014-01-22,post,short,IS
TCBI,2014-04-23,post,short,IS
TCBI,2014-10-22,post,long,IS
TCBI,2016-01-20,post,short,IS
TCBI,2017-01-25,post,long,OOS
TCBI,2017-04-19,post,short,OOS
TCBI,2017-07-19,post,long,OOS
TCBI,2018-01-24,post,long,OOS
TCBI,2018-04-18,post,long,OOS
TCBI,2018-10-17,post,short,OOS
TCBI,2019-07-17,post,short,OOS
TCF,2019-01-28,pre,long,OOS
TCO,2013-10-24,post,short,IS
TCO,2016-02-10,post,short,IS
TCO,2017-07-27,post,short,OOS
TCO,2018-07-30,post,short,OOS
TCS,2014-04-28,post,short,IS
TD,2013-12-05,pre,short,IS
TD,2014-05-22,pre,long,IS
TD,2014-12-04,pre,short,IS
TD,2017-08-31,pre,long,OOS
TD,2017-11-30,pre,short,OOS
TD,2019-02-28,pre,short,OOS
TDC,2013-05-02,post,short,IS
TDC,2013-08-01,pre,long,IS
TDC,2014-02-06,pre,long,IS
TDC,2014-08-07,pre,long,IS
TDC,2014-11-06,pre,long,IS
TDC,2015-05-07,pre,short,IS
TDC,2015-08-06,pre,short,IS
TDC,2015-11-05,pre,short,IS
TDC,2016-05-05,pre,long,IS
TDC,2017-11-02,pre,long,OOS
TDC,2018-02-08,pre,long,OOS
TDG,2012-11-15,pre,short,IS
TDG,2014-02-04,pre,long,IS
TDG,2015-01-27,pre,short,IS
TDG,2015-11-12,pre,long,IS
TDG,2016-02-09,pre,short,IS
TDG,2016-05-10,pre,long,IS
TDG,2017-02-07,pre,long,OOS
TDG,2018-02-06,pre,short,OOS
TDG,2018-08-07,pre,short,OOS
TDG,2019-02-05,pre,long,OOS
TDG,2019-08-06,pre,long,OOS
TDG,2020-02-04,pre,long,OOS
TDOC,2017-05-08,post,long,OOS
TDOC,2019-04-30,post,long,OOS
TDOC,2019-10-30,post,long,OOS
TDOC,2020-02-26,post,long,OOS
TDS,2015-07-31,pre,long,IS
TDS,2016-05-06,pre,short,IS
TDS,2016-08-05,pre,long,IS
TDS,2017-08-04,pre,short,OOS
TDS,2018-02-23,pre,long,OOS
TDS,2018-11-02,pre,long,OOS
TDS,2019-02-22,pre,short,OOS
TDW,2014-05-20,post,long,IS
TDW,2014-08-05,post,short,IS
TDW,2015-11-03,post,long,IS
TDW,2016-05-25,post,short,IS
TDY,2014-07-24,pre,long,IS
TDY,2016-08-04,pre,long,IS
TDY,2017-02-02,pre,long,OOS
TDY,2017-05-04,pre,long,OOS
TDY,2017-08-03,pre,long,OOS
TDY,2019-07-24,pre,long,OOS
TEAM,2017-04-27,post,long,OOS
TEAM,2017-10-19,post,long,OOS
TEAM,2018-07-26,post,long,OOS
TEAM,2019-01-17,post,long,OOS
TECD,2012-11-20,pre,short,IS
TECD,2013-03-04,pre,short,IS
TECD,2014-04-09,pre,long,IS
TECD,2014-05-29,pre,short,IS
TECD,2014-08-26,pre,long,IS
TECD,2015-08-20,pre,long,IS
TECD,2015-11-24,pre,short,IS
TECD,2016-05-26,pre,long,IS
TECD,2016-08-25,pre,short,IS
TECD,2016-11-22,pre,long,IS
TECD,2017-06-01,pre,long,OOS
TECD,2017-08-31,post,short,OOS
TECD,2017-11-27,post,long,OOS
TECD,2018-03-08,pre,short,OOS
TECD,2018-05-31,pre,long,OOS
TECD,2018-08-30,pre,short,OOS
TECD,2018-11-29,pre,long,OOS
TECD,2019-08-29,pre,long,OOS
TECH,2014-10-28,pre,short,IS
TECH,2015-10-28,pre,short,IS
TECH,2016-02-02,pre,long,IS
TECH,2017-02-07,pre,short,OOS
TECH,2019-04-30,pre,long,OOS
TECH,2019-08-06,pre,short,OOS
TECK,2017-04-25,pre,short,OOS
TECK,2017-10-26,pre,short,OOS
TECK,2018-02-14,pre,short,OOS
TEL,2014-01-22,pre,long,IS
TEL,2015-01-28,pre,long,IS
TEL,2015-04-22,pre,short,IS
TEL,2016-01-20,pre,long,IS
TEL,2017-01-25,pre,long,OOS
TEL,2017-04-26,pre,long,OOS
TEL,2017-07-26,pre,long,OOS
TEL,2017-11-01,pre,long,OOS
TEL,2018-01-24,pre,long,OOS
TEL,2019-04-24,pre,long,OOS
TEL,2021-04-21,pre,long,OOS
TEN,2012-10-25,pre,long,IS
TEN,2013-01-31,pre,short,IS
TEN,2015-02-02,pre,long,IS
TEN,2015-04-27,pre,short,IS
TEN,2015-07-24,pre,long,IS
TEN,2015-10-23,pre,long,IS
TEN,2016-04-26,pre,long,IS
TEN,2018-02-09,pre,long,OOS
TEN,2018-10-26,pre,long,OOS
TEN,2019-03-14,pre,short,OOS
TEN,2019-08-06,pre,long,OOS
TENB,2019-10-29,post,long,OOS
TER,2013-04-24,post,long,IS
TER,2015-04-30,post,long,IS
TER,2015-07-29,post,long,IS
TER,2016-01-27,post,long,IS
TER,2016-10-26,post,long,IS
TER,2017-01-25,post,long,OOS
TER,2017-04-26,post,long,OOS
TER,2017-10-25,post,long,OOS
TER,2018-07-24,post,long,OOS
TER,2019-01-23,post,long,OOS
TER,2019-04-23,post,long,OOS
TER,2019-07-23,post,long,OOS
TERP,2019-11-11,post,short,OOS
TEVA,2013-02-07,pre,short,IS
TEVA,2016-05-09,pre,long,IS
TEVA,2016-11-15,pre,short,IS
TEVA,2017-02-13,pre,long,OOS
TEVA,2017-08-03,pre,short,OOS
TEVA,2017-11-02,pre,short,OOS
TEVA,2018-05-03,pre,long,OOS
TEVA,2018-11-01,pre,long,OOS
TEVA,2019-02-13,pre,short,OOS
TEX,2013-10-23,post,long,IS
TEX,2014-07-23,post,short,IS
TEX,2015-04-29,post,short,IS
TEX,2016-10-31,post,short,IS
TEX,2017-02-21,post,long,OOS
TEX,2018-11-01,post,short,OOS
TEX,2019-07-29,post,short,OOS
TEX,2020-02-13,post,long,OOS
TFX,2013-10-30,pre,long,IS
TFX,2014-02-21,pre,long,IS
TFX,2014-07-30,pre,long,IS
TFX,2016-07-28,pre,long,IS
TFX,2017-11-02,pre,long,OOS
TFX,2018-11-01,pre,long,OOS
TFX,2019-05-02,pre,long,OOS
TGI,2014-01-28,post,short,IS
TGI,2014-05-07,post,long,IS
TGI,2014-10-29,post,long,IS
TGI,2015-01-28,post,short,IS
TGI,2015-05-07,post,long,IS
TGI,2016-07-28,pre,short,IS
TGI,2017-07-26,pre,short,OOS
TGI,2018-05-10,pre,short,OOS
TGNA,2018-03-01,pre,long,OOS
TGNA,2018-05-08,pre,long,OOS
TGNA,2019-03-01,pre,long,OOS
TGT,2014-02-26,pre,long,IS
TGT,2014-11-19,pre,long,IS
TGT,2015-05-20,pre,long,IS
TGT,2015-08-19,pre,long,IS
TGT,2016-11-16,pre,long,IS
TGT,2017-05-17,pre,long,OOS
TGT,2017-08-16,pre,long,OOS
TGT,2018-05-23,pre,short,OOS
TGT,2018-08-22,pre,long,OOS
TGT,2018-11-20,pre,short,OOS
TGT,2019-03-05,pre,long,OOS
TGT,2019-05-22,pre,long,OOS
TGT,2019-08-21,pre,long,OOS
THC,2013-08-06,pre,short,IS
THC,2013-11-04,post,short,IS
THC,2015-05-04,post,long,IS
THC,2016-05-02,post,long,IS
THC,2017-02-27,post,short,OOS
THC,2017-05-01,post,long,OOS
THC,2018-02-26,post,long,OOS
THC,2018-04-30,post,long,OOS
THC,2019-02-25,post,long,OOS
THG,2013-10-30,post,long,IS
THG,2014-07-31,post,long,IS
THG,2015-07-29,post,long,IS
THG,2015-10-28,post,long,IS
THG,2016-11-03,post,long,IS
THG,2017-08-02,post,long,OOS
THG,2017-11-01,post,long,OOS
THG,2018-01-31,post,long,OOS
THG,2019-05-01,post,long,OOS
THO,2012-11-26,post,short,IS
THO,2013-12-02,post,short,IS
THO,2014-06-05,post,short,IS
THO,2014-09-25,post,long,IS
THO,2014-12-01,post,short,IS
THO,2015-03-05,post,long,IS
THO,2015-06-04,post,short,IS
THO,2016-03-07,post,long,IS
THO,2016-06-06,post,long,IS
THO,2016-09-26,post,long,IS
THO,2016-11-28,post,long,IS
THO,2017-03-06,post,short,OOS
THO,2017-06-05,post,long,OOS
THO,2017-09-27,post,long,OOS
THO,2017-11-27,post,long,OOS
THO,2018-06-06,post,short,OOS
THO,2018-09-20,pre,short,OOS
THO,2018-12-06,pre,short,OOS
THO,2019-03-06,pre,short,OOS
THO,2019-06-10,pre,long,OOS
THOR,2014-02-04,post,short,IS
THOR,2014-08-06,post,short,IS
THOR,2014-11-05,post,short,IS
THOR,2015-02-10,post,long,IS
THOR,2015-05-07,post,long,IS
THRM,2014-03-05,pre,long,IS
THRM,2014-05-01,pre,long,IS
THRM,2015-07-29,post,short,IS
THRM,2015-10-29,post,long,IS
THS,2014-11-06,pre,short,IS
THS,2015-02-12,pre,short,IS
THS,2016-11-03,pre,short,IS
THS,2017-05-04,pre,short,OOS
THS,2017-11-02,pre,short,OOS
TIF,2012-11-29,pre,short,IS
TIF,2013-03-22,pre,long,IS
TIF,2013-05-28,pre,long,IS
TIF,2013-11-26,pre,long,IS
TIF,2014-05-21,pre,long,IS
TIF,2014-08-27,pre,long,IS
TIF,2015-05-27,pre,long,IS
TIF,2015-08-27,pre,short,IS
TIF,2016-08-25,pre,long,IS
TIF,2016-11-29,pre,long,IS
TIF,2017-03-17,pre,long,OOS
TIF,2017-08-24,pre,long,OOS
TIF,2018-05-23,pre,long,OOS
TIF,2018-08-28,pre,long,OOS
TIF,2019-03-22,pre,short,OOS
TIVO,2016-11-03,post,long,IS
TIVO,2018-05-10,post,short,OOS
TIVO,2018-11-07,post,short,OOS
TJX,2013-08-20,pre,long,IS
TJX,2014-05-20,pre,short,IS
TJX,2014-08-19,pre,long,IS
TJX,2015-05-19,pre,long,IS
TJX,2015-08-18,pre,long,IS
TJX,2015-11-17,pre,long,IS
TJX,2016-05-17,pre,long,IS
TJX,2018-02-28,pre,long,OOS
TJX,2018-05-22,pre,long,OOS
TJX,2018-08-21,pre,long,OOS
TJX,2019-08-20,pre,short,OOS
TK,2014-05-15,pre,long,IS
TK,2014-08-07,pre,short,IS
TK,2015-08-06,pre,long,IS
TK,2017-02-23,pre,short,OOS
TK,2017-05-18,pre,short,OOS
TKR,2013-07-25,pre,short,IS
TKR,2013-10-24,pre,short,IS
TKR,2014-01-30,pre,long,IS
TKR,2014-04-24,pre,long,IS
TKR,2014-07-31,pre,short,IS
TKR,2014-10-28,pre,long,IS
TKR,2015-04-30,pre,short,IS
TKR,2017-04-26,pre,long,OOS
TKR,2018-07-31,pre,long,OOS
TKR,2019-05-01,pre,long,OOS
TKR,2019-07-31,pre,short,OOS
TLND,2016-08-25,post,short,IS
TLND,2019-02-14,post,long,OOS
TLRD,2016-03-09,post,long,IS
TLRD,2016-09-07,post,long,IS
TLRD,2016-12-07,post,long,IS
TLRD,2017-03-08,post,short,OOS
TLRD,2017-12-06,post,long,OOS
TLRD,2018-03-14,post,long,OOS
TLRY,2019-08-13,post,short,OOS
TLRY,2020-03-02,post,short,OOS
TLRY,2020-08-10,post,short,OOS
TME,2019-03-19,post,short,OOS
TMHC,2019-05-01,pre,long,OOS
TMK,2015-07-27,post,short,IS
TMK,2017-07-26,post,long,OOS
TMK,2018-07-25,post,long,OOS
TMK,2019-07-24,post,long,OOS
TMO,2012-10-24,pre,long,IS
TMO,2013-10-23,pre,long,IS
TMO,2014-01-30,pre,long,IS
TMO,2014-07-23,pre,long,IS
TMO,2015-07-22,pre,long,IS
TMO,2016-10-27,pre,long,IS
TMO,2017-01-31,pre,long,OOS
TMO,2017-04-26,pre,long,OOS
TMO,2017-10-25,pre,long,OOS
TMO,2018-01-31,pre,long,OOS
TMO,2018-04-25,pre,long,OOS
TMO,2018-07-25,pre,long,OOS
TMO,2018-10-24,pre,long,OOS
TMUS,2015-02-19,pre,long,IS
TMUS,2016-02-17,pre,long,IS
TMUS,2016-07-27,pre,long,IS
TMUS,2016-10-24,pre,long,IS
TMUS,2017-07-19,post,long,OOS
TMUS,2018-08-01,post,long,OOS
TMUS,2018-10-30,post,long,OOS
TMUS,2019-04-25,post,long,OOS
TNDM,2018-04-26,post,short,OOS
TNDM,2019-02-26,post,long,OOS
TNET,2015-08-03,post,short,IS
TNET,2018-07-30,post,long,OOS
TNET,2019-02-14,post,long,OOS
TNET,2019-04-29,post,long,OOS
TOL,2012-12-04,pre,long,IS
TOL,2013-02-20,pre,short,IS
TOL,2013-12-10,pre,long,IS
TOL,2014-05-28,pre,long,IS
TOL,2015-02-24,pre,long,IS
TOL,2015-12-08,pre,short,IS
TOL,2016-05-24,pre,long,IS
TOL,2017-02-22,pre,long,OOS
TOL,2017-05-23,pre,long,OOS
TOL,2017-12-05,pre,short,OOS
TOL,2018-08-21,pre,long,OOS
TOT,2015-04-28,pre,long,IS
TOT,2017-10-27,pre,long,OOS
TPC,2016-11-02,post,short,IS
TPC,2017-05-03,post,short,OOS
TPC,2018-02-27,post,long,OOS
TPH,2014-08-07,pre,long,IS
TPH,2015-11-06,pre,long,IS
TPH,2016-02-26,pre,long,IS
TPH,2016-07-27,pre,long,IS
TPH,2016-10-27,pre,short,IS
TPH,2017-10-25,pre,long,OOS
TPH,2019-04-25,pre,short,OOS
TPR,2018-02-06,pre,long,OOS
TPR,2018-08-14,pre,long,OOS
TPR,2018-10-30,pre,long,OOS
TPR,2019-02-07,pre,short,OOS
TPX,2013-01-24,post,long,IS
TPX,2013-07-25,post,short,IS
TPX,2013-11-06,post,long,IS
TPX,2014-05-01,post,long,IS
TPX,2014-07-24,post,short,IS
TPX,2014-10-30,post,short,IS
TPX,2016-07-28,pre,long,IS
TPX,2016-10-27,pre,long,IS
TPX,2017-02-16,pre,long,OOS
TPX,2017-07-27,pre,long,OOS
TPX,2018-02-22,pre,short,OOS
TPX,2018-07-26,pre,short,OOS
TPX,2018-11-01,pre,short,OOS
TPX,2019-05-02,pre,long,OOS
TPX,2020-02-13,pre,long,OOS
TRCO,2015-03-06,pre,long,IS
TRCO,2016-02-29,pre,long,IS
TRCO,2016-11-09,pre,short,IS
TRCO,2019-03-01,pre,long,OOS
TREE,2015-08-03,post,long,IS
TREE,2015-10-26,pre,long,IS
TREE,2016-02-25,pre,long,IS
TREE,2016-10-27,pre,short,IS
TREE,2017-02-23,pre,long,OOS
TREE,2017-10-26,pre,long,OOS
TREE,2018-02-22,pre,short,OOS
TREE,2018-11-01,pre,long,OOS
TREE,2019-02-26,pre,short,OOS
TREE,2019-07-25,pre,short,OOS
TREX,2014-02-24,pre,long,IS
TREX,2015-05-08,pre,long,IS
TREX,2015-08-03,pre,short,IS
TREX,2016-02-23,pre,long,IS
TREX,2016-05-10,pre,long,IS
TREX,2016-08-01,post,long,IS
TREX,2016-11-07,post,long,IS
TREX,2017-02-21,pre,long,OOS
TREX,2017-10-30,post,long,OOS
TREX,2018-02-21,post,long,OOS
TREX,2018-05-07,post,long,OOS
TREX,2018-07-30,post,long,OOS
TRGP,2015-11-03,pre,short,IS
TRGP,2019-02-20,pre,short,OOS
TRGP,2019-08-08,pre,long,OOS
TRHC,2018-08-07,post,long,OOS
TRHC,2019-08-08,post,long,OOS
TRI,2013-10-29,pre,long,IS
TRI,2014-02-12,pre,short,IS
TRI,2014-07-30,pre,long,IS
TRI,2017-04-28,pre,long,OOS
TRI,2017-08-01,pre,long,OOS
TRI,2018-05-11,pre,short,OOS
TRI,2019-02-26,pre,long,OOS
TRI,2019-05-08,pre,long,OOS
TRIP,2012-11-01,post,long,IS
TRIP,2013-07-24,post,long,IS
TRIP,2014-02-11,post,long,IS
TRIP,2014-07-23,post,short,IS
TRIP,2014-11-04,post,short,IS
TRIP,2015-07-23,post,short,IS
TRIP,2015-11-05,post,short,IS
TRIP,2016-05-04,post,short,IS
TRIP,2016-08-03,post,short,IS
TRIP,2016-11-08,post,short,IS
TRIP,2017-02-15,post,short,OOS
TRIP,2018-05-08,post,long,OOS
TRIP,2018-11-07,post,long,OOS
TRIP,2019-02-12,post,short,OOS
TRMB,2012-11-01,post,long,IS
TRMB,2013-10-31,post,long,IS
TRMB,2014-02-11,post,long,IS
TRMB,2014-05-06,post,short,IS
TRMB,2014-10-30,post,short,IS
TRMB,2015-04-30,post,short,IS
TRMB,2015-10-29,post,long,IS
TRMB,2016-02-09,post,long,IS
TRMB,2016-04-28,post,short,IS
TRMB,2017-04-27,post,long,OOS
TRMB,2017-08-02,post,long,OOS
TRMB,2017-10-26,post,long,OOS
TRMB,2018-08-01,post,long,OOS
TRMB,2019-07-31,post,short,OOS
TRMK,2016-01-26,post,long,IS
TRMK,2018-10-23,post,short,OOS
TRN,2013-07-31,post,long,IS
TRN,2014-02-19,post,long,IS
TRN,2014-04-29,post,long,IS
TRN,2014-07-29,post,long,IS
TRN,2015-07-23,post,long,IS
TRN,2019-07-24,post,short,OOS
TROW,2013-01-29,pre,short,IS
TROW,2013-07-24,pre,short,IS
TROW,2014-01-28,pre,long,IS
TROW,2014-04-24,pre,long,IS
TROW,2016-01-28,pre,long,IS
TROW,2016-04-26,pre,long,IS
TROW,2017-01-26,pre,short,OOS
TROW,2017-04-25,pre,short,OOS
TROW,2017-10-26,pre,long,OOS
TROW,2019-01-30,pre,short,OOS
TROX,2012-11-12,post,short,IS
TROX,2013-11-06,post,short,IS
TROX,2014-05-07,post,short,IS
TROX,2014-08-06,post,long,IS
TROX,2018-03-01,pre,long,OOS
TRP,2018-04-27,pre,long,OOS
TRP,2019-02-14,pre,long,OOS
TRS,2014-10-28,pre,long,IS
TRTN,2017-05-11,post,long,OOS
TRU,2016-02-16,post,long,IS
TRU,2016-10-25,pre,long,IS
TRU,2017-02-14,pre,long,OOS
TRU,2017-10-27,pre,long,OOS
TRU,2018-04-20,pre,long,OOS
TRU,2019-07-23,pre,long,OOS
TRUE,2017-05-09,post,long,OOS
TRV,2012-10-18,pre,long,IS
TRV,2013-01-22,pre,long,IS
TRV,2013-04-23,pre,long,IS
TRV,2013-10-22,pre,long,IS
TRV,2014-07-22,pre,short,IS
TRV,2015-04-21,pre,short,IS
TRV,2015-07-21,pre,long,IS
TRV,2015-10-20,pre,long,IS
TRV,2016-04-21,pre,short,IS
TRV,2017-04-20,pre,short,OOS
TRV,2017-07-20,pre,short,OOS
TRV,2018-01-23,pre,long,OOS
TRV,2018-04-24,pre,short,OOS
TRV,2018-07-19,pre,short,OOS
TRV,2019-04-18,pre,long,OOS
TRVG,2017-08-04,pre,short,OOS
TRWH,2019-08-12,pre,short,OOS
TS,2013-05-01,post,short,IS
TS,2013-08-01,post,short,IS
TS,2013-11-06,post,short,IS
TS,2014-05-01,post,long,IS
TS,2014-07-30,post,short,IS
TS,2014-11-05,post,short,IS
TS,2015-02-18,post,short,IS
TS,2016-11-03,post,long,IS
TS,2017-11-01,post,long,OOS
TS,2018-02-21,post,long,OOS
TSCO,2013-01-30,post,long,IS
TSCO,2014-04-23,post,short,IS
TSCO,2014-10-22,post,long,IS
TSCO,2015-10-21,post,long,IS
TSCO,2016-04-20,post,long,IS
TSCO,2017-02-01,post,long,OOS
TSCO,2018-07-26,pre,long,OOS
TSCO,2019-07-25,pre,short,OOS
TSCO,2021-04-22,pre,long,OOS
TSE,2016-08-01,post,long,IS
TSE,2017-08-02,post,short,OOS
TSE,2018-08-02,post,long,OOS
TSE,2019-05-02,post,long,OOS
TSEM,2015-02-23,pre,long,IS
TSEM,2015-08-05,pre,long,IS
TSEM,2017-02-13,pre,long,OOS
TSEM,2018-05-07,pre,short,OOS
TSEM,2018-07-26,pre,short,OOS
TSEM,2018-10-29,pre,short,OOS
TSG,2019-03-06,pre,long,OOS
TSLA,2013-02-20,post,short,IS
TSLA,2013-05-08,post,long,IS
TSLA,2013-08-07,post,long,IS
TSLA,2014-02-19,post,long,IS
TSLA,2015-02-11,post,short,IS
TSLA,2016-10-26,post,long,IS
TSLA,2017-02-22,post,short,OOS
TSLA,2017-08-02,post,long,OOS
TSLA,2017-11-01,post,short,OOS
TSLA,2018-10-24,post,long,OOS
TSLA,2019-07-24,post,short,OOS
TSLA,2021-01-27,post,short,OOS
TSM,2013-04-18,pre,long,IS
TSM,2014-01-16,pre,long,IS
TSM,2015-01-15,pre,long,IS
TSM,2018-01-18,pre,long,OOS
TSM,2018-04-19,pre,short,OOS
TSM,2018-07-19,pre,long,OOS
TSN,2012-11-19,pre,long,IS
TSN,2013-02-01,pre,long,IS
TSN,2013-05-06,pre,short,IS
TSN,2013-08-05,pre,long,IS
TSN,2013-11-18,pre,long,IS
TSN,2014-01-31,pre,long,IS
TSN,2014-05-05,pre,short,IS
TSN,2014-11-17,pre,long,IS
TSN,2015-01-30,pre,long,IS
TSN,2015-08-03,pre,short,IS
TSN,2016-02-05,pre,long,IS
TSN,2016-05-09,pre,long,IS
TSN,2016-08-08,pre,long,IS
TSN,2016-11-21,pre,short,IS
TSN,2017-02-06,pre,long,OOS
TSN,2017-05-08,pre,short,OOS
TSN,2018-02-08,pre,long,OOS
TSN,2018-05-07,pre,short,OOS
TSN,2018-08-06,pre,long,OOS
TSS,2013-04-23,post,short,IS
TSS,2014-04-22,post,short,IS
TSS,2014-10-28,post,long,IS
TSS,2015-01-27,post,long,IS
TSS,2016-01-26,post,short,IS
TSS,2016-04-26,post,long,IS
TSS,2017-04-25,post,long,OOS
TSS,2017-07-25,post,long,OOS
TSS,2017-10-24,post,long,OOS
TSS,2018-01-23,post,long,OOS
TSS,2018-10-23,post,long,OOS
TSU,2017-02-02,post,long,OOS
TTC,2013-08-22,pre,long,IS
TTC,2014-08-21,pre,long,IS
TTC,2017-02-23,pre,long,OOS
TTC,2017-05-25,pre,long,OOS
TTC,2018-12-06,pre,short,OOS
TTC,2019-05-23,pre,short,OOS
TTC,2019-08-22,pre,long,OOS
TTD,2017-05-11,post,long,OOS
TTD,2017-08-10,post,long,OOS
TTD,2018-02-22,post,long,OOS
TTD,2018-05-10,post,long,OOS
TTD,2018-08-09,post,long,OOS
TTD,2019-02-21,post,long,OOS
TTEC,2021-03-01,post,long,OOS
TTEK,2017-05-03,post,long,OOS
TTEK,2019-01-30,post,long,OOS
TTEK,2019-05-01,post,long,OOS
TTMI,2016-10-26,post,long,IS
TTMI,2017-02-08,post,long,OOS
TTMI,2017-05-03,post,long,OOS
TTWO,2013-02-05,post,long,IS
TTWO,2013-05-13,post,long,IS
TTWO,2013-07-30,post,long,IS
TTWO,2014-10-29,post,long,IS
TTWO,2015-05-18,post,long,IS
TTWO,2015-08-10,post,short,IS
TTWO,2016-02-03,post,long,IS
TTWO,2016-08-04,post,long,IS
TTWO,2016-11-02,post,long,IS
TTWO,2017-02-07,post,long,OOS
TTWO,2017-05-23,pre,long,OOS
TTWO,2017-08-02,post,long,OOS
TTWO,2017-11-07,post,long,OOS
TTWO,2018-08-02,post,long,OOS
TU,2017-08-11,pre,short,OOS
TU,2017-11-09,pre,short,OOS
TU,2018-11-08,pre,long,OOS
TUP,2012-10-24,pre,long,IS
TUP,2013-01-29,pre,long,IS
TUP,2013-10-23,pre,short,IS
TUP,2014-01-29,pre,short,IS
TUP,2014-04-23,pre,long,IS
TUP,2014-10-22,pre,short,IS
TUP,2015-01-28,pre,long,IS
TUP,2015-10-21,pre,long,IS
TUP,2016-01-27,pre,short,IS
TUP,2017-04-25,pre,long,OOS
TUP,2017-10-25,pre,long,OOS
TUP,2018-10-24,pre,long,OOS
TUP,2019-01-30,pre,short,OOS
TUP,2019-07-24,pre,short,OOS
TUSK,2018-05-02,post,short,OOS
TV,2017-07-10,post,short,OOS
TVPT,2017-05-09,pre,long,OOS
TVPT,2017-08-03,pre,long,OOS
TVPT,2018-05-03,pre,long,OOS
TVTY,2017-10-26,post,long,OOS
TVTY,2018-02-22,post,long,OOS
TWI,2013-07-24,post,short,IS
TWLO,2017-08-07,post,long,OOS
TWLO,2018-02-13,post,long,OOS
TWLO,2018-05-08,post,long,OOS
TWLO,2018-08-06,post,long,OOS
TWLO,2018-11-06,post,long,OOS
TWLO,2019-04-30,post,long,OOS
TWNK,2017-08-08,post,short,OOS
TWNK,2018-02-28,post,long,OOS
TWO,2013-08-06,post,short,IS
TWO,2014-05-07,post,short,IS
TWO,2016-02-03,post,short,IS
TWO,2017-05-03,post,long,OOS
TWO,2018-08-07,post,long,OOS
TWO,2019-05-07,post,long,OOS
TWO,2019-08-06,post,short,OOS
TWOU,2017-08-07,post,long,OOS
TWOU,2019-02-25,post,long,OOS
TWOU,2019-07-30,post,short,OOS
TWOU,2019-11-12,post,long,OOS
TWTR,2014-07-29,post,long,IS
TWTR,2015-02-05,post,long,IS
TWTR,2017-04-26,pre,long,OOS
TWTR,2017-10-26,pre,long,OOS
TWTR,2018-02-08,pre,long,OOS
TWTR,2018-10-25,pre,long,OOS
TWTR,2019-04-23,pre,long,OOS
TWTR,2019-07-26,pre,long,OOS
TX,2018-02-20,post,long,OOS
TX,2018-10-30,post,long,OOS
TXN,2014-04-23,post,long,IS
TXN,2015-04-22,post,short,IS
TXN,2015-10-21,post,long,IS
TXN,2016-07-25,post,long,IS
TXN,2017-07-25,post,long,OOS
TXN,2019-07-23,post,long,OOS
TXRH,2013-02-19,post,long,IS
TXRH,2013-04-29,post,long,IS
TXRH,2014-11-03,post,short,IS
TXRH,2015-05-04,post,long,IS
TXRH,2015-08-03,post,short,IS
TXRH,2016-02-22,post,long,IS
TXRH,2016-05-02,post,long,IS
TXRH,2017-02-21,post,short,OOS
TXRH,2017-05-01,post,long,OOS
TXRH,2018-07-30,post,short,OOS
TXRH,2018-10-29,post,short,OOS
TXRH,2019-04-29,post,short,OOS
TXT,2012-10-17,pre,short,IS
TXT,2013-04-17,pre,short,IS
TXT,2013-10-18,pre,short,IS
TXT,2014-05-01,pre,short,IS
TXT,2014-07-16,pre,long,IS
TXT,2014-10-17,pre,long,IS
TXT,2015-07-28,pre,long,IS
TXT,2015-10-27,pre,long,IS
TXT,2016-01-27,pre,short,IS
TXT,2016-04-20,pre,long,IS
TXT,2017-01-25,pre,short,OOS
TXT,2018-01-31,pre,short,OOS
TXT,2018-04-18,pre,long,OOS
TXT,2018-10-18,pre,short,OOS
TXT,2019-01-24,pre,long,OOS
TXT,2019-04-17,pre,long,OOS
TYL,2014-02-05,post,short,IS
TYL,2014-04-23,post,long,IS
TYL,2014-07-23,post,long,IS
TYL,2014-10-22,post,long,IS
TYL,2015-04-22,post,long,IS
TYL,2015-07-22,post,long,IS
TYL,2016-02-17,post,short,IS
TYL,2016-07-27,post,long,IS
TYL,2017-07-26,post,short,OOS
TYL,2017-10-25,post,long,OOS
TYL,2018-07-26,post,long,OOS
TYL,2019-05-01,post,short,OOS
UA,2017-01-31,pre,short,OOS
UA,2017-04-27,pre,long,OOS
UAA,2014-01-30,pre,long,IS
UAA,2015-07-23,pre,long,IS
UAA,2017-01-31,pre,short,OOS
UAA,2017-04-27,pre,long,OOS
UAA,2018-10-30,pre,long,OOS
UAA,2019-05-02,pre,long,OOS
UAL,2014-07-24,pre,long,IS
UAL,2018-04-17,post,long,OOS
UAL,2018-07-17,post,long,OOS
UAL,2019-01-15,post,long,OOS
UAL,2019-04-16,post,long,OOS
UBER,2019-08-08,post,short,OOS
UBER,2020-02-06,post,long,OOS
UBNT,2013-11-07,post,long,IS
UBNT,2014-02-06,post,long,IS
UBNT,2014-08-07,post,long,IS
UBNT,2014-11-06,post,short,IS
UBNT,2015-02-05,post,long,IS
UBNT,2015-11-05,post,long,IS
UBNT,2016-02-04,post,long,IS
UBNT,2016-05-05,post,long,IS
UBNT,2016-08-04,post,long,IS
UBNT,2016-11-03,post,long,IS
UBNT,2017-02-09,post,short,OOS
UBNT,2017-08-03,pre,long,OOS
UBNT,2018-02-08,pre,short,OOS
UBNT,2018-11-09,pre,long,OOS
UBSI,2017-07-27,pre,short,OOS
UCBI,2017-01-25,pre,long,OOS
UCTT,2017-07-27,post,long,OOS
UCTT,2017-10-25,post,short,OOS
UCTT,2018-04-25,post,long,OOS
UDR,2017-07-26,post,short,OOS
UE,2016-05-04,post,short,IS
UFPI,2016-10-18,post,short,IS
UFPI,2018-10-16,post,short,OOS
UFPI,2021-04-21,post,long,OOS
UFS,2014-10-23,pre,long,IS
UFS,2015-04-30,pre,short,IS
UFS,2016-07-27,pre,long,IS
UFS,2018-02-08,pre,short,OOS
UFS,2018-05-01,pre,long,OOS
UFS,2018-08-01,pre,short,OOS
UFS,2019-08-01,pre,short,OOS
UGI,2014-05-07,post,long,IS
UGI,2017-08-02,post,short,OOS
UGI,2018-01-31,post,long,OOS
UGI,2018-08-01,post,short,OOS
UGI,2019-02-05,post,short,OOS
UHAL,2016-05-25,post,short,IS
UHAL,2016-08-03,post,short,IS
UHAL,2017-02-08,post,short,OOS
UHAL,2017-05-24,post,short,OOS
UHAL,2017-08-09,post,short,OOS
UHAL,2017-11-08,post,short,OOS
UHAL,2018-08-08,post,short,OOS
UHAL,2018-11-07,post,long,OOS
UHS,2013-07-25,post,long,IS
UHS,2014-04-24,post,long,IS
UHS,2014-07-24,post,long,IS
UHS,2017-02-28,post,long,OOS
UHS,2017-07-25,post,short,OOS
UHS,2018-04-25,post,short,OOS
UHS,2019-07-25,post,long,OOS
UIS,2013-04-23,post,short,IS
UIS,2013-07-23,post,long,IS
UIS,2014-01-30,post,long,IS
UIS,2014-04-22,post,short,IS
UIS,2014-10-21,post,long,IS
ULTA,2012-11-29,post,long,IS
ULTA,2013-06-11,post,long,IS
ULTA,2013-09-12,post,long,IS
ULTA,2013-12-05,post,short,IS
ULTA,2014-03-13,post,long,IS
ULTA,2014-06-10,post,long,IS
ULTA,2014-09-11,post,long,IS
ULTA,2015-03-12,post,long,IS
ULTA,2015-05-28,post,long,IS
ULTA,2015-12-03,post,long,IS
ULTA,2016-03-10,post,long,IS
ULTA,2016-05-26,post,long,IS
ULTA,2016-12-01,post,long,IS
ULTA,2017-05-25,post,long,OOS
ULTA,2019-03-14,post,long,OOS
ULTI,2013-04-30,post,long,IS
ULTI,2013-07-30,post,long,IS
ULTI,2013-10-29,post,long,IS
ULTI,2015-10-27,post,long,IS
ULTI,2016-02-02,post,long,IS
ULTI,2017-02-07,post,short,OOS
ULTI,2017-11-01,post,long,OOS
ULTI,2018-02-06,post,long,OOS
ULTI,2018-07-31,post,long,OOS
UMBF,2017-07-25,post,short,OOS
UMBF,2017-10-24,post,long,OOS
UMBF,2018-01-23,post,long,OOS
UMBF,2018-07-24,post,short,OOS
UMBF,2019-01-29,post,short,OOS
UMBF,2019-04-23,pre,long,OOS
UMPQ,2017-07-19,post,short,OOS
UMPQ,2017-10-18,post,long,OOS
UMPQ,2018-01-23,post,long,OOS
UMPQ,2018-04-18,post,long,OOS
UMPQ,2018-10-17,post,long,OOS
UNF,2016-03-30,pre,short,IS
UNF,2016-06-29,pre,long,IS
UNF,2018-06-27,pre,long,OOS
UNF,2019-03-27,pre,long,OOS
UNF,2019-06-26,pre,long,OOS
UNFI,2013-09-12,post,long,IS
UNFI,2014-06-10,post,short,IS
UNFI,2014-09-17,post,long,IS
UNFI,2014-12-04,pre,long,IS
UNFI,2015-03-09,post,short,IS
UNFI,2015-06-08,post,short,IS
UNFI,2015-12-07,post,short,IS
UNFI,2016-03-07,post,long,IS
UNFI,2016-06-06,post,long,IS
UNFI,2016-12-07,post,short,IS
UNFI,2017-09-13,post,long,OOS
UNFI,2018-03-08,post,long,OOS
UNFI,2018-09-20,post,short,OOS
UNFI,2018-12-06,post,short,OOS
UNH,2013-07-18,pre,long,IS
UNH,2013-10-17,pre,short,IS
UNH,2014-10-16,pre,long,IS
UNH,2015-04-16,pre,long,IS
UNH,2016-04-19,pre,long,IS
UNH,2016-10-18,pre,long,IS
UNH,2017-04-18,pre,long,OOS
UNH,2017-10-17,pre,long,OOS
UNH,2018-01-16,pre,long,OOS
UNH,2018-04-17,pre,long,OOS
UNH,2018-10-16,pre,long,OOS
UNH,2019-04-16,pre,long,OOS
UNM,2013-11-04,post,long,IS
UNM,2016-10-26,post,long,IS
UNM,2018-05-01,post,short,OOS
UNM,2018-07-30,post,long,OOS
UNP,2013-04-18,pre,long,IS
UNP,2014-01-23,pre,long,IS
UNP,2014-10-23,pre,long,IS
UNP,2015-01-22,pre,long,IS
UNP,2015-04-23,pre,short,IS
UNP,2015-10-22,pre,long,IS
UNP,2016-01-21,pre,short,IS
UNP,2016-04-21,pre,long,IS
UNP,2016-10-20,pre,short,IS
UNP,2017-01-19,pre,long,OOS
UNP,2017-04-27,pre,long,OOS
UNP,2018-01-25,pre,short,OOS
UNP,2019-01-24,pre,long,OOS
UNP,2019-04-18,pre,long,OOS
UNP,2019-07-18,pre,long,OOS
UNT,2017-05-04,pre,short,OOS
UNVR,2017-11-03,pre,long,OOS
UNVR,2018-02-28,pre,long,OOS
UNVR,2018-08-01,pre,short,OOS
UNVR,2018-11-06,pre,short,OOS
UPL,2014-05-01,pre,long,IS
UPL,2014-07-31,pre,short,IS
UPL,2017-08-09,pre,short,OOS
UPLD,2019-08-07,post,long,OOS
UPS,2013-01-31,pre,short,IS
UPS,2013-04-25,pre,long,IS
UPS,2014-07-29,pre,short,IS
UPS,2014-10-24,pre,long,IS
UPS,2015-04-28,pre,long,IS
UPS,2015-07-28,pre,long,IS
UPS,2017-01-31,pre,short,OOS
UPS,2019-01-31,pre,long,OOS
UPS,2019-04-25,pre,short,OOS
UPS,2019-07-24,pre,long,OOS
URBN,2013-08-19,post,long,IS
URBN,2014-05-19,post,short,IS
URBN,2014-11-17,post,short,IS
URBN,2015-03-09,post,long,IS
URBN,2015-05-18,post,short,IS
URBN,2016-03-07,post,long,IS
URBN,2016-08-16,post,long,IS
URBN,2016-11-22,post,short,IS
URBN,2017-03-07,post,short,OOS
URBN,2017-08-15,post,long,OOS
URBN,2018-08-21,post,long,OOS
URI,2012-10-16,post,long,IS
URI,2013-07-16,post,long,IS
URI,2014-07-16,post,long,IS
URI,2015-01-21,post,long,IS
URI,2016-01-27,post,short,IS
URI,2016-07-20,post,long,IS
URI,2016-10-19,post,long,IS
URI,2017-01-25,post,long,OOS
URI,2017-07-19,post,long,OOS
URI,2019-01-23,post,long,OOS
URI,2019-04-17,post,long,OOS
USB,2016-07-15,pre,long,IS
USB,2019-04-17,pre,short,OOS
USCR,2016-03-03,pre,long,IS
USCR,2016-08-04,pre,short,IS
USCR,2017-02-28,pre,long,OOS
USCR,2017-05-04,pre,long,OOS
USCR,2017-11-03,pre,short,OOS
USCR,2018-03-01,pre,short,OOS
USCR,2018-11-01,pre,short,OOS
USFD,2018-02-15,pre,long,OOS
USFD,2018-11-06,pre,long,OOS
USFD,2019-02-12,pre,short,OOS
USFD,2019-08-06,pre,long,OOS
USG,2012-10-18,pre,short,IS
USG,2013-07-25,pre,long,IS
USG,2014-02-06,pre,long,IS
USG,2015-07-23,pre,long,IS
USG,2016-02-05,pre,long,IS
USG,2016-04-21,pre,long,IS
USG,2016-07-26,pre,short,IS
USG,2017-04-27,pre,short,OOS
USG,2017-07-26,pre,short,OOS
USG,2018-02-01,pre,long,OOS
USG,2019-02-14,pre,short,OOS
USNA,2015-08-04,post,long,IS
USNA,2016-02-09,post,short,IS
USNA,2016-07-26,post,long,IS
USNA,2019-04-30,post,long,OOS
USPH,2019-11-07,pre,short,OOS
UTHR,2013-04-25,pre,short,IS
UTHR,2013-07-25,pre,long,IS
UTHR,2014-07-29,pre,long,IS
UTHR,2015-10-27,pre,long,IS
UTHR,2017-02-22,pre,short,OOS
UTHR,2017-10-25,pre,long,OOS
UTX,2014-01-22,pre,long,IS
UTX,2014-10-21,pre,long,IS
UTX,2015-04-21,pre,long,IS
UTX,2015-10-20,pre,long,IS
UTX,2016-07-26,pre,long,IS
UTX,2016-10-25,pre,long,IS
UTX,2018-04-24,pre,long,OOS
UTX,2019-01-23,pre,long,OOS
UTX,2019-04-23,pre,long,OOS
UTX,2019-07-23,pre,long,OOS
V,2013-05-01,post,long,IS
V,2013-07-24,post,long,IS
V,2014-01-30,pre,long,IS
V,2014-10-29,post,long,IS
V,2015-07-23,post,long,IS
V,2017-02-02,post,long,OOS
V,2017-04-20,post,long,OOS
V,2017-07-20,post,long,OOS
V,2018-04-25,post,long,OOS
VAC,2014-10-16,pre,short,IS
VAC,2015-04-30,pre,long,IS
VAC,2015-10-15,pre,short,IS
VAC,2016-02-25,pre,long,IS
VAC,2016-07-21,pre,long,IS
VAC,2016-10-13,pre,short,IS
VAC,2017-02-23,pre,long,OOS
VAC,2017-08-03,pre,long,OOS
VAC,2017-11-02,pre,long,OOS
VAC,2018-11-07,pre,short,OOS
VAC,2019-02-28,pre,long,OOS
VAC,2019-05-07,pre,short,OOS
VAR,2012-10-25,post,long,IS
VAR,2013-10-23,post,short,IS
VAR,2014-10-22,post,short,IS
VAR,2015-01-28,post,long,IS
VAR,2015-10-28,post,short,IS
VAR,2016-07-27,post,long,IS
VAR,2017-01-25,post,short,OOS
VAR,2017-10-25,post,short,OOS
VAR,2018-01-24,post,long,OOS
VAR,2019-04-24,post,short,OOS
VBTX,2018-10-22,post,short,OOS
VC,2013-05-09,pre,long,IS
VC,2013-08-08,pre,long,IS
VC,2015-05-07,pre,long,IS
VC,2015-11-05,pre,long,IS
VC,2016-02-25,pre,long,IS
VC,2017-02-23,pre,long,OOS
VC,2017-04-27,pre,long,OOS
VC,2019-02-21,pre,long,OOS
VC,2019-04-25,pre,short,OOS
VCRA,2021-02-11,post,long,OOS
VCYT,2019-04-30,post,long,OOS
VEEV,2013-12-05,post,long,IS
VEEV,2014-03-04,post,long,IS
VEEV,2014-08-28,post,long,IS
VEEV,2014-11-25,post,long,IS
VEEV,2016-05-26,post,long,IS
VEEV,2016-08-30,post,long,IS
VEEV,2016-11-22,post,long,IS
VEEV,2017-05-25,post,long,OOS
VEEV,2018-02-27,post,long,OOS
VEEV,2019-05-29,post,long,OOS
VER,2018-08-03,pre,short,OOS
VERI,2017-11-06,post,short,OOS
VERU,2021-02-10,pre,long,OOS
VFC,2013-10-21,pre,long,IS
VFC,2014-02-14,pre,short,IS
VFC,2015-07-24,pre,long,IS
VFC,2015-10-23,pre,short,IS
VFC,2016-02-19,pre,short,IS
VFC,2016-04-29,pre,long,IS
VFC,2017-10-23,pre,long,OOS
VFC,2018-02-16,pre,short,OOS
VFC,2018-07-20,pre,long,OOS
VFC,2019-01-18,pre,long,OOS
VFC,2019-07-24,pre,long,OOS
VG,2016-10-26,pre,long,IS
VG,2017-02-14,pre,short,OOS
VG,2018-02-21,pre,short,OOS
VG,2019-02-21,pre,short,OOS
VG,2019-05-08,pre,long,OOS
VG,2019-08-06,pre,long,OOS
VGR,2017-03-01,post,short,OOS
VGR,2017-08-04,pre,long,OOS
VGR,2019-02-28,pre,long,OOS
VIAB,2013-05-01,pre,long,IS
VIAB,2014-01-30,pre,long,IS
VIAB,2015-08-06,pre,short,IS
VIAB,2017-02-09,pre,long,OOS
VIAB,2017-11-16,pre,short,OOS
VIAB,2018-02-08,pre,long,OOS
VIAB,2019-08-08,pre,long,OOS
VIAV,2018-02-01,post,long,OOS
VIAV,2018-05-03,post,long,OOS
VIAV,2019-02-05,post,long,OOS
VIAV,2019-05-02,post,long,OOS
VIPS,2014-03-03,post,long,IS
VIPS,2015-02-16,post,long,IS
VIPS,2016-08-15,post,long,IS
VIPS,2017-02-20,post,long,OOS
VIPS,2017-08-16,post,short,OOS
VIPS,2017-11-20,post,short,OOS
VIPS,2018-08-13,post,short,OOS
VIPS,2019-02-20,post,short,OOS
VIPS,2019-08-14,post,long,OOS
VIRT,2018-07-27,pre,short,OOS
VIRT,2019-08-08,pre,short,OOS
VIV,2016-02-24,post,long,IS
VJET,2013-11-14,post,long,IS
VLO,2013-01-29,pre,long,IS
VLO,2019-01-31,pre,long,OOS
VLY,2017-10-25,pre,short,OOS
VMC,2014-02-06,pre,long,IS
VMC,2015-02-05,pre,long,IS
VMC,2016-02-04,pre,long,IS
VMC,2016-05-03,pre,long,IS
VMC,2017-02-07,pre,short,OOS
VMC,2017-05-10,pre,long,OOS
VMC,2018-05-03,pre,long,OOS
VMC,2018-10-30,pre,long,OOS
VMC,2019-02-14,pre,long,OOS
VMC,2019-05-02,pre,long,OOS
VMI,2013-04-18,post,long,IS
VMI,2013-10-17,post,short,IS
VMI,2015-02-17,post,short,IS
VMI,2015-07-22,post,short,IS
VMI,2016-04-20,post,long,IS
VMI,2016-10-19,post,short,IS
VMI,2017-02-21,post,long,OOS
VMI,2017-10-18,post,short,OOS
VMW,2013-07-23,post,long,IS
VMW,2013-10-21,post,long,IS
VMW,2016-04-19,post,long,IS
VMW,2016-07-18,post,long,IS
VMW,2016-10-26,post,long,IS
VMW,2017-01-26,post,long,OOS
VMW,2017-08-24,post,long,OOS
VMW,2018-05-31,post,long,OOS
VMW,2019-02-28,post,long,OOS
VNDA,2018-11-07,post,long,OOS
VNE,2021-02-03,pre,long,OOS
VNET,2014-11-25,post,short,IS
VNO,2014-05-05,post,short,IS
VNO,2015-05-04,post,short,IS
VNO,2016-05-02,post,short,IS
VNO,2016-08-01,post,short,IS
VNO,2019-02-11,post,short,OOS
VNO,2019-07-29,post,long,OOS
VNOM,2018-05-01,post,long,OOS
VNOM,2018-10-29,post,short,OOS
VNTR,2017-10-27,pre,long,OOS
VNTR,2018-02-23,pre,short,OOS
VOYA,2013-11-06,pre,long,IS
VOYA,2015-02-11,pre,long,IS
VOYA,2015-08-05,pre,short,IS
VOYA,2016-02-10,pre,long,IS
VOYA,2016-05-04,pre,short,IS
VOYA,2017-08-01,post,short,OOS
VOYA,2019-02-05,post,long,OOS
VRM,2020-08-12,post,short,OOS
VRM,2021-03-03,post,short,OOS
VRNS,2017-11-02,post,long,OOS
VRNS,2018-07-30,post,short,OOS
VRNT,2013-03-27,post,long,IS
VRNT,2014-06-04,post,long,IS
VRNT,2014-09-04,post,long,IS
VRNT,2015-03-25,post,short,IS
VRNT,2015-12-02,post,short,IS
VRNT,2016-03-29,post,short,IS
VRNT,2016-12-07,post,short,IS
VRNT,2017-03-28,post,long,OOS
VRNT,2017-06-07,post,long,OOS
VRNT,2017-09-06,post,long,OOS
VRNT,2018-03-28,post,long,OOS
VRNT,2019-03-27,post,long,OOS
VRNT,2019-05-29,post,long,OOS
VRSK,2012-10-30,post,long,IS
VRSK,2013-02-26,post,long,IS
VRSK,2013-07-30,post,long,IS
VRSK,2015-02-24,post,long,IS
VRSK,2015-04-28,post,long,IS
VRSK,2015-07-28,post,long,IS
VRSK,2016-08-02,post,short,IS
VRSK,2017-05-02,post,short,OOS
VRSK,2017-10-31,post,long,OOS
VRSK,2018-02-20,post,long,OOS
VRSK,2018-07-31,post,long,OOS
VRSK,2019-02-19,post,short,OOS
VRSN,2013-01-24,post,long,IS
VRSN,2013-07-25,post,long,IS
VRSN,2014-07-24,post,long,IS
VRSN,2015-04-23,post,short,IS
VRSN,2016-04-28,post,long,IS
VRSN,2016-10-27,post,long,IS
VRSN,2017-04-27,post,long,OOS
VRSN,2017-07-27,post,long,OOS
VRSN,2018-07-26,post,long,OOS
VRSN,2019-04-25,post,long,OOS
VRTS,2013-10-29,post,long,IS
VRTU,2017-05-16,pre,short,OOS
VRTX,2012-11-01,post,short,IS
VRTX,2015-01-28,post,short,IS
VRTX,2015-10-28,post,long,IS
VRTX,2018-01-31,post,long,OOS
VRTX,2019-02-05,post,long,OOS
VRTX,2019-07-31,post,long,OOS
VSAT,2013-08-06,post,long,IS
VSAT,2014-08-12,post,short,IS
VSAT,2015-02-10,post,long,IS
VSAT,2015-08-06,post,short,IS
VSAT,2016-05-24,post,short,IS
VSAT,2016-11-08,post,long,IS
VSAT,2017-05-23,post,long,OOS
VSAT,2017-08-08,post,short,OOS
VSAT,2018-05-24,post,long,OOS
VSAT,2018-11-01,pre,long,OOS
VSAT,2019-02-07,post,long,OOS
VSAT,2019-05-23,post,long,OOS
VSH,2013-02-05,pre,long,IS
VSH,2013-04-30,pre,long,IS
VSH,2013-10-29,pre,short,IS
VSH,2014-02-04,pre,long,IS
VSH,2014-07-29,pre,long,IS
VSH,2015-11-03,pre,long,IS
VSH,2016-05-03,pre,long,IS
VSH,2017-05-03,pre,long,OOS
VSH,2018-02-06,pre,short,OOS
VSH,2018-05-08,pre,long,OOS
VSH,2019-02-05,pre,long,OOS
VSI,2013-11-05,pre,long,IS
VSI,2014-02-25,pre,long,IS
VSI,2014-05-07,pre,long,IS
VSI,2014-08-05,pre,short,IS
VSI,2014-11-04,pre,short,IS
VSI,2015-05-06,pre,short,IS
VSM,2017-02-13,pre,long,OOS
VSM,2017-08-01,pre,long,OOS
VSTO,2015-05-14,pre,short,IS
VSTO,2016-02-11,pre,long,IS
VSTO,2016-08-11,pre,short,IS
VSTO,2016-11-10,pre,long,IS
VSTO,2017-05-11,pre,short,OOS
VSTO,2017-08-10,pre,long,OOS
VSTO,2018-02-08,pre,long,OOS
VSTO,2018-05-01,pre,short,OOS
VTR,2016-04-29,pre,short,IS
VUZI,2021-05-10,post,short,OOS
VVC,2016-05-09,post,short,IS
VVC,2016-11-02,post,long,IS
VVUS,2012-11-06,pre,short,IS
VVUS,2013-02-25,post,short,IS
VVUS,2013-08-06,post,short,IS
VVUS,2013-11-05,post,short,IS
VVV,2017-01-26,post,long,OOS
VVV,2018-08-01,post,short,OOS
VVV,2019-02-06,post,short,OOS
VVV,2019-07-31,post,long,OOS
VZ,2013-04-18,pre,long,IS
VZ,2013-10-17,pre,long,IS
VZ,2017-01-24,pre,short,OOS
VZ,2017-04-20,pre,short,OOS
VZ,2018-04-24,pre,long,OOS
VZ,2018-10-23,pre,long,OOS
VZ,2019-08-01,pre,long,OOS
W,2015-03-04,pre,long,IS
W,2015-05-11,pre,long,IS
W,2015-08-12,pre,long,IS
W,2017-05-09,pre,long,OOS
W,2017-11-02,pre,short,OOS
W,2018-02-22,pre,short,OOS
W,2018-11-01,pre,short,OOS
W,2019-02-22,pre,long,OOS
W,2019-05-02,pre,short,OOS
WAB,2014-07-24,pre,long,IS
WAB,2014-10-28,pre,long,IS
WAB,2015-04-22,pre,long,IS
WAB,2015-07-23,pre,long,IS
WAB,2015-10-22,pre,short,IS
WAB,2016-07-25,pre,short,IS
WAB,2016-10-25,pre,short,IS
WAB,2017-02-21,pre,short,OOS
WAB,2017-07-25,pre,short,OOS
WAGE,2016-05-05,post,long,IS
WAGE,2016-08-09,post,long,IS
WAGE,2017-05-04,post,long,OOS
WAGE,2017-08-01,post,long,OOS
WAL,2015-04-20,post,long,IS
WAL,2019-04-22,post,long,OOS
WAL,2019-07-18,post,long,OOS
WAT,2013-07-23,pre,short,IS
WAT,2013-10-22,pre,short,IS
WAT,2014-01-28,pre,long,IS
WAT,2014-04-29,pre,short,IS
WAT,2014-07-22,pre,long,IS
WAT,2014-10-21,pre,long,IS
WAT,2015-04-28,pre,long,IS
WAT,2016-07-26,pre,long,IS
WAT,2017-04-25,pre,long,OOS
WAT,2018-01-23,pre,long,OOS
WAT,2019-01-23,pre,long,OOS
WAT,2019-04-23,pre,short,OOS
WB,2016-05-11,post,long,IS
WB,2017-05-16,pre,long,OOS
WB,2018-08-08,pre,long,OOS
WB,2019-08-19,pre,long,OOS
WBA,2015-04-09,pre,long,IS
WBA,2015-07-09,pre,long,IS
WBA,2016-01-07,pre,long,IS
WBA,2016-10-20,pre,long,IS
WBA,2017-06-29,pre,long,OOS
WBA,2017-10-25,pre,long,OOS
WBA,2019-04-02,pre,short,OOS
WBA,2019-06-27,pre,long,OOS
WBAI,2014-08-11,pre,long,IS
WBC,2012-11-02,pre,short,IS
WBC,2013-02-15,pre,long,IS
WBC,2013-04-25,pre,long,IS
WBC,2014-07-25,pre,short,IS
WBC,2015-04-23,pre,short,IS
WBC,2015-07-24,pre,short,IS
WBC,2016-07-20,pre,long,IS
WBC,2017-07-20,pre,long,OOS
WBC,2017-10-19,pre,long,OOS
WBS,2016-04-19,pre,short,IS
WBS,2018-04-19,pre,long,OOS
WBS,2019-01-24,pre,long,OOS
WBT,2017-08-09,pre,long,OOS
WBT,2018-05-07,pre,long,OOS
WBT,2018-11-05,pre,short,OOS
WBT,2019-05-07,pre,short,OOS
WBT,2019-08-06,pre,long,OOS
WCC,2012-10-18,pre,long,IS
WCC,2013-01-31,pre,short,IS
WCC,2013-07-25,pre,short,IS
WCC,2013-10-24,pre,long,IS
WCC,2014-01-30,pre,short,IS
WCC,2014-07-24,pre,short,IS
WCC,2014-10-23,pre,long,IS
WCC,2015-04-23,pre,short,IS
WCC,2015-07-23,pre,short,IS
WCC,2016-10-27,pre,short,IS
WCC,2017-10-26,pre,long,OOS
WCC,2019-05-02,pre,short,OOS
WCG,2012-10-31,pre,short,IS
WCG,2013-02-13,pre,long,IS
WCG,2013-08-07,pre,long,IS
WCG,2014-02-12,pre,short,IS
WCG,2014-05-06,pre,long,IS
WCG,2015-05-06,pre,long,IS
WCG,2015-08-05,pre,long,IS
WCG,2016-05-03,pre,long,IS
WCG,2016-08-02,pre,long,IS
WCG,2016-11-01,pre,long,IS
WCG,2017-05-03,pre,long,OOS
WCG,2017-10-31,pre,long,OOS
WCN,2017-02-21,post,long,OOS
WCN,2017-07-25,post,long,OOS
WCN,2017-10-25,post,long,OOS
WCN,2018-02-14,post,long,OOS
WCN,2018-10-29,post,long,OOS
WCN,2019-04-24,post,long,OOS
WDAY,2013-11-25,post,long,IS
WDAY,2014-02-26,post,long,IS
WDAY,2014-05-27,post,long,IS
WDAY,2016-02-29,post,long,IS
WDAY,2018-11-29,post,long,OOS
WDC,2013-04-24,post,long,IS
WDC,2013-10-24,post,long,IS
WDC,2015-01-27,post,long,IS
WDC,2015-04-28,post,short,IS
WDC,2015-07-29,post,long,IS
WDC,2016-04-28,post,short,IS
WDC,2016-10-26,post,long,IS
WDC,2017-04-27,post,long,OOS
WDC,2018-10-25,post,short,OOS
WDFC,2019-07-09,post,long,OOS
WDR,2013-01-29,pre,long,IS
WDR,2015-04-28,pre,short,IS
WDR,2018-07-31,pre,long,OOS
WEC,2017-02-01,pre,short,OOS
WEN,2013-07-23,pre,long,IS
WEN,2015-05-06,pre,long,IS
WEN,2015-11-04,pre,long,IS
WEN,2017-02-16,pre,short,OOS
WEN,2017-05-10,pre,long,OOS
WEN,2017-08-09,pre,long,OOS
WEN,2017-11-08,pre,short,OOS
WEN,2021-05-12,pre,long,OOS
WERN,2013-04-18,post,short,IS
WERN,2013-07-22,post,short,IS
WERN,2015-07-20,post,long,IS
WERN,2016-01-28,post,long,IS
WERN,2016-04-20,post,short,IS
WERN,2017-01-30,post,long,OOS
WERN,2017-04-20,post,long,OOS
WERN,2017-07-24,post,long,OOS
WERN,2018-07-23,post,long,OOS
WERN,2018-10-18,post,long,OOS
WERN,2019-02-06,post,long,OOS
WERN,2019-04-25,post,long,OOS
WERN,2019-07-25,post,short,OOS
WES,2017-05-02,post,short,OOS
WES,2017-10-31,post,short,OOS
WES,2019-07-30,post,short,OOS
WETF,2013-10-25,pre,long,IS
WETF,2015-02-06,pre,short,IS
WETF,2015-07-31,pre,long,IS
WETF,2018-02-02,pre,short,OOS
WEX,2014-07-30,pre,long,IS
WEX,2015-10-28,pre,short,IS
WEX,2016-10-27,pre,long,IS
WEX,2018-02-21,pre,long,OOS
WEX,2018-10-31,pre,long,OOS
WFC,2018-07-13,pre,short,OOS
WFT,2013-02-26,post,short,IS
WFT,2014-04-24,post,long,IS
WFT,2014-07-23,post,long,IS
WFT,2015-10-21,post,long,IS
WFT,2016-02-03,post,long,IS
WGO,2016-12-21,pre,long,IS
WGO,2017-06-21,pre,long,OOS
WGO,2018-06-20,pre,long,OOS
WGO,2018-10-17,pre,long,OOS
WGO,2018-12-19,pre,long,OOS
WH,2019-04-30,pre,long,OOS
WHR,2012-10-23,pre,long,IS
WHR,2013-01-31,pre,long,IS
WHR,2013-10-22,pre,long,IS
WHR,2014-07-23,pre,short,IS
WHR,2015-02-04,pre,long,IS
WHR,2015-04-28,pre,short,IS
WHR,2015-07-22,pre,long,IS
WHR,2015-10-23,pre,long,IS
WHR,2016-04-26,pre,short,IS
WHR,2016-10-25,pre,short,IS
WHR,2017-01-26,pre,short,OOS
WHR,2017-07-26,post,short,OOS
WHR,2017-10-23,post,short,OOS
WHR,2018-07-23,post,short,OOS
WHR,2018-10-24,post,long,OOS
WHR,2019-04-22,post,long,OOS
WIN,2015-08-06,pre,long,IS
WING,2017-05-04,post,long,OOS
WING,2017-08-03,post,long,OOS
WING,2017-11-02,post,long,OOS
WING,2018-05-03,post,long,OOS
WING,2018-08-02,post,long,OOS
WING,2019-02-27,post,short,OOS
WIX,2016-11-10,pre,long,IS
WIX,2017-02-15,pre,long,OOS
WIX,2017-07-27,post,short,OOS
WIX,2017-11-08,pre,short,OOS
WIX,2019-05-16,pre,short,OOS
WK,2019-08-06,post,long,OOS
WLK,2013-05-06,pre,long,IS
WLK,2013-11-07,pre,long,IS
WLK,2014-08-05,pre,short,IS
WLK,2015-08-04,pre,long,IS
WLK,2016-02-23,pre,short,IS
WLK,2016-11-08,pre,short,IS
WLK,2017-05-02,pre,long,OOS
WLK,2017-11-07,pre,long,OOS
WLK,2018-08-02,pre,short,OOS
WLK,2018-11-06,pre,long,OOS
WLK,2019-02-19,pre,short,OOS
WLK,2019-08-06,pre,long,OOS
WLL,2018-02-21,post,long,OOS
WLL,2019-02-26,post,short,OOS
WLL,2019-05-01,post,short,OOS
WLL,2019-07-31,post,short,OOS
WLTW,2016-02-09,post,short,IS
WLTW,2017-02-09,pre,long,OOS
WLTW,2017-05-04,pre,long,OOS
WLTW,2018-11-02,pre,long,OOS
WLTW,2019-02-07,pre,short,OOS
WLTW,2019-05-01,pre,short,OOS
WM,2013-02-14,pre,short,IS
WM,2014-02-18,pre,short,IS
WM,2015-02-17,pre,long,IS
WM,2016-10-26,pre,long,IS
WM,2017-02-16,pre,short,OOS
WM,2017-10-26,pre,long,OOS
WM,2018-02-15,pre,long,OOS
WMB,2012-08-01,post,short,IS
WMB,2013-02-20,post,short,IS
WMB,2013-05-07,post,short,IS
WMB,2013-07-31,post,long,IS
WMB,2017-08-02,post,short,OOS
WMB,2019-07-31,post,long,OOS
WMC,2014-05-08,pre,short,IS
WMGI,2016-02-23,post,long,IS
WMGI,2016-08-02,post,long,IS
WMGI,2016-11-02,post,long,IS
WMGI,2017-02-21,post,long,OOS
WMGI,2017-05-03,post,short,OOS
WMGI,2017-08-02,post,long,OOS
WMGI,2018-05-09,post,long,OOS
WMGI,2018-08-08,post,long,OOS
WMGI,2018-11-07,post,long,OOS
WMT,2013-05-16,pre,short,IS
WMT,2013-08-15,pre,short,IS
WMT,2014-05-15,pre,short,IS
WMT,2014-11-13,pre,long,IS
WMT,2015-05-19,pre,short,IS
WMT,2015-08-18,pre,short,IS
WMT,2015-11-17,pre,long,IS
WMT,2016-05-19,pre,long,IS
WMT,2016-08-18,pre,long,IS
WMT,2017-02-21,pre,long,OOS
WMT,2017-05-18,pre,long,OOS
WMT,2017-11-16,pre,long,OOS
WMT,2018-02-20,pre,short,OOS
WMT,2018-08-16,pre,long,OOS
WMT,2019-02-19,pre,long,OOS
WMT,2019-05-16,pre,long,OOS
WNC,2014-02-05,post,short,IS
WNC,2015-07-28,post,long,IS
WNC,2015-10-27,post,long,IS
WNC,2016-02-02,post,long,IS
WNC,2016-04-26,post,long,IS
WNC,2016-07-26,post,long,IS
WNC,2017-07-25,post,short,OOS
WNC,2017-10-31,post,short,OOS
WNC,2018-01-30,post,long,OOS
WOR,2013-12-19,pre,long,IS
WOR,2014-06-26,pre,long,IS
WOR,2016-06-29,pre,long,IS
WOR,2016-12-19,post,short,IS
WOR,2017-03-29,post,short,OOS
WOR,2017-09-27,pre,short,OOS
WOR,2018-09-26,pre,short,OOS
WP,2018-02-28,pre,long,OOS
WP,2018-08-09,pre,long,OOS
WP,2019-02-26,pre,long,OOS
WPRT,2013-08-01,post,short,IS
WPX,2016-11-02,post,long,IS
WPX,2017-02-22,post,long,OOS
WRB,2014-04-22,post,long,IS
WRB,2014-07-28,post,long,IS
WRB,2015-02-03,post,short,IS
WRB,2015-07-27,post,short,IS
WRB,2015-10-26,post,long,IS
WRB,2017-07-25,post,short,OOS
WRB,2017-10-24,post,long,OOS
WRB,2018-04-24,post,long,OOS
WRB,2018-10-23,post,long,OOS
WRB,2019-07-23,post,long,OOS
WRE,2015-07-23,post,short,IS
WRE,2016-10-27,post,long,IS
WRK,2016-04-29,pre,long,IS
WRK,2016-11-07,pre,long,IS
WRK,2017-04-26,pre,long,OOS
WRLD,2013-10-24,pre,short,IS
WRLD,2014-01-28,pre,long,IS
WRLD,2014-04-29,pre,short,IS
WRLD,2015-04-30,pre,long,IS
WSM,2013-03-19,post,long,IS
WSM,2013-11-20,post,long,IS
WSM,2014-03-12,post,long,IS
WSM,2014-05-21,post,long,IS
WSM,2014-11-19,post,long,IS
WSM,2015-05-20,post,long,IS
WSM,2016-03-16,post,short,IS
WSM,2016-05-25,post,long,IS
WSM,2017-03-15,post,long,OOS
WSM,2017-05-24,post,long,OOS
WSM,2017-08-23,post,long,OOS
WSM,2018-05-23,post,long,OOS
WSM,2018-08-22,post,long,OOS
WSM,2019-03-20,post,long,OOS
WSO,2012-10-25,pre,short,IS
WSO,2014-04-17,pre,long,IS
WSO,2015-04-15,pre,long,IS
WSO,2015-10-27,pre,short,IS
WSO,2016-04-20,pre,short,IS
WSO,2016-07-22,pre,short,IS
WSO,2016-10-25,pre,short,IS
WSO,2017-02-14,pre,short,OOS
WSO,2017-10-25,pre,short,OOS
WSO,2018-07-25,pre,short,OOS
WSO,2018-10-25,pre,short,OOS
WSO,2019-02-14,pre,short,OOS
WSO,2020-02-13,pre,short,OOS
WST,2014-07-31,pre,long,IS
WST,2017-04-27,pre,long,OOS
WST,2017-07-27,pre,short,OOS
WST,2017-10-26,pre,long,OOS
WST,2019-04-25,pre,long,OOS
WST,2019-07-25,pre,long,OOS
WST,2020-02-13,pre,long,OOS
WTFC,2015-07-15,post,long,IS
WTFC,2016-04-18,post,long,IS
WTFC,2017-07-18,post,long,OOS
WTFC,2018-04-16,post,long,OOS
WTFC,2019-01-22,post,short,OOS
WTFC,2019-07-15,post,short,OOS
WTI,2014-03-06,post,short,IS
WTR,2015-05-05,post,long,IS
WTR,2016-11-01,post,long,IS
WTW,2012-11-05,post,long,IS
WTW,2013-05-02,post,long,IS
WTW,2014-04-30,post,long,IS
WTW,2015-02-26,post,short,IS
WTW,2015-11-05,post,long,IS
WTW,2016-02-25,post,short,IS
WTW,2016-05-04,post,long,IS
WTW,2016-08-04,post,short,IS
WTW,2017-02-28,post,long,OOS
WTW,2017-05-02,post,long,OOS
WTW,2017-08-03,post,long,OOS
WTW,2017-11-06,post,long,OOS
WTW,2018-02-27,post,long,OOS
WTW,2019-02-26,post,short,OOS
WU,2013-07-30,pre,long,IS
WU,2014-05-01,post,long,IS
WU,2014-10-30,post,long,IS
WU,2015-04-30,post,long,IS
WU,2015-07-30,post,long,IS
WU,2017-08-03,post,long,OOS
WU,2018-08-02,post,short,OOS
WU,2019-05-07,post,short,OOS
WUBA,2015-03-08,pre,long,IS
WUBA,2016-11-09,post,short,IS
WW,2019-05-02,post,long,OOS
WW,2019-08-06,post,long,OOS
WWD,2013-11-12,post,long,IS
WWD,2014-01-21,post,short,IS
WWD,2014-04-22,post,long,IS
WWD,2014-07-21,post,long,IS
WWD,2015-01-20,post,long,IS
WWD,2015-07-20,post,short,IS
WWD,2017-01-23,post,long,OOS
WWD,2017-04-19,post,short,OOS
WWD,2017-07-24,post,long,OOS
WWD,2018-01-22,post,short,OOS
WWD,2018-04-23,post,long,OOS
WWD,2018-07-30,post,long,OOS
WWD,2019-01-28,post,long,OOS
WWD,2019-04-29,post,long,OOS
WWE,2018-02-08,pre,long,OOS
WWE,2019-02-07,pre,long,OOS
WWE,2019-04-25,pre,short,OOS
WWE,2019-07-25,pre,long,OOS
WWW,2013-04-16,pre,long,IS
WWW,2013-07-09,pre,long,IS
WWW,2014-04-29,pre,long,IS
WWW,2016-05-03,pre,long,IS
WWW,2017-05-10,pre,long,OOS
WWW,2018-05-09,pre,long,OOS
WY,2013-10-25,pre,long,IS
WY,2014-08-01,pre,long,IS
WY,2017-04-28,pre,long,OOS
WY,2018-02-02,pre,short,OOS
WY,2018-10-26,pre,short,OOS
WYND,2019-05-01,pre,long,OOS
WYND,2019-07-30,pre,long,OOS
WYNN,2012-10-24,post,long,IS
WYNN,2014-10-28,post,long,IS
WYNN,2015-04-28,post,short,IS
WYNN,2016-11-02,post,short,IS
WYNN,2017-04-25,post,long,OOS
WYNN,2018-01-22,pre,long,OOS
WYNN,2018-08-01,post,short,OOS
WYNN,2018-11-07,post,short,OOS
X,2014-07-29,post,long,IS
X,2014-10-28,post,long,IS
X,2015-01-27,post,long,IS
X,2015-04-28,post,short,IS
X,2015-11-03,post,short,IS
X,2016-07-26,post,long,IS
X,2016-11-01,post,short,IS
X,2017-04-25,post,short,OOS
X,2017-07-25,post,long,OOS
X,2017-10-31,post,long,OOS
X,2019-01-30,post,short,OOS
X,2019-05-02,post,long,OOS
XEC,2013-02-19,pre,long,IS
XEC,2013-11-06,pre,long,IS
XEC,2017-05-10,pre,long,OOS
XEC,2018-08-07,post,short,OOS
XEC,2018-11-06,post,long,OOS
XEL,2018-02-07,pre,short,OOS
XEL,2018-07-26,pre,long,OOS
XEL,2018-10-25,pre,short,OOS
XLNX,2013-07-17,post,long,IS
XLNX,2013-10-16,post,short,IS
XLNX,2014-04-23,post,short,IS
XLNX,2014-10-16,post,long,IS
XLNX,2015-10-14,post,long,IS
XLNX,2017-01-25,post,long,OOS
XLNX,2017-04-26,post,long,OOS
XLNX,2018-07-25,post,long,OOS
XLNX,2018-10-24,post,long,OOS
XLNX,2019-01-23,post,long,OOS
XLNX,2020-07-30,post,short,OOS
XOG,2017-11-07,post,short,OOS
XOM,2013-08-01,pre,short,IS
XOM,2015-07-31,pre,short,IS
XOM,2016-07-29,pre,short,IS
XOM,2017-04-28,pre,long,OOS
XOM,2017-07-28,pre,short,OOS
XOM,2018-02-02,pre,short,OOS
XOM,2018-04-27,pre,short,OOS
XOM,2018-07-27,pre,short,OOS
XOM,2019-02-01,pre,long,OOS
XOM,2019-04-26,pre,short,OOS
XON,2015-03-02,post,long,IS
XON,2015-08-10,post,short,IS
XON,2018-08-09,post,short,OOS
XONE,2013-05-14,post,short,IS
XONE,2013-08-13,post,short,IS
XONE,2014-03-19,post,short,IS
XONE,2014-05-14,post,short,IS
XONE,2014-08-13,post,short,IS
XPO,2014-07-29,post,long,IS
XPO,2016-08-03,post,long,IS
XPO,2016-11-02,post,long,IS
XPO,2017-02-21,post,long,OOS
XPO,2017-05-03,post,long,OOS
XPO,2019-02-14,post,short,OOS
XPO,2019-08-01,post,long,OOS
XRAY,2012-10-25,pre,long,IS
XRAY,2013-05-09,pre,short,IS
XRAY,2016-05-06,pre,long,IS
XRAY,2017-05-09,pre,short,OOS
XRAY,2017-08-09,pre,short,OOS
XRAY,2017-11-03,pre,long,OOS
XRAY,2019-03-01,pre,long,OOS
XRAY,2019-05-03,pre,long,OOS
XRX,2016-04-25,pre,short,IS
XRX,2016-07-29,pre,long,IS
XRX,2017-08-01,pre,long,OOS
XRX,2018-01-31,pre,long,OOS
XRX,2019-10-28,post,long,OOS
XRX,2019-10-29,pre,long,OOS
XRX,2020-01-28,pre,long,OOS
XYL,2013-07-30,pre,short,IS
XYL,2013-10-29,pre,long,IS
XYL,2014-02-04,pre,long,IS
XYL,2014-04-29,pre,long,IS
XYL,2014-07-29,pre,long,IS
XYL,2017-08-01,pre,long,OOS
XYL,2018-07-31,pre,long,OOS
XYL,2019-05-02,pre,short,OOS
Y,2018-11-01,post,short,OOS
Y,2019-02-20,post,long,OOS
YELP,2013-02-06,post,short,IS
YELP,2013-07-31,post,long,IS
YELP,2013-10-29,post,short,IS
YELP,2014-04-30,post,long,IS
YELP,2015-04-29,post,short,IS
YELP,2015-07-28,post,short,IS
YELP,2016-08-09,post,long,IS
YELP,2016-11-02,pre,long,IS
YELP,2017-08-03,post,long,OOS
YELP,2018-08-08,post,long,OOS
YELP,2019-08-08,post,long,OOS
YELP,2020-02-13,post,short,OOS
YETI,2019-02-14,pre,long,OOS
YEXT,2019-12-05,post,short,OOS
YEXT,2020-03-03,post,long,OOS
YNDX,2013-04-25,pre,long,IS
YNDX,2013-07-25,pre,long,IS
YNDX,2014-07-29,pre,long,IS
YNDX,2015-02-18,pre,long,IS
YNDX,2015-04-28,pre,short,IS
YNDX,2016-04-28,pre,long,IS
YNDX,2016-07-28,pre,long,IS
YNDX,2016-10-27,pre,long,IS
YRCW,2013-08-07,pre,short,IS
YRCW,2014-02-27,pre,long,IS
YRCW,2014-05-01,pre,short,IS
YRCW,2014-07-31,post,short,IS
YRCW,2015-02-05,post,long,IS
YRCW,2016-02-04,post,short,IS
YRD,2016-08-09,post,long,IS
YRD,2016-11-15,post,long,IS
YRD,2017-08-01,pre,short,OOS
YRD,2018-05-24,post,long,OOS
YUM,2012-10-09,post,long,IS
YUM,2013-04-23,post,long,IS
YUM,2013-10-08,post,short,IS
YUM,2014-02-03,post,long,IS
YUM,2014-04-22,post,long,IS
YUM,2015-04-21,post,long,IS
YUM,2015-10-06,post,short,IS
YUM,2016-04-20,post,long,IS
YUM,2016-07-13,post,long,IS
YUM,2017-05-03,pre,long,OOS
YUM,2017-11-02,pre,long,OOS
YUM,2018-10-31,pre,long,OOS
YUM,2019-02-07,pre,short,OOS
YUM,2019-08-01,pre,long,OOS
YUMC,2017-04-05,post,long,OOS
YUMC,2019-01-31,post,long,OOS
YUMC,2019-04-29,post,long,OOS
YUMC,2019-07-30,post,long,OOS
YY,2015-03-05,post,long,IS
YY,2015-05-11,post,short,IS
YY,2015-11-23,post,short,IS
YY,2017-03-14,pre,long,OOS
Z,2016-08-04,post,short,IS
Z,2017-05-04,post,long,OOS
ZAGG,2017-11-01,post,long,OOS
ZAYO,2015-11-10,pre,short,IS
ZAYO,2016-02-12,pre,short,IS
ZAYO,2018-02-07,post,long,OOS
ZAYO,2018-05-03,post,short,OOS
ZAYO,2018-11-07,post,short,OOS
ZAYO,2019-08-21,post,long,OOS
ZBH,2014-04-24,pre,long,IS
ZBH,2015-10-29,pre,long,IS
ZBH,2016-07-28,pre,long,IS
ZBH,2017-11-01,pre,short,OOS
ZBH,2018-07-27,pre,long,OOS
ZBH,2019-07-26,pre,long,OOS
ZBRA,2014-02-19,pre,long,IS
ZBRA,2015-05-13,pre,long,IS
ZBRA,2015-08-11,pre,short,IS
ZBRA,2016-05-10,pre,short,IS
ZBRA,2016-08-09,pre,long,IS
ZBRA,2017-02-23,pre,long,OOS
ZBRA,2017-05-09,pre,long,OOS
ZBRA,2018-02-22,pre,long,OOS
ZBRA,2018-05-08,pre,long,OOS
ZBRA,2018-08-07,pre,long,OOS
ZBRA,2018-11-06,pre,long,OOS
ZBRA,2020-02-13,pre,short,OOS
ZBRA,2021-02-11,pre,long,OOS
ZEN,2015-08-04,post,long,IS
ZEN,2016-05-03,post,long,IS
ZEN,2017-02-08,post,long,OOS
ZEN,2017-08-03,post,long,OOS
ZEN,2017-11-01,post,long,OOS
ZEN,2018-02-06,post,long,OOS
ZEN,2018-05-01,post,long,OOS
ZEN,2018-07-31,post,long,OOS
ZEN,2019-02-05,post,long,OOS
ZG,2016-08-04,post,short,IS
ZG,2017-05-04,post,long,OOS
ZG,2019-02-21,post,long,OOS
ZG,2019-05-09,post,long,OOS
ZGNX,2018-11-08,post,short,OOS
ZGNX,2019-11-07,post,short,OOS
ZI,2020-11-09,post,long,OOS
ZI,2021-02-22,post,long,OOS
ZION,2014-04-21,post,short,IS
ZION,2015-01-26,post,short,IS
ZION,2015-07-20,post,long,IS
ZION,2016-04-25,post,short,IS
ZION,2016-07-26,post,long,IS
ZION,2017-07-25,post,long,OOS
ZION,2018-04-23,post,long,OOS
ZION,2018-07-23,post,short,OOS
ZION,2018-10-22,post,long,OOS
ZS,2019-02-28,post,long,OOS
ZTO,2017-02-27,post,short,OOS
ZTS,2013-04-30,pre,long,IS
ZTS,2014-08-05,pre,short,IS
ZTS,2015-05-05,pre,long,IS
ZTS,2015-11-03,pre,long,IS
ZTS,2016-02-16,pre,long,IS
ZTS,2016-08-03,pre,long,IS
ZTS,2016-11-02,pre,long,IS
ZTS,2018-02-15,pre,long,OOS
ZTS,2018-11-01,pre,long,OOS
ZTS,2019-08-06,pre,long,OOS
ZUO,2019-08-28,post,long,OOS
